-8 -8   -8.28919 -9.74594
-8 -8   -9.79583 -8.51177
-8 -8   -9.75997 -9.93275
-8 -8   -9.95783 -8.23194
-8 -8   -9.92627 -8.42632
-8 -8   -7.90349 -8.1421
-8 -8   -7.9814 -7.91286
-8 -8   -7.1426 -7.00395
-8 -8   -8.17265 -6.33709
-8.17673 -6.21112   -9.98649 -6.3132
-8.17673 -6.21112   -7.77976 -7.98945
-8.17673 -6.21112   -8.04017 -6.17247
-8.17673 -6.21112   -7.7888 -6.30119
-8.17673 -6.21112   -8.13158 -6.17074
-9.98649 -6.3132   -9.59412 -5.20189
-9.98649 -6.3132   -8.39822 -9.87545
-9.36963 -6.99128   -9.8628 -6.70326
-9.36963 -6.99128   -9.8467 -7.32261
-9.36963 -6.99128   -6.62655 -7.33769
-9.36963 -6.99128   -9.49336 -9.79092
-9.36963 -6.99128   -8.43639 -6.22255
-9.36963 -6.99128   -8.1066 -6.44118
-9.8628 -6.70326   -9.95515 -6.90124
-8.78355 -7.52048   -9.86875 -6.80494
-8.78355 -7.52048   -9.91318 -6.50965
-8.78355 -7.52048   -9.9587 -5.85225
-8.78355 -7.52048   -7.13212 -9.10254
-8.78355 -7.52048   -9.99577 -4.70549
-8.78355 -7.52048   -9.86613 -8.25018
-8.78355 -7.52048   -7.47828 -7.08801
-8.78355 -7.52048   -8.19129 -7.14965
-8.78355 -7.52048   -7.02511 -8.494
-8.78355 -7.52048   -8.13299 -6.39095
-8.17265 -6.33709   -9.90127 -6.74593
-8.17265 -6.33709   -9.89566 -6.86637
-8.17265 -6.33709   -9.87145 -5.28872
-8.17265 -6.33709   -9.88675 -4.89086
-8.17265 -6.33709   -9.90449 -7.78838
-8.17265 -6.33709   -9.96311 -7.82243
-8.17265 -6.33709   -6.86735 -8.25848
-8.17265 -6.33709   -8.42834 -5.91398
-8.17265 -6.33709   -7.83274 -6.19623
-8.17265 -6.33709   -8.518 -5.84178
-9.90127 -6.74593   -9.99954 -9.07053
-9.89566 -6.86637   -7.72429 -6.70982
-6.75644 -7.91477   -9.9727 -6.83244
-6.75644 -7.91477   -7.99002 -9.91023
-6.75644 -7.91477   -7.29272 -8.20624
-6.75644 -7.91477   -6.63616 -7.76932
-6.75644 -7.91477   -7.22381 -6.63494
-8.70119 -6.17038   -9.94304 -6.57769
-8.70119 -6.17038   -9.94599 -7.3423
-8.70119 -6.17038   -6.73 -7.89165
-8.70119 -6.17038   -8.69756 -6.25873
-6.81122 -9.07496   -9.9509 -6.67365
-6.81122 -9.07496   -9.7329 -7.11281
-6.81122 -9.07496   -9.94937 -5.32809
-6.81122 -9.07496   -6.76168 -9.2053
-6.81122 -9.07496   -9.99144 -8.00783
-6.81122 -9.07496   -9.96326 -7.50036
-6.81122 -9.07496   -7.91485 -6.68523
-7.22381 -6.63494   -9.91162 -6.5098
-7.22381 -6.63494   -7.05375 -6.50352
-7.22381 -6.63494   -9.69616 -7.57457
-7.83274 -6.19623   -9.88543 -6.92794
-7.83274 -6.19623   -6.694 -9.87577
-7.83274 -6.19623   -8.69296 -8.97952
-7.83274 -6.19623   -6.23783 -7.1429
-7.83274 -6.19623   -6.3095 -7.24311
-7.83274 -6.19623   -9.97599 -7.69023
-7.83274 -6.19623   -9.98786 -7.57894
-7.83274 -6.19623   -9.64895 -9.91532
-7.83274 -6.19623   -9.92704 -9.03345
-7.83274 -6.19623   -9.98866 -8.37892
-7.83274 -6.19623   -9.89708 -8.73109
-7.83274 -6.19623   -7.633 -7.67719
-7.83274 -6.19623   -6.79765 -7.33111
-7.83274 -6.19623   -7.59778 -7.25217
-7.83274 -6.19623   -6.68215 -7.87302
-7.83274 -6.19623   -7.76195 -6.47229
-7.83274 -6.19623   -8.1614 -6.78926
-7.83274 -6.19623   -7.99979 -6.24567
-7.83274 -6.19623   -7.94824 -6.13644
-7.83274 -6.19623   -7.92867 -6.16119
-7.83274 -6.19623   -8.70119 -6.17038
-9.88543 -6.92794   -7.04304 -9.92553
-8.15179 -6.86664   -9.92614 -7.05191
-8.15179 -6.86664   -9.8912 -5.50112
-8.15179 -6.86664   -8.4731 -9.90122
-8.15179 -6.86664   -9.46856 -7.83869
-8.15179 -6.86664   -8.00617 -6.77361
-6.67488 -7.8891   -9.94264 -6.48341
-6.67488 -7.8891   -9.88902 -7.3966
-6.67488 -7.8891   -8.54377 -9.97241
-6.67488 -7.8891   -6.93375 -6.52828
-6.67488 -7.8891   -9.65171 -7.78486
-6.67488 -7.8891   -9.45356 -8.20733
-6.67488 -7.8891   -8.127 -7.42349
-6.67488 -7.8891   -8.34794 -6.33309
-6.67488 -7.8891   -8.24866 -6.30406
-6.67488 -7.8891   -8.15005 -6.40491
-9.7329 -7.11281   -9.93809 -7.07549
-9.7329 -7.11281   -9.9879 -6.76924
-9.7329 -7.11281   -9.26933 -9.88192
-9.7329 -7.11281   -9.97309 -8.66606
-9.7329 -7.11281   -9.02514 -6.35566
-6.0902 -7.11881   -9.9375 -6.63925
-6.0902 -7.11881   -9.93612 -6.35225
-6.0902 -7.11881   -6.12633 -7.05754
-6.0902 -7.11881   -6.21057 -7.21659
-6.0902 -7.11881   -6.04403 -7.09508
-6.0902 -7.11881   -7.04659 -6.48724
-6.0902 -7.11881   -6.60991 -6.32535
-6.0902 -7.11881   -6.67796 -6.4006
-6.0902 -7.11881   -5.76407 -6.41939
-6.0902 -7.11881   -5.78256 -6.55109
-6.0902 -7.11881   -6.26129 -6.30205
-6.0902 -7.11881   -6.16328 -6.39677
-6.0902 -7.11881   -6.34932 -6.43432
-6.0902 -7.11881   -5.90897 -6.12992
-6.0902 -7.11881   -9.88271 -9.0265
-6.0902 -7.11881   -9.91495 -8.64123
-6.0902 -7.11881   -7.78184 -7.89399
-6.0902 -7.11881   -6.68701 -7.54918
-8.518 -5.84178   -9.89359 -6.68744
-8.518 -5.84178   -9.87298 -6.68089
-8.518 -5.84178   -9.99326 -5.87534
-8.518 -5.84178   -9.95997 -5.48584
-8.518 -5.84178   -9.88843 -5.61671
-8.518 -5.84178   -9.61947 -5.45163
-8.518 -5.84178   -9.21242 -5.9495
-8.518 -5.84178   -9.81855 -5.90224
-8.518 -5.84178   -6.49912 -7.54861
-8.518 -5.84178   -9.9169 -4.85088
-8.518 -5.84178   -9.98373 -7.99991
-8.518 -5.84178   -9.90922 -7.96486
-8.518 -5.84178   -6.75644 -7.91477
-8.518 -5.84178   -7.07182 -7.3382
-8.518 -5.84178   -6.75796 -7.66365
-8.518 -5.84178   -7.19473 -7.81872
-8.518 -5.84178   -8.78355 -7.52048
-8.518 -5.84178   -7.1009 -8.81268
-8.518 -5.84178   -6.90775 -8.33063
-8.518 -5.84178   -6.94369 -8.19982
-8.518 -5.84178   -8.17673 -6.21112
-8.518 -5.84178   -8.25034 -6.82796
-8.518 -5.84178   -8.59376 -5.80958
-8.518 -5.84178   -8.87503 -6.10142
-7.94824 -6.13644   -9.99718 -7.01714
-7.94824 -6.13644   -9.86517 -6.45041
-7.94824 -6.13644   -9.53847 -6.96032
-7.94824 -6.13644   -8.96056 -8.91529
-7.94824 -6.13644   -9.99371 -8.16632
-7.94824 -6.13644   -9.87197 -9.05357
-7.94824 -6.13644   -7.90199 -8.40442
-7.94824 -6.13644   -6.6247 -7.72344
-7.94824 -6.13644   -7.09737 -7.1135
-7.94824 -6.13644   -6.92614 -8.40385
-7.94824 -6.13644   -7.64714 -6.96164
-9.25806 -5.81098   -9.92444 -6.44177
-9.25806 -5.81098   -7.20559 -9.68498
-9.25806 -5.81098   -9.08328 -5.9369
-8.97695 -7.32822   -9.84905 -6.48325
-8.97695 -7.32822   -6.52872 -7.18057
-8.97695 -7.32822   -9.98189 -7.44772
-7.97641 -8.86807   -9.9928 -6.92288
-7.97641 -8.86807   -9.90162 -6.25055
-7.97641 -8.86807   -9.93288 -4.47328
-7.97641 -8.86807   -7.01062 -8.17625
-7.97641 -8.86807   -7.22767 -8.43055
-7.97641 -8.86807   -8.30474 -6.48464
-9.0064 -5.64896   -9.57418 -6.78695
-9.0064 -5.64896   -9.94969 -5.32407
-9.57418 -6.78695   -9.88459 -6.60091
-9.57418 -6.78695   -8.08136 -6.29899
-7.75707 -7.46135   -9.93245 -6.98269
-7.75707 -7.46135   -7.82782 -6.61845
-9.18662 -6.93351   -9.93623 -6.52267
-9.19154 -6.25297   -9.9649 -6.53281
-6.71899 -8.04282   -9.71864 -6.74812
-9.30812 -7.47049   -9.86925 -7.0625
-9.57055 -6.20131   -9.9636 -6.97054
-8.8578 -7.2018   -9.91096 -6.03043
-8.8578 -7.2018   -9.89802 -6.20365
-8.8578 -7.2018   -7.29688 -9.33022
-8.8578 -7.2018   -7.20569 -7.25811
-8.8578 -7.2018   -8.99352 -6.45868
-9.21242 -5.9495   -9.9773 -6.07343
-9.21242 -5.9495   -9.98395 -7.13356
-9.21242 -5.9495   -8.29671 -9.94779
-9.21242 -5.9495   -6.83663 -6.74689
-9.90162 -6.25055   -9.95918 -6.30783
-9.29214 -8.02182   -9.97057 -6.12687
-9.29214 -8.02182   -9.91043 -7.36899
-9.29214 -8.02182   -7.4422 -9.13317
-9.29214 -8.02182   -8.30434 -9.94989
-9.29214 -8.02182   -9.39575 -7.85258
-9.97057 -6.12687   -8.73484 -9.89826
-7.77976 -7.98945   -9.93048 -6.16581
-7.77976 -7.98945   -6.94828 -6.68996
-7.77976 -7.98945   -9.92202 -8.27798
-8.59376 -5.80958   -9.97854 -6.23825
-8.59376 -5.80958   -9.94059 -7.22451
-8.59376 -5.80958   -9.97454 -5.75383
-8.59376 -5.80958   -9.8731 -5.99932
-8.59376 -5.80958   -8.19432 -9.93424
-8.59376 -5.80958   -9.28589 -8.40448
-8.59376 -5.80958   -9.29214 -8.02182
-8.59376 -5.80958   -9.9979 -8.51194
-8.59376 -5.80958   -7.09388 -8.17959
-8.59376 -5.80958   -6.73322 -7.56304
-8.59376 -5.80958   -6.67509 -7.64244
-8.59376 -5.80958   -6.78619 -7.77676
-8.59376 -5.80958   -8.12798 -7.30415
-8.59376 -5.80958   -7.31067 -8.88831
-8.59376 -5.80958   -8.49839 -5.87904
-8.59376 -5.80958   -9.0064 -5.64896
-7.90349 -8.1421   -9.9937 -6.25085
-7.90349 -8.1421   -6.58522 -9.83307
-7.90349 -8.1421   -8.65321 -9.94325
-7.90349 -8.1421   -9.43663 -8.65287
-7.90349 -8.1421   -7.95823 -8.07721
-7.90349 -8.1421   -6.67488 -7.8891
-7.90349 -8.1421   -6.99268 -8.04561
-7.48219 -7.5514   -9.91536 -6.14415
-7.48219 -7.5514   -9.9075 -9.23634
-7.48219 -7.5514   -9.90236 -8.92152
-7.48219 -7.5514   -6.95395 -7.48432
-7.48219 -7.5514   -7.06491 -7.66388
-7.48219 -7.5514   -7.26272 -7.54139
-7.48219 -7.5514   -7.25734 -6.93373
-7.48219 -7.5514   -7.28282 -6.863
-9.46591 -6.54971   -9.85756 -6.36476
-9.46591 -6.54971   -9.17804 -6.14316
-9.46591 -6.54971   -9.56904 -5.74403
-9.46591 -6.54971   -9.97716 -9.10892
-9.46591 -6.54971   -8.88044 -6.39751
-8.6566 -7.23868   -9.9876 -6.12029
-8.6566 -7.23868   -7.74878 -8.01231
-8.6566 -7.23868   -7.0647 -7.93943
-8.6566 -7.23868   -7.65513 -6.60706
-9.84039 -6.01144   -9.92436 -6.0752
-9.84039 -6.01144   -9.99464 -6.32978
-9.84039 -6.01144   -9.95131 -5.86489
-9.84039 -6.01144   -9.91922 -8.9006
-7.65513 -6.60706   -9.9719 -6.34949
-9.94599 -7.3423   -7.12292 -8.23464
-6.5507 -9.88698   -9.91691 -7.19881
-6.5507 -9.88698   -6.64729 -9.99357
-6.5507 -9.88698   -6.67204 -9.7057
-6.5507 -9.88698   -6.65148 -9.98508
-6.5507 -9.88698   -6.53006 -9.98576
-6.5507 -9.88698   -6.58529 -9.97863
-6.5507 -9.88698   -6.66222 -9.94848
-6.5507 -9.88698   -6.61551 -9.9474
-6.5507 -9.88698   -7.00705 -9.99921
-6.5507 -9.88698   -9.95523 -8.73355
-8.12798 -7.30415   -9.96824 -7.2615
-8.12798 -7.30415   -7.0499 -8.16479
-8.12798 -7.30415   -8.27613 -6.51367
-7.69301 -9.37662   -9.89521 -7.31753
-7.69301 -9.37662   -8.44869 -9.97965
-7.69301 -9.37662   -7.37889 -8.49935
-9.8467 -7.32261   -9.9958 -7.27676
-7.80406 -9.93552   -9.91073 -7.36586
-9.12206 -5.52991   -9.98608 -7.12128
-9.12206 -5.52991   -9.98823 -4.42777
-9.12206 -5.52991   -9.93139 -4.98116
-9.12206 -5.52991   -9.54894 -7.95583
-9.12206 -5.52991   -9.03215 -5.60611
-9.86443 -7.64496   -9.98661 -7.31201
-9.86443 -7.64496   -8.33235 -9.95563
-7.44175 -9.03326   -9.75984 -7.29263
-7.44175 -9.03326   -6.61844 -9.99815
-7.37105 -6.30061   -9.96071 -7.37935
-7.37105 -6.30061   -7.82554 -9.97236
-7.37105 -6.30061   -6.40146 -7.18739
-7.37105 -6.30061   -5.7026 -6.23134
-7.37105 -6.30061   -9.9321 -9.01187
-7.37105 -6.30061   -8.45343 -7.77254
-7.37105 -6.30061   -7.6865 -8.25797
-7.37105 -6.30061   -7.92204 -8.66476
-7.37105 -6.30061   -6.69493 -7.61427
-7.37105 -6.30061   -7.50759 -6.38825
-7.37105 -6.30061   -7.54579 -6.60331
-9.39163 -4.93491   -9.98266 -7.15737
-9.39163 -4.93491   -9.86447 -5.25609
-9.39163 -4.93491   -9.38757 -4.92894
-9.99326 -5.87534   -9.44289 -6.4534
-9.44289 -6.4534   -9.96533 -5.94387
-9.44289 -6.4534   -9.98501 -8.53061
-9.44289 -6.4534   -6.94729 -7.94452
-9.44289 -6.4534   -9.12206 -5.52991
-9.17957 -7.13426   -9.46591 -6.54971
-9.17957 -7.13426   -9.98543 -5.79074
-9.17957 -7.13426   -9.92755 -5.35575
-9.17957 -7.13426   -9.92443 -7.82702
-9.17957 -7.13426   -7.43393 -8.19024
-9.17957 -7.13426   -8.8578 -7.2018
-9.43757 -4.7592   -9.76341 -6.45417
-9.43757 -4.7592   -9.57219 -5.91499
-9.43757 -4.7592   -9.5708 -5.9233
-9.43757 -4.7592   -9.96778 -4.27933
-9.43757 -4.7592   -9.96562 -4.73463
-9.43757 -4.7592   -9.9975 -4.40841
-9.43757 -4.7592   -9.89329 -4.19774
-9.43757 -4.7592   -9.9411 -4.59847
-9.43757 -4.7592   -9.97981 -4.40975
-9.43757 -4.7592   -9.9828 -3.15866
-9.43757 -4.7592   -9.422 -4.80549
-9.43757 -4.7592   -9.83328 -4.85111
-9.43757 -4.7592   -8.86252 -7.60917
-9.76341 -6.45417   -9.96436 -5.91263
-9.8912 -5.50112   -9.79267 -5.14371
-9.8912 -5.50112   -9.76715 -5.47126
-9.79267 -5.14371   -9.98208 -5.03332
-9.87145 -5.28872   -9.34974 -5.68808
-9.87145 -5.28872   -9.4875 -0.829146
-9.87145 -5.28872   -9.44744 -4.86818
-9.87145 -5.28872   -6.98796 -8.80766
-9.87145 -5.28872   -9.07727 -5.61236
-9.59412 -5.20189   -9.64482 -5.85601
-9.59412 -5.20189   -9.99163 -4.92664
-9.76715 -5.47126   -9.95212 -5.5872
-9.76715 -5.47126   -9.73212 -9.92268
-9.76715 -5.47126   -9.75085 -8.84098
-9.88675 -4.89086   -9.99107 -5.3516
-9.88675 -4.89086   -9.9947 -3.95744
-9.88675 -4.89086   -9.65398 -9.94922
-9.88843 -5.61671   -9.99564 -5.70693
-6.76979 -8.17141   -9.97527 -5.59561
-6.76979 -8.17141   -6.78651 -8.34435
-7.642 -9.7531   -9.64925 -5.24796
-7.642 -9.7531   -7.88889 -9.97958
-9.64925 -5.24796   -9.97813 -5.398
-9.64925 -5.24796   -9.99494 -4.18698
-9.28589 -8.40448   -9.52959 -5.41125
-9.28589 -8.40448   -9.25806 -5.81098
-9.28589 -8.40448   -8.95816 -9.81391
-9.28589 -8.40448   -7.08729 -6.71
-9.28589 -8.40448   -5.93488 -6.51001
-9.28589 -8.40448   -9.89402 -7.97243
-9.28589 -8.40448   -9.25296 -7.4495
-9.28589 -8.40448   -9.82928 -8.3291
-9.28589 -8.40448   -9.8862 -9.04777
-9.28589 -8.40448   -9.99287 -9.1025
-9.52959 -5.41125   -9.9033 -5.61956
-9.52959 -5.41125   -9.86896 -5.15736
-9.52959 -5.41125   -9.45587 -5.44347
-7.37478 -9.16127   -9.94492 -5.7939
-7.37478 -9.16127   -6.66638 -6.71776
-7.37478 -9.16127   -8.05784 -7.53885
-8.61698 -5.93212   -9.90754 -5.51809
-6.79765 -7.33111   -9.96588 -5.47293
-7.29272 -8.20624   -9.87482 -5.69588
-9.81855 -5.90224   -9.92115 -5.76338
-9.92115 -5.76338   -8.7629 -5.88656
-9.86014 -9.25981   -9.61968 -5.26428
-9.34974 -5.68808   -9.3744 -5.13903
-9.3744 -5.13903   -9.91518 -9.87407
-9.64482 -5.85601   -9.66414 -5.18307
-9.64482 -5.85601   -9.38723 -5.6717
-8.13158 -6.17074   -9.91954 -5.65734
-9.47212 -8.54494   -9.73377 -5.42045
-9.47212 -8.54494   -8.47157 -6.65942
-9.73377 -5.42045   -9.95222 -5.80962
-8.45683 -7.57872   -9.96777 -5.2772
-8.45683 -7.57872   -9.62487 -7.43504
-8.45683 -7.57872   -6.79707 -7.78677
-8.45683 -7.57872   -7.73999 -6.44814
-8.45683 -7.57872   -7.83609 -6.3467
-6.78308 -8.55575   -9.84036 -5.17699
-6.78308 -8.55575   -9.82376 -5.95419
-6.78308 -8.55575   -9.07439 -9.9617
-6.78308 -8.55575   -7.21239 -9.09846
-6.78308 -8.55575   -8.02097 -9.8925
-6.78308 -8.55575   -9.25801 -9.4523
-6.78308 -8.55575   -9.85149 -9.85215
-6.78308 -8.55575   -6.83369 -8.5624
-6.78308 -8.55575   -6.8044 -8.57242
-9.4349 -5.83295   -9.57722 -5.51916
-9.4349 -5.83295   -9.96145 -4.84634
-8.19129 -7.14965   -9.91547 -5.29594
-8.19129 -7.14965   -6.7096 -9.598
-9.6226 -3.94246   -9.98371 -5.15796
-9.6226 -3.94246   -9.93758 -2.55913
-9.6226 -3.94246   -8.37523 3.39369
-9.6226 -3.94246   -9.9225 -3.84857
-9.6226 -3.94246   -9.99022 -4.13918
-9.6226 -3.94246   -9.91959 -4.33369
-9.6226 -3.94246   -9.98842 -4.65541
-9.6226 -3.94246   -9.81269 -3.96993
-9.6226 -3.94246   -9.9838 -3.98833
-9.6226 -3.94246   -9.94206 -3.47373
-9.25801 -9.4523   -9.9867 -5.70693
-8.42834 -5.91398   -9.9299 -5.18079
-8.42834 -5.91398   -9.81801 -5.01402
-8.42834 -5.91398   -9.90732 -8.75269
-8.42834 -5.91398   -6.71899 -8.04282
-8.42834 -5.91398   -8.05797 -6.47678
-6.76168 -9.2053   -9.84039 -6.01144
-6.76168 -9.2053   -6.72979 -9.90355
-6.76168 -9.2053   -7.14019 -9.93201
-6.76168 -9.2053   -7.26483 -9.95109
-6.76168 -9.2053   -7.91079 -9.96335
-6.76168 -9.2053   -7.88583 -9.92271
-6.76168 -9.2053   -7.56786 -9.98323
-6.76168 -9.2053   -8.73043 -8.86136
-6.76168 -9.2053   -9.91711 -9.30602
-9.69616 -7.57457   -9.49007 -5.68831
-9.69616 -7.57457   -9.86443 -7.64496
-9.69616 -7.57457   -6.85805 -7.18572
-9.44744 -4.86818   -9.38671 -6.21995
-9.44744 -4.86818   -9.9945 -5.03952
-9.44744 -4.86818   -9.43757 -4.7592
-9.44744 -4.86818   -9.39163 -4.93491
-9.44744 -4.86818   -8.48921 -8.30547
-9.38671 -6.21995   -9.57055 -6.20131
-9.38671 -6.21995   -6.39752 -7.05607
-9.06822 -7.93469   -9.19154 -6.25297
-9.06822 -7.93469   -8.9516 -7.77054
-9.06822 -7.93469   -9.78241 -9.87176
-9.06822 -7.93469   -9.90111 -8.5794
-9.06822 -7.93469   -9.91263 -8.87092
-9.06822 -7.93469   -7.23645 -8.0788
-9.06822 -7.93469   -7.06418 -7.41308
-9.06822 -7.93469   -8.53813 -7.43328
-9.57219 -5.91499   -9.82765 -9.04467
-9.17804 -6.14316   -9.21007 -6.09503
-9.21596 -9.04227   -9.4349 -5.83295
-9.21596 -9.04227   -9.91043 -8.30951
-9.21596 -9.04227   -9.86237 -9.11681
-9.21596 -9.04227   -7.23864 -8.16281
-7.37298 -8.15764   -9.94234 -5.8903
-9.2158 -7.41458   -9.17957 -7.13426
-9.2158 -7.41458   -6.5057 -6.77941
-9.2158 -7.41458   -9.96384 -7.46318
-9.2158 -7.41458   -9.85259 -7.87431
-9.2158 -7.41458   -9.98296 -8.07795
-9.2158 -7.41458   -9.06315 -6.19229
-8.06506 -8.98358   -9.62699 -7.34504
-8.06506 -8.98358   -7.10161 -9.13907
-8.06506 -8.98358   -9.25045 -9.95804
-8.06506 -8.98358   -7.37478 -9.16127
-8.06506 -8.98358   -7.70995 -9.86713
-8.06506 -8.98358   -9.99429 -7.52644
-8.06506 -8.98358   -8.62829 -8.71603
-9.62699 -7.34504   -6.99248 -9.97623
-9.62699 -7.34504   -9.22731 -7.48366
-9.62699 -7.34504   -9.96399 -7.47818
-9.62699 -7.34504   -9.96229 -9.88421
-9.62699 -7.34504   -8.74026 -6.39106
-7.58348 -6.33543   -9.36963 -6.99128
-7.58348 -6.33543   -8.27962 -9.98927
-7.58348 -6.33543   -7.46116 -9.86064
-7.58348 -6.33543   -6.47416 -7.52317
-7.58348 -6.33543   -5.73816 -6.27609
-7.58348 -6.33543   -9.95457 -9.15769
-7.58348 -6.33543   -7.75707 -7.46135
-7.58348 -6.33543   -7.37105 -6.30061
-7.58348 -6.33543   -7.65432 -6.46934
-7.58348 -6.33543   -7.13964 -6.76495
-8.9705 -9.19876   -9.18662 -6.93351
-8.9705 -9.19876   -9.45575 -9.90157
-8.9705 -9.19876   -9.93286 -9.11402
-8.9705 -9.19876   -9.80871 -8.55772
-8.9705 -9.19876   -9.94048 -8.95177
-9.34385 -1.60442   -9.98753 -1.20866
-9.34385 -1.60442   -9.9143 -2.18037
-9.34385 -1.60442   -9.8919 -1.95091
-9.34385 -1.60442   -9.97336 -2.01461
-9.34385 -1.60442   -9.97255 -1.71541
-9.34385 -1.60442   -9.95305 -1.76264
-9.34385 -1.60442   -9.84138 -1.71846
-9.34385 -1.60442   -9.90746 -1.72354
-9.34385 -1.60442   -8.6825 -2.09341
-9.34385 -1.60442   -9.15918 -1.43554
-9.34385 -1.60442   -7.54041 -0.687592
-9.34385 -1.60442   -8.78146 2.45189
-9.34385 -1.60442   -6.61579 1.80455
-9.34385 -1.60442   -9.98639 -4.28991
-9.34385 -1.60442   -9.50038 -3.11493
-9.98753 -1.20866   -6.43668 1.61
-7.43589 7.22612   -7.13724 7.78511
-7.43589 7.22612   -9.91835 4.5931
-7.43589 7.22612   -6.76364 7.91531
-7.13724 7.78511   -9.98341 7.50391
-7.13724 7.78511   -6.29179 9.93755
-7.13724 7.78511   -7.15869 9.48549
0.787547 5.57801   -2.46842 8.39297
0.787547 5.57801   -3.18815 9.79044
0.787547 5.57801   -5.59286 8.80472
0.787547 5.57801   0.943321 9.90642
0.787547 5.57801   2.28778 8.49377
0.787547 5.57801   -1.89408 6.95154
0.787547 5.57801   0.357291 7.4675
0.787547 5.57801   -0.172059 7.37305
0.787547 5.57801   -0.14044 7.05157
0.787547 5.57801   0.947534 6.7183
0.787547 5.57801   -0.349683 3.41122
0.787547 5.57801   -2.14739 6.01287
0.787547 5.57801   0.677238 4.60629
0.787547 5.57801   -1.32883 2.80684
0.787547 5.57801   -1.83842 3.47775
0.787547 5.57801   4.34409 0.673576
0.787547 5.57801   2.78302 1.58697
-2.46842 8.39297   -3.62987 9.96342
-2.46842 8.39297   -2.30562 8.68445
-2.46842 8.39297   1.14993 9.65013
-2.46842 8.39297   -0.216959 9.96131
-2.46842 8.39297   -0.917254 9.98004
-2.46842 8.39297   -0.819781 9.86245
-2.46842 8.39297   1.02836 6.05974
-2.46842 8.39297   -7.50037 2.68303
-0.76729 9.87441   -1.85056 9.79304
-5.95792 6.79551   -3.38696 9.90103
-5.95792 6.79551   -4.48688 9.99223
-5.95792 6.79551   -5.77292 6.80294
-5.95792 6.79551   -4.83285 5.5114
-5.95792 6.79551   -5.13937 4.74946
-3.62036 9.62414   -3.26562 9.93556
-3.18815 9.79044   -2.83496 9.95687
-3.18815 9.79044   -4.1126 9.96801
-1.35669 8.56787   -3.42308 9.915
-1.35669 8.56787   -2.19783 9.66248
-1.35669 8.56787   -2.68771 7.61152
-1.35669 8.56787   0.28161 9.94616
-1.35669 8.56787   -1.0636 9.96053
-1.35669 8.56787   -1.39924 9.11048
-1.35669 8.56787   -0.250312 8.03904
-1.35669 8.56787   -0.585667 5.45198
-2.8341 8.71998   -3.09493 9.91754
-2.8341 8.71998   -1.97624 9.03411
-2.8341 8.71998   -2.60954 9.98006
-2.8341 8.71998   -2.40175 9.86485
-2.8341 8.71998   -3.95271 9.86503
-2.8341 8.71998   -0.817831 4.02761
-3.09493 9.91754   2.16799 5.01658
-1.64561 2.95611   -3.17776 9.90403
-1.64561 2.95611   -0.00520246 3.26023
-1.64561 2.95611   -1.57767 2.84195
-1.64561 2.95611   -1.40332 2.90567
-1.64561 2.95611   -3.44733 4.53126
-4.99376 7.4489   -3.26971 9.98639
-4.99376 7.4489   -4.28954 9.9435
-4.99376 7.4489   -2.49369 6.95391
-4.99376 7.4489   -3.10521 7.44054
-4.99376 7.4489   -9.95069 5.65753
-4.99376 7.4489   -6.31884 9.83831
-4.99376 7.4489   -9.92654 9.1771
-4.99376 7.4489   -5.79747 5.37411
-4.99376 7.4489   2.7423 0.410814
-3.4012 8.18208   -3.17372 9.84097
-3.4012 8.18208   -1.79304 9.96564
-3.4012 8.18208   -3.87496 9.96424
-3.4012 8.18208   -2.50181 8.7998
-3.4012 8.18208   -1.41462 9.27964
-3.4012 8.18208   -0.0100946 6.45964
-0.951692 4.99367   -3.0613 9.9551
-0.951692 4.99367   1.41771 7.77868
-0.951692 4.99367   -0.762195 4.64058
-2.55979 8.99315   -3.36676 9.88515
-2.55979 8.99315   -3.16453 9.8685
-2.55979 8.99315   -3.16173 9.89648
-2.55979 8.99315   -2.66189 9.30815
-2.55979 8.99315   -1.35771 9.56589
-2.55979 8.99315   -1.50977 9.95057
-2.55979 8.99315   -0.00296989 7.34179
-2.55979 8.99315   2.97964 7.79564
-6.82124 7.15651   -3.27058 9.96844
-3.85708 9.31323   -3.13991 9.94378
-3.85708 9.31323   -4.21086 9.9301
-3.85708 9.31323   -4.32969 9.94984
-3.85708 9.31323   -2.59457 7.78335
-3.85708 9.31323   -3.68653 9.91812
-3.85708 9.31323   0.131935 6.94441
1.28675 2.42123   -3.34242 9.9696
1.28675 2.42123   -3.50959 7.89045
1.28675 2.42123   -1.96513 3.39916
1.28675 2.42123   0.0226093 0.479518
1.28675 2.42123   -0.486179 1.66574
-4.57507 6.89473   -3.21747 9.93301
-4.57507 6.89473   -3.39059 6.8633
-4.57507 6.89473   -9.27557 8.0588
-6.68999 6.50243   -3.09241 9.99767
-6.68999 6.50243   -5.58001 5.42614
-4.82424 8.72956   -3.35545 9.99059
-4.82424 8.72956   -3.94831 9.89651
-4.82424 8.72956   -9.99421 4.58053
-4.82424 8.72956   -6.25012 9.07782
-4.82424 8.72956   -7.07365 9.96595
-4.82424 8.72956   1.54987 8.20127
-1.0335 7.26715   -3.36724 9.99655
-1.0335 7.26715   -4.29972 3.83213
-2.891 9.40693   -3.37769 9.89159
-2.891 9.40693   -2.92669 9.98565
-2.891 9.40693   -2.97962 9.98215
-2.891 9.40693   -3.07314 8.56385
-2.891 9.40693   -7.89474 9.64723
-2.80243 9.61938   -3.4111 9.97502
-2.80243 9.61938   -3.04035 9.97902
-2.80243 9.61938   -2.97175 9.69105
-2.80243 9.61938   -2.52025 9.94346
-2.72352 6.24432   -3.23431 9.9071
-2.72352 6.24432   -4.06368 7.5349
-1.62794 8.43345   -3.18463 9.92235
-1.62794 8.43345   -5.95792 6.79551
-1.62794 8.43345   -1.50622 7.14567
-1.62794 8.43345   -0.954736 7.9711
-1.62794 8.43345   0.468799 2.88438
-2.50181 8.7998   -3.2145 9.79067
-2.50181 8.7998   -4.24612 3.67051
-3.2145 9.79067   -3.24848 9.90073
-5.07422 9.61753   -3.32791 9.97025
-1.1811 4.65212   -3.36037 9.99039
-1.1811 4.65212   -1.24302 5.96437
0.360041 7.88965   -3.42191 9.95746
0.360041 7.88965   -6.44914 4.9985
0.360041 7.88965   0.947455 4.08445
-3.50959 7.89045   -3.33974 9.89024
-3.50959 7.89045   -2.57356 9.98983
-4.08095 8.83905   -3.37693 9.81622
-4.08095 8.83905   -0.389059 6.31403
-1.30403 8.20533   -3.41739 9.92911
-3.3554 9.51237   -2.81168 9.97138
-3.3554 9.51237   -1.60381 6.8684
-3.3554 9.51237   -2.00309 3.23656
-2.83496 9.95687   -2.68425 9.98174
-2.83496 9.95687   -2.8341 8.71998
0.750417 6.10436   -2.90838 9.95797
-2.90838 9.95797   -2.891 9.40693
-4.39609 8.9184   -2.84132 9.90906
-4.39609 8.9184   -5.65678 8.53665
-4.39609 8.9184   -4.13122 9.97794
-4.39609 8.9184   -5.28041 9.97302
-4.39609 8.9184   -5.28123 9.95359
-4.39609 8.9184   -4.46972 7.73509
-3.41727 9.05592   -2.94224 9.97811
-3.41727 9.05592   -1.87503 8.69398
-3.41727 9.05592   -2.27944 9.88141
-1.72194 7.92846   -2.88516 9.95727
-1.72194 7.92846   -0.130148 9.9161
-1.72194 7.92846   4.11273 9.71295
-1.72194 7.92846   -4.81739 3.6942
-4.78327 8.51471   -3.0232 9.9236
-4.78327 8.51471   -4.06346 7.4718
-4.78327 8.51471   -3.22343 9.15504
-4.78327 8.51471   -5.64465 6.87908
-2.06341 8.92963   -2.82812 9.94064
-4.99131 7.4464   -2.9745 9.97642
-4.99131 7.4464   -8.84503 8.90227
2.03463 9.25127   -2.86615 9.98523
2.03463 9.25127   -3.42946 7.19281
2.03463 9.25127   -2.62213 5.17164
1.24402 4.00209   -3.63035 9.96686
-1.97624 9.03411   -3.45155 9.93655
-1.97624 9.03411   -4.85815 5.47146
-1.97624 9.03411   -1.31744 3.31829
-3.45155 9.93655   -4.84572 3.775
1.99729 6.36226   -3.49619 9.95197
1.99729 6.36226   2.01872 6.49668
-3.49619 9.95197   -3.47205 9.99262
-2.43274 7.98956   -3.49312 9.88617
-2.43274 7.98956   -2.43919 9.99251
-2.43274 7.98956   -5.74237 6.29512
-2.43274 7.98956   -4.19677 6.55029
-2.43274 7.98956   0.815385 7.55329
-2.43274 7.98956   -8.16878 2.31767
-2.91666 8.15746   -3.56217 9.95144
-2.91666 8.15746   -5.23068 9.99505
-2.91666 8.15746   -8.97875 4.97378
-5.02086 8.56192   -3.56357 9.96124
-0.318006 9.0687   -3.49425 9.99683
-0.318006 9.0687   -0.0016933 9.43813
-0.318006 9.0687   -0.985953 8.86552
-0.318006 9.0687   -3.82079 4.1046
-2.28397 8.16699   -3.4837 9.9924
-2.28397 8.16699   3.00843 7.01119
-2.28397 8.16699   3.9401 8.7395
-2.28397 8.16699   -2.18889 4.04167
-2.28397 8.16699   -3.41455 3.72312
-2.97175 9.69105   -2.81876 6.75816
-2.97175 9.69105   -2.80835 9.03316
-1.77542 5.82166   -2.91748 9.83696
-1.77542 5.82166   0.356656 5.18246
-1.77542 5.82166   3.28236 7.34602
-1.77542 5.82166   -3.40092 3.71633
-1.87503 8.69398   -2.78628 9.92056
-1.87503 8.69398   -2.30548 9.86366
-1.87503 8.69398   -1.16941 9.92073
0.00476425 9.83549   -1.75748 8.97405
0.00476425 9.83549   2.85368 5.87949
0.00476425 9.83549   -0.146321 6.48167
0.00476425 9.83549   -2.12779 5.49191
-1.75748 8.97405   -0.411638 9.9248
-1.75748 8.97405   -3.99687 5.31141
-1.29526 4.31601   -2.24319 8.77134
-1.29526 4.31601   -3.93733 9.89756
-1.29526 4.31601   -4.3161 6.46785
-1.29526 4.31601   0.236279 7.1783
-1.29526 4.31601   1.62998 4.8197
-1.29526 4.31601   -3.00125 3.97642
-2.24319 8.77134   -6.91127 7.72479
-2.24319 8.77134   0.25808 5.42659
-2.24319 8.77134   -1.46613 3.74779
-2.24319 8.77134   -7.02186 1.22778
-4.37974 5.0925   -1.8267 9.00774
-4.37974 5.0925   -3.53684 7.07428
-4.37974 5.0925   -5.93268 9.17011
-4.37974 5.0925   -0.976045 7.20062
-4.37974 5.0925   -2.09212 3.21618
-4.37974 5.0925   -4.39031 3.43137
-4.37974 5.0925   -3.34687 5.06562
-1.8267 9.00774   -1.1507 7.52587
-1.8267 9.00774   -4.45143 3.47635
-1.8267 9.00774   2.57273 4.0944
-2.30562 8.68445   -3.53298 9.16408
-1.8275 7.29093   -2.06341 8.92963
-4.83285 5.5114   -1.96297 8.94997
-4.83285 5.5114   -4.56747 6.93546
-4.83285 5.5114   0.635376 6.04191
-4.83285 5.5114   -2.98622 3.75534
-4.83285 5.5114   -4.27078 3.62109
-4.83285 5.5114   -4.33574 3.65679
-4.83285 5.5114   -4.59027 3.53068
-4.83285 5.5114   -4.46608 3.62113
-4.83285 5.5114   -3.96403 5.08108
-4.83285 5.5114   -5.52073 4.83041
-1.96297 8.94997   0.349585 8.26846
-1.14296 9.27544   -1.54278 9.99995
-1.14296 9.27544   -1.65411 9.98025
-1.14296 9.27544   -3.69332 7.55097
-1.14296 9.27544   -0.534439 8.20056
-1.14296 9.27544   0.425124 5.0569
-1.14296 9.27544   -3.31216 4.2093
-1.54278 9.99995   -3.51687 6.70092
-9.16666 5.18268   -2.02494 9.87429
-9.16666 5.18268   -9.42749 4.5451
-9.16666 5.18268   -9.96013 5.57114
-9.16666 5.18268   -9.95591 5.14037
-9.16666 5.18268   -9.46527 4.99488
-9.16666 5.18268   -7.7652 9.87363
-9.16666 5.18268   -9.67226 -1.50303
-9.16666 5.18268   -0.646756 8.96547
-9.16666 5.18268   -9.98197 2.38158
-9.16666 5.18268   -8.52476 2.46706
-9.16666 5.18268   -6.30563 1.31474
-9.16666 5.18268   -6.52341 1.19609
-9.16666 5.18268   -3.84591 3.37906
-9.16666 5.18268   -3.37143 4.48907
-2.02494 9.87429   -1.35669 8.56787
-0.0178213 8.6646   -1.99063 9.95887
-0.0178213 8.6646   2.13225 9.99944
-0.0178213 8.6646   -0.418112 8.3978
-0.0178213 8.6646   -1.12789 9.83881
-0.0178213 8.6646   -0.383885 5.86367
-0.0178213 8.6646   4.84595 4.8854
-0.0178213 8.6646   3.48037 3.2587
-1.9566 9.55521   -1.93565 9.92835
-1.9566 9.55521   -2.5295 9.30409
-1.9566 9.55521   -2.14906 9.87318
-1.9566 9.55521   -2.33726 9.89532
-1.9566 9.55521   -5.43016 9.26274
-1.9566 9.55521   -3.97446 7.04501
-1.9566 9.55521   -0.986012 7.42131
-1.9566 9.55521   -1.38789 9.44456
-1.9566 9.55521   -1.01865 9.94009
-1.93565 9.92835   -2.0672 9.97329
0.357291 7.4675   -1.74403 9.98905
0.357291 7.4675   -4.15734 7.84353
0.357291 7.4675   3.35077 9.95422
0.357291 7.4675   0.197654 9.95464
0.357291 7.4675   -1.18857 9.87112
0.357291 7.4675   -2.19195 3.49476
0.357291 7.4675   7.6901 7.33953
0.357291 7.4675   2.96082 3.9849
-4.14761 8.24062   -2.11535 9.95216
-4.14761 8.24062   -4.39609 8.9184
-4.14761 8.24062   -3.6773 9.89748
-4.14761 8.24062   -4.28642 8.05466
-4.14761 8.24062   -4.13312 8.53006
-4.14761 8.24062   -9.73919 6.96398
-4.14761 8.24062   -4.86194 7.27801
-4.14761 8.24062   -4.14332 6.30362
-0.266607 2.41979   -1.72291 9.9173
-0.266607 2.41979   -4.33718 8.70862
-0.266607 2.41979   -4.12179 5.69825
-0.266607 2.41979   -0.705712 1.64863
5.88797 7.42587   -2.16447 9.99317
5.88797 7.42587   7.43218 6.40254
5.88797 7.42587   9.86331 4.21403
-4.41113 3.85952   -1.61299 9.86614
-1.61299 9.86614   -4.37119 8.19943
-5.93268 9.17011   -1.67261 9.94264
-5.93268 9.17011   -5.48877 8.60467
-5.93268 9.17011   -5.55807 9.87803
-5.93268 9.17011   -5.10372 9.71008
-5.93268 9.17011   -4.57872 7.3458
-5.93268 9.17011   -7.6028 9.95087
-5.93268 9.17011   -0.246188 8.77865
1.28562 4.52029   -2.01286 9.80801
1.28562 4.52029   0.545808 5.39965
-3.427 7.58227   -2.11016 9.96034
-3.427 7.58227   -1.24344 9.95362
-3.427 7.58227   4.07696 3.35461
-4.3167 8.43719   -1.54642 9.98128
-0.146321 6.48167   -1.73441 9.8764
-0.146321 6.48167   -1.31469 7.47584
-0.146321 6.48167   0.392847 7.26931
-4.57872 7.3458   -1.94137 9.94644
-4.57872 7.3458   1.42709 7.15545
-3.37143 4.48907   -1.84758 9.60571
-3.37143 4.48907   -3.64722 3.44175
-3.37143 4.48907   -4.67242 4.98396
-1.84758 9.60571   -2.09439 9.95558
-1.84758 9.60571   -2.60026 9.93897
-0.407531 6.67468   -2.07144 9.86801
-0.407531 6.67468   -0.318006 9.0687
-0.407531 6.67468   1.10275 9.26577
-0.407531 6.67468   -2.60244 3.67576
-0.407531 6.67468   -6.34665 2.62994
1.76998 5.99287   -1.78771 9.9613
1.76998 5.99287   1.32538 4.07184
1.76998 5.99287   -2.46814 3.81722
-4.79809 6.02778   -2.02835 9.84056
-4.79809 6.02778   -3.04202 7.28844
-4.79809 6.02778   -9.70938 6.35497
-4.79809 6.02778   -9.64618 4.93451
-4.79809 6.02778   -6.5727 9.96096
-4.79809 6.02778   -1.03696 9.93582
-4.79809 6.02778   -8.02599 2.72783
-1.94149 9.36176   -1.60098 9.99908
-1.94149 9.36176   0.0158422 8.47929
-1.94149 9.36176   -0.531351 9.86199
-7.47216 5.40007   -1.82824 9.97452
-7.47216 5.40007   -8.28657 6.27161
-7.47216 5.40007   -7.07383 4.99353
-7.47216 5.40007   -9.98438 2.13443
-7.47216 5.40007   -3.7432 3.38487
-1.39685 7.58585   -1.98918 9.95009
-1.39685 7.58585   -5.44974 9.9583
-1.39685 7.58585   0.0570394 9.94645
-1.39685 7.58585   -0.76729 9.87441
-1.39685 7.58585   -2.61973 3.90977
-3.59146 8.64117   -2.14155 9.96572
-3.59146 8.64117   -3.4166 4.74867
-3.59146 8.64117   0.210622 2.63913
-0.273551 7.51827   -1.64924 9.82137
-1.64924 9.82137   -1.64032 9.94073
2.44442 5.65617   -2.06819 9.9291
-3.23885 8.75241   -2.15233 9.94586
-3.23885 8.75241   -2.92866 7.97161
-3.23885 8.75241   -5.59765 7.37151
-3.23885 8.75241   0.524718 6.51066
-3.23885 8.75241   -5.55294 3.38506
1.28059 9.3075   -1.55049 9.96112
1.28059 9.3075   1.58521 9.06231
1.28059 9.3075   1.41951 9.96546
1.28059 9.3075   3.12251 9.9708
1.28059 9.3075   -1.296 7.91087
1.28059 9.3075   -4.01037 4.22573
-2.96261 8.46268   -2.1565 9.96759
-2.96261 8.46268   -2.53178 9.90654
-2.96261 8.46268   -3.74524 9.30928
-6.03978 3.87585   -1.89569 9.91213
-6.03978 3.87585   -8.44229 5.29672
-6.03978 3.87585   -8.3055 5.62571
-6.03978 3.87585   -5.35839 2.92143
-3.56688 5.91588   -1.70319 9.90748
4.50457 0.707686   -1.67392 9.50599
4.50457 0.707686   9.84798 0.560533
4.50457 0.707686   5.75582 1.09862
-1.67392 9.50599   -3.70033 9.98004
-1.67392 9.50599   -2.4067 8.04878
-1.67392 9.50599   -1.4988 9.98725
-1.67392 9.50599   -1.10127 9.93929
-1.67392 9.50599   1.11939 5.59502
1.00474 5.91219   -1.6261 9.9932
1.00474 5.91219   -1.98236 7.35822
-2.49867 9.42123   -2.01448 9.98511
-2.49867 9.42123   -2.60446 9.935
-2.49867 9.42123   -3.15531 7.2842
-5.94506 6.67091   -1.84334 9.96204
-5.94506 6.67091   -9.94547 8.58488
-5.94506 6.67091   -6.94658 9.29416
-5.94506 6.67091   -5.11448 5.46334
-5.94506 6.67091   -5.41688 7.40764
-5.94506 6.67091   -7.75697 0.11854
-1.80537 3.22195   -2.07763 9.8205
-1.80537 3.22195   4.27734 0.536184
-1.80537 3.22195   0.250218 2.11407
-2.07763 9.8205   -1.49063 9.97743
-0.974273 9.32206   -1.72839 9.90171
-0.974273 9.32206   -2.47493 9.55705
-0.974273 9.32206   -2.33489 7.62268
-0.974273 9.32206   -3.56025 9.21568
-0.974273 9.32206   -0.867975 7.08715
-0.974273 9.32206   -0.158038 9.0682
1.24519 6.80582   -1.97894 9.9923
-4.34626 6.00454   -1.6588 9.95288
-4.34626 6.00454   -3.92696 6.57851
-2.15584 6.14063   -1.7476 9.88512
2.28193 7.63066   -1.64273 9.92074
2.28193 7.63066   -6.57497 7.63103
2.28193 7.63066   1.68547 9.97439
2.28193 7.63066   1.07538 6.977
2.28193 7.63066   5.55909 8.66899
-3.8056 8.7953   -1.9026 9.93808
-4.22686 7.63105   -2.11927 9.90141
-4.22686 7.63105   5.18318 2.94749
-8.6577 3.28654   -1.75084 9.93147
-8.6577 3.28654   -9.9197 1.35916
2.91169 5.21571   -1.82905 9.9008
2.91169 5.21571   3.93941 7.72976
-2.7993 4.12754   -2.49867 9.42123
-3.23399 5.05956   -2.54549 9.95733
-3.23399 5.05956   -9.87819 8.04474
-3.23399 5.05956   -5.87537 9.93069
-3.23399 5.05956   -9.91873 9.21064
-3.23399 5.05956   -5.22518 6.03215
-3.23399 5.05956   -9.99278 0.0292954
-3.84762 9.60123   -2.75226 9.95983
-3.84762 9.60123   -3.69171 6.0538
-2.5295 9.30409   -2.55633 9.85981
-2.5295 9.30409   -2.22343 9.86678
-2.5295 9.30409   -2.6615 7.43233
-2.5295 9.30409   -0.143669 9.54863
-2.5295 9.30409   -1.33419 9.97663
-2.5295 9.30409   -1.13966 9.95406
-2.5295 9.30409   -1.61674 8.73404
-2.5295 9.30409   -1.32298 6.10927
-2.55633 9.85981   -2.14241 5.25856
-2.55633 9.85981   -6.52394 2.32731
2.78302 1.58697   -2.80243 9.61938
2.78302 1.58697   -0.294434 3.15024
2.78302 1.58697   9.98458 3.84086
2.78302 1.58697   3.7102 -0.419942
2.78302 1.58697   5.76206 0.0674229
2.78302 1.58697   5.52855 1.89929
2.78302 1.58697   2.09333 2.32699
-4.18316 4.9157   -2.65657 9.93302
-4.18316 4.9157   -9.97866 4.74231
-4.18316 4.9157   -3.3368 4.02092
-2.52025 9.94346   1.61265 9.28229
-2.98446 8.42728   -2.74252 9.99956
-2.98446 8.42728   -2.17191 7.85628
-2.98446 8.42728   -3.20978 9.40187
-2.98446 8.42728   -3.18891 8.92016
-2.98446 8.42728   -3.51989 8.53337
-2.98446 8.42728   -0.58573 9.91693
-2.98446 8.42728   2.73145 6.06469
-2.60446 9.935   -4.52923 3.63759
-2.33489 7.62268   -2.54419 9.97998
-2.33489 7.62268   -4.63896 9.93575
-2.33489 7.62268   -2.29747 7.74961
-0.147299 9.32854   -2.55074 9.96819
-0.147299 9.32854   -1.37679 7.19273
-4.73928 8.1353   -2.61625 9.89754
-1.20074 9.29627   -2.7521 9.92617
-1.20074 9.29627   2.53565 9.11021
-1.20074 9.29627   -0.902688 7.0078
-1.20074 9.29627   -1.38662 8.3504
-1.20074 9.29627   2.08788 7.11486
-1.20074 9.29627   1.36863 9.02161
-1.20074 9.29627   -0.157097 5.93169
-3.93246 5.78037   -2.49784 9.98664
-3.93246 5.78037   -6.57694 7.29591
-2.55309 9.45141   -2.63917 9.8273
-2.55309 9.45141   -3.86771 9.77327
-6.97938 8.30209   -2.49169 9.95358
-6.97938 8.30209   -6.32402 5.85272
-3.2698 9.2993   -2.84272 9.80593
-3.2698 9.2993   -5.49006 8.90568
-3.2698 9.2993   -4.2238 3.92931
-3.20978 9.40187   -2.7242 9.91129
-3.20978 9.40187   -0.927734 9.99488
-3.20978 9.40187   -5.43332 4.76255
-4.37156 8.32284   -2.63668 9.91586
-4.37156 8.32284   -4.63496 8.57884
-4.37156 8.32284   -0.783131 9.91633
-7.57319 5.08602   -2.8162 9.87969
-7.57319 5.08602   -8.97298 4.67101
-2.92866 7.97161   -1.98084 9.2534
-2.92866 7.97161   -3.78708 9.33473
-2.92866 7.97161   -4.30185 6.80337
-2.92866 7.97161   -4.95851 5.0041
-4.83678 9.93489   -1.9566 9.55521
-4.83678 9.93489   -2.57124 5.83442
0.947534 6.7183   -1.94149 9.36176
0.947534 6.7183   3.33502 7.63723
0.947534 6.7183   4.3336 7.96332
0.947534 6.7183   2.41189 5.9149
0.947534 6.7183   2.50913 5.88626
0.947534 6.7183   6.93566 0.0977851
2.56924 7.56625   -2.03719 9.23355
2.56924 7.56625   2.246 9.91894
2.56924 7.56625   2.60394 9.89701
2.56924 7.56625   -1.03572 9.96633
2.56924 7.56625   2.69541 7.58723
2.56924 7.56625   2.87982 7.23285
2.56924 7.56625   4.62807 9.91016
2.56924 7.56625   5.50144 9.39885
-8.15428 8.59368   -2.12124 9.41059
-0.983399 7.9075   -1.94184 9.4852
-0.0849463 0.0721987   -2.38313 9.01593
-0.0849463 0.0721987   -2.93934 7.52144
-0.0849463 0.0721987   -3.03964 9.30938
-0.0849463 0.0721987   -2.47871 8.52241
-0.0849463 0.0721987   2.68049 9.05915
-0.0849463 0.0721987   -0.946781 7.11748
-0.0849463 0.0721987   -0.735041 7.11409
-0.0849463 0.0721987   -0.742395 6.95224
-0.0849463 0.0721987   -0.849296 6.46719
-0.0849463 0.0721987   -1.35244 6.58982
-0.0849463 0.0721987   -0.576084 7.61143
-0.0849463 0.0721987   -0.891484 7.82628
-0.0849463 0.0721987   -0.601055 8.13815
-0.0849463 0.0721987   0.341661 8.12789
-0.0849463 0.0721987   0.282927 6.27291
-0.0849463 0.0721987   0.925576 6.25825
-0.0849463 0.0721987   1.62387 8.83334
-0.0849463 0.0721987   1.31009 8.4303
-0.0849463 0.0721987   -0.715898 2.92031
-0.0849463 0.0721987   -1.15156 3.91848
-0.0849463 0.0721987   -1.3896 4.05259
-0.0849463 0.0721987   -1.1819 4.79905
-0.0849463 0.0721987   -1.22531 3.75612
-0.0849463 0.0721987   -0.493064 4.37616
-0.0849463 0.0721987   0.629639 3.21039
-0.0849463 0.0721987   0.612598 3.57842
-0.0849463 0.0721987   0.496308 4.03254
-0.0849463 0.0721987   -0.787531 3.31811
-0.0849463 0.0721987   -0.301302 2.94491
-0.0849463 0.0721987   -0.901313 3.1115
-0.0849463 0.0721987   -0.683454 3.02362
-0.0849463 0.0721987   -0.278717 4.33173
-0.0849463 0.0721987   -0.00580955 3.92864
-0.0849463 0.0721987   -0.0559393 3.04302
-0.0849463 0.0721987   -0.00510589 2.85429
-0.0849463 0.0721987   1.23364 3.88994
-0.0849463 0.0721987   2.04602 5.27505
-0.0849463 0.0721987   2.04691 5.25366
-0.0849463 0.0721987   2.00786 5.15178
-0.0849463 0.0721987   1.89729 5.07005
-0.0849463 0.0721987   1.6303 4.43883
-0.0849463 0.0721987   1.6154 4.19382
-0.0849463 0.0721987   1.49949 4.03049
-0.0849463 0.0721987   1.56749 4.13105
-0.0849463 0.0721987   1.52545 4.80691
-0.0849463 0.0721987   -1.07474 5.68177
-0.0849463 0.0721987   -1.25706 6.00432
-0.0849463 0.0721987   -1.65025 4.74163
-0.0849463 0.0721987   -1.85032 5.31647
-0.0849463 0.0721987   -1.69541 5.88407
-0.0849463 0.0721987   -1.5607 6.03344
-0.0849463 0.0721987   -1.07176 5.03683
-0.0849463 0.0721987   -1.5013 5.04344
-0.0849463 0.0721987   -0.101554 4.88418
-0.0849463 0.0721987   0.347658 5.51209
-0.0849463 0.0721987   0.383519 5.67858
-0.0849463 0.0721987   1.01309 4.20617
-0.0849463 0.0721987   0.725677 4.24903
-0.0849463 0.0721987   1.01084 4.47659
-0.0849463 0.0721987   0.312385 5.48247
-0.0849463 0.0721987   -0.244416 4.92902
-0.0849463 0.0721987   0.072376 5.15609
-0.0849463 0.0721987   -0.440839 4.73893
-0.0849463 0.0721987   -0.841392 4.89286
-0.0849463 0.0721987   -0.318657 5.26894
-0.0849463 0.0721987   -0.30568 6.06393
-0.0849463 0.0721987   -0.285237 5.82642
-0.0849463 0.0721987   1.16427 4.90434
-0.0849463 0.0721987   1.25359 5.59936
-0.0849463 0.0721987   3.75337 8.29613
-0.0849463 0.0721987   2.6502 7.75616
-0.0849463 0.0721987   2.93866 7.54001
-0.0849463 0.0721987   2.83336 7.25606
-0.0849463 0.0721987   4.64325 7.51443
-0.0849463 0.0721987   4.91437 8.11555
-0.0849463 0.0721987   3.88455 6.73824
-0.0849463 0.0721987   3.91193 6.80427
-0.0849463 0.0721987   6.82337 8.19245
-0.0849463 0.0721987   7.06934 8.68823
-0.0849463 0.0721987   7.00049 8.41954
-0.0849463 0.0721987   6.27699 8.85888
-0.0849463 0.0721987   3.11203 5.87603
-0.0849463 0.0721987   2.95814 5.74099
-0.0849463 0.0721987   3.4911 5.4094
-0.0849463 0.0721987   2.32123 5.77753
-0.0849463 0.0721987   1.99202 5.58369
-0.0849463 0.0721987   2.01629 6.0668
-0.0849463 0.0721987   1.79729 6.4783
-0.0849463 0.0721987   2.80232 5.46007
-0.0849463 0.0721987   3.27581 5.1157
-0.0849463 0.0721987   3.18283 6.43048
-0.0849463 0.0721987   2.72196 6.47102
-0.0849463 0.0721987   2.09721 6.8234
-0.0849463 0.0721987   3.18208 6.57232
-0.0849463 0.0721987   -0.709663 2.06488
-0.0849463 0.0721987   -1.3993 3.27343
-0.0849463 0.0721987   -1.17126 3.2119
-0.0849463 0.0721987   -0.873191 2.74461
-0.0849463 0.0721987   8.91483 8.49764
-0.0849463 0.0721987   6.51115 6.76802
-0.0849463 0.0721987   6.53633 6.57873
-0.0849463 0.0721987   6.29781 5.65489
-0.0849463 0.0721987   6.38406 5.61067
-0.0849463 0.0721987   5.10169 4.93846
-0.0849463 0.0721987   5.12231 6.35075
-0.0849463 0.0721987   4.43423 5.33235
-0.0849463 0.0721987   5.68997 4.4018
-0.0849463 0.0721987   5.75089 4.73348
-0.0849463 0.0721987   6.61526 3.82288
-0.0849463 0.0721987   6.45016 4.475
-0.0849463 0.0721987   6.03392 4.37218
-0.0849463 0.0721987   6.17837 3.86143
-0.0849463 0.0721987   6.96294 7.82327
-0.0849463 0.0721987   6.50809 7.23944
-0.0849463 0.0721987   8.02767 6.40395
-0.0849463 0.0721987   7.7094 6.24212
-0.0849463 0.0721987   8.02361 6.30608
-0.0849463 0.0721987   7.04924 7.80741
-0.0849463 0.0721987   7.41914 7.45591
-0.0849463 0.0721987   8.64879 4.4843
-0.0849463 0.0721987   7.4916 5.47038
-0.0849463 0.0721987   7.30326 4.39315
-0.0849463 0.0721987   5.42724 3.02144
-0.0849463 0.0721987   3.76396 2.47427
-0.0849463 0.0721987   4.00048 3.07291
-0.0849463 0.0721987   3.93141 3.07071
-0.0849463 0.0721987   3.8283 2.87522
-0.0849463 0.0721987   3.70531 2.37383
-0.0849463 0.0721987   3.65929 4.09014
-0.0849463 0.0721987   3.34153 3.98938
-0.0849463 0.0721987   3.27317 4.23673
-0.0849463 0.0721987   3.58228 4.25413
-0.0849463 0.0721987   3.51431 4.26479
-0.0849463 0.0721987   3.72756 4.26802
-0.0849463 0.0721987   3.97172 4.96361
-0.0849463 0.0721987   3.6428 4.40733
-0.0849463 0.0721987   2.9099 4.15518
-0.0849463 0.0721987   3.07355 3.70861
-0.0849463 0.0721987   3.18147 3.36003
-0.0849463 0.0721987   2.97327 3.50788
-0.0849463 0.0721987   3.01206 3.27177
-0.0849463 0.0721987   2.43784 4.1704
-0.0849463 0.0721987   2.71522 3.55463
-0.0849463 0.0721987   2.37287 3.72021
-0.0849463 0.0721987   2.49449 3.78597
-0.0849463 0.0721987   2.62327 3.65053
-0.0849463 0.0721987   3.16252 3.05528
-0.0849463 0.0721987   3.06892 2.03906
-0.0849463 0.0721987   1.28551 3.21391
-0.0849463 0.0721987   2.24212 3.49141
-0.0849463 0.0721987   2.12554 3.75221
-0.0849463 0.0721987   2.29756 3.46667
-0.0849463 0.0721987   1.97143 3.18081
-0.0849463 0.0721987   1.69514 3.3073
-0.0849463 0.0721987   2.61192 3.08824
-0.0849463 0.0721987   2.46801 3.24008
-0.0849463 0.0721987   2.73506 2.38448
-0.0849463 0.0721987   2.8919 2.39635
-0.0849463 0.0721987   2.4492 2.32981
-0.0849463 0.0721987   2.00967 2.78543
-0.0849463 0.0721987   2.38638 2.47159
-0.0849463 0.0721987   2.77948 2.69507
-0.0849463 0.0721987   3.25258 2.6406
-0.0849463 0.0721987   4.47684 4.11773
-0.0849463 0.0721987   3.68303 3.75343
-0.0849463 0.0721987   3.99804 4.0545
-0.0849463 0.0721987   4.12649 3.85399
-0.0849463 0.0721987   5.41846 3.61607
-0.0849463 0.0721987   4.80247 4.31841
-0.0849463 0.0721987   4.29157 4.47088
-0.0849463 0.0721987   5.1189 3.2161
-0.0849463 0.0721987   5.45757 3.24483
-0.0849463 0.0721987   6.44141 3.56227
-0.0849463 0.0721987   6.21934 3.60178
-0.0849463 0.0721987   5.86506 3.45468
-0.0849463 0.0721987   5.76577 3.11526
-0.0849463 0.0721987   2.4526 1.76288
-0.0849463 0.0721987   1.82655 2.39016
-0.0849463 0.0721987   2.10324 1.83052
-0.0849463 0.0721987   2.58802 1.76083
-0.0849463 0.0721987   1.94621 2.14963
-0.0849463 0.0721987   2.55743 1.81218
-0.0849463 0.0721987   1.39703 3.04136
-0.0849463 0.0721987   1.06815 3.27288
-0.0849463 0.0721987   1.27226 2.31536
-0.0849463 0.0721987   1.7756 2.35331
-0.0849463 0.0721987   1.43284 2.58304
-0.0849463 0.0721987   1.35721 2.22898
-0.0849463 0.0721987   1.50816 2.01791
-0.0849463 0.0721987   1.1556 2.65959
-0.0849463 0.0721987   1.43413 2.60703
-0.0849463 0.0721987   1.50126 1.86969
-0.0849463 0.0721987   2.21288 1.58543
-0.0849463 0.0721987   1.46501 1.77254
-0.0849463 0.0721987   2.05645 1.57539
-0.0849463 0.0721987   1.94059 1.26632
-0.0849463 0.0721987   1.64041 1.37098
-0.0849463 0.0721987   1.86243 1.513
-0.0849463 0.0721987   2.36715 1.50311
-0.0849463 0.0721987   1.65698 1.17431
-0.0849463 0.0721987   2.55467 1.43853
-0.0849463 0.0721987   -0.450605 0.427248
-0.0849463 0.0721987   -0.453833 0.430999
-0.0849463 0.0721987   -0.481473 0.344791
-0.0849463 0.0721987   -0.442702 0.395706
-0.0849463 0.0721987   -0.542996 0.435858
-0.0849463 0.0721987   -0.473928 0.416487
-0.0849463 0.0721987   -0.457456 0.349119
-0.0849463 0.0721987   -0.444692 0.449265
-0.0849463 0.0721987   -0.556475 0.456105
-0.0849463 0.0721987   -0.516955 0.450808
-0.0849463 0.0721987   -0.466412 0.443111
-0.0849463 0.0721987   -0.425505 0.480631
-0.0849463 0.0721987   -0.472023 0.465842
-0.0849463 0.0721987   -0.525675 0.458563
-0.0849463 0.0721987   -0.445967 0.444492
-0.0849463 0.0721987   -0.485821 0.444327
-0.0849463 0.0721987   -0.46162 0.369187
-0.0849463 0.0721987   -0.524382 0.460568
-0.0849463 0.0721987   -0.484239 0.349901
-0.0849463 0.0721987   -0.448809 0.336637
-0.0849463 0.0721987   -0.453108 0.416073
-0.0849463 0.0721987   -0.516684 0.436968
-0.0849463 0.0721987   -0.201423 0.104273
-0.0849463 0.0721987   -0.236772 0.183309
-0.0849463 0.0721987   -0.334518 0.188997
-0.0849463 0.0721987   -0.479666 0.216863
-0.0849463 0.0721987   -0.344423 0.322488
-0.0849463 0.0721987   -0.466795 0.26343
-0.0849463 0.0721987   -0.471013 0.257595
-0.0849463 0.0721987   -0.480242 0.264418
-0.0849463 0.0721987   -0.469671 0.301829
-0.0849463 0.0721987   -0.482612 0.227365
-0.0849463 0.0721987   -0.450611 0.323746
-0.0849463 0.0721987   -0.476803 0.271159
-0.0849463 0.0721987   -0.470213 0.27184
-0.0849463 0.0721987   -0.479849 0.289073
-0.0849463 0.0721987   -0.26173 0.21342
-0.0849463 0.0721987   -0.387355 0.292305
-0.0849463 0.0721987   -0.571776 0.336512
-0.0849463 0.0721987   -0.552088 0.367259
-0.0849463 0.0721987   -0.550817 0.327361
-0.0849463 0.0721987   -0.596014 0.382662
-0.0849463 0.0721987   -0.596829 0.386217
-0.0849463 0.0721987   -0.55676 0.351251
-0.0849463 0.0721987   -0.57092 0.319694
-0.0849463 0.0721987   -0.529461 0.341966
-0.0849463 0.0721987   -0.615128 0.355126
-0.0849463 0.0721987   -0.558136 0.342437
-0.0849463 0.0721987   -0.546506 0.342844
-0.0849463 0.0721987   -0.613124 0.374091
-0.0849463 0.0721987   -0.544493 0.328603
-0.0849463 0.0721987   -0.613154 0.353851
-0.0849463 0.0721987   -0.577064 0.36319
-0.0849463 0.0721987   -0.567611 0.312978
-0.0849463 0.0721987   -0.599111 0.391308
-0.0849463 0.0721987   -0.570873 0.289603
-0.0849463 0.0721987   -0.527781 0.371523
-0.0849463 0.0721987   -0.553097 0.345964
-0.0849463 0.0721987   -0.525132 0.326301
-0.0849463 0.0721987   -0.570562 0.286288
-0.0849463 0.0721987   -0.631926 0.382487
-0.0849463 0.0721987   -0.615575 0.402791
-0.0849463 0.0721987   -0.61532 0.426062
-0.0849463 0.0721987   -0.622296 0.442978
-0.0849463 0.0721987   -0.59105 0.432793
-0.0849463 0.0721987   -0.630245 0.400644
-0.0849463 0.0721987   -0.565189 0.446758
-0.0849463 0.0721987   -0.600776 0.418928
-0.0849463 0.0721987   -0.567235 0.433323
-0.0849463 0.0721987   -0.557646 0.428706
-0.0849463 0.0721987   -0.588424 0.438639
-0.0849463 0.0721987   -0.575531 0.448767
-0.0849463 0.0721987   -0.585766 0.425254
-0.0849463 0.0721987   -0.530427 0.235364
-0.0849463 0.0721987   -0.544656 0.272422
-0.0849463 0.0721987   -0.55857 0.273775
-0.0849463 0.0721987   -0.506084 0.272744
-0.0849463 0.0721987   -0.548876 0.280994
-0.0849463 0.0721987   -0.555974 0.283393
-0.0849463 0.0721987   -0.477403 0.317922
-0.0849463 0.0721987   -0.518229 0.316053
-0.0849463 0.0721987   -0.523504 0.294158
-0.0849463 0.0721987   -0.522905 0.31102
-0.0849463 0.0721987   -0.502336 0.364021
-0.0849463 0.0721987   -0.684949 -0.23568
-0.0849463 0.0721987   -0.675901 -0.242514
-0.0849463 0.0721987   -0.759469 -0.263354
-0.0849463 0.0721987   -0.73724 -0.263521
-0.0849463 0.0721987   -0.728273 -0.220034
-0.0849463 0.0721987   -0.64835 -0.220419
-0.0849463 0.0721987   -0.742962 -0.196922
-0.0849463 0.0721987   -0.72645 -0.262216
-0.0849463 0.0721987   -0.795459 -0.310855
-0.0849463 0.0721987   -0.672341 0.0470483
-0.0849463 0.0721987   -0.639774 0.0622752
-0.0849463 0.0721987   -0.613465 0.0577436
-0.0849463 0.0721987   -0.679521 0.0459108
-0.0849463 0.0721987   -0.678652 0.0250456
-0.0849463 0.0721987   -0.676263 0.0322585
-0.0849463 0.0721987   -0.674902 -0.0355676
-0.0849463 0.0721987   -0.6068 0.0264247
-0.0849463 0.0721987   -0.673702 -0.0300993
-0.0849463 0.0721987   -0.624019 -0.00450705
-0.0849463 0.0721987   -0.644484 -0.077421
-0.0849463 0.0721987   -0.630383 0.0351274
-0.0849463 0.0721987   -0.656155 -0.00502867
-0.0849463 0.0721987   -0.653136 -0.0611778
-0.0849463 0.0721987   -0.623476 0.0153052
-0.0849463 0.0721987   -0.607007 -0.00206279
-0.0849463 0.0721987   -0.59714 0.0345375
-0.0849463 0.0721987   -0.633584 -0.00350566
-0.0849463 0.0721987   -0.619876 -0.0291037
-0.0849463 0.0721987   -0.656823 -0.0746129
-0.0849463 0.0721987   -0.626148 -0.0140019
-0.0849463 0.0721987   -0.676575 0.0394992
-0.0849463 0.0721987   -0.639092 0.0239927
-0.0849463 0.0721987   -0.642063 -0.0475487
-0.0849463 0.0721987   -0.675252 -0.0320191
-0.0849463 0.0721987   -0.663237 0.0255465
-0.0849463 0.0721987   -0.616942 0.0324983
-0.0849463 0.0721987   -0.672668 -0.0608073
-0.0849463 0.0721987   -0.65714 -0.0535881
-0.0849463 0.0721987   -0.664769 0.0384143
-0.0849463 0.0721987   -0.638763 -0.0529726
-0.0849463 0.0721987   -0.657852 -0.052544
-0.0849463 0.0721987   -0.628037 0.00274616
-0.0849463 0.0721987   -0.614424 -0.0623896
-0.0849463 0.0721987   -0.607658 -0.0776698
-0.0849463 0.0721987   -0.597504 -0.0908854
-0.0849463 0.0721987   -0.589103 -0.0640054
-0.0849463 0.0721987   -0.623117 -0.0797456
-0.0849463 0.0721987   -0.665425 0.119907
-0.0849463 0.0721987   -0.635124 0.0871282
-0.0849463 0.0721987   -0.653649 0.0844364
-0.0849463 0.0721987   -0.65744 0.100064
-0.0849463 0.0721987   -0.667857 0.107591
-0.0849463 0.0721987   -0.652554 0.0753885
-0.0849463 0.0721987   -0.635794 0.0752675
-0.0849463 0.0721987   -0.654838 0.0908797
-0.0849463 0.0721987   -0.616265 0.0936067
-0.0849463 0.0721987   -0.587702 0.0116733
-0.0849463 0.0721987   -0.581707 0.0135755
-0.0849463 0.0721987   -0.58653 0.00867577
-0.0849463 0.0721987   -0.569442 0.0425196
-0.0849463 0.0721987   -0.542336 0.237697
-0.0849463 0.0721987   -0.596821 0.24093
-0.0849463 0.0721987   -0.592932 0.30162
-0.0849463 0.0721987   -0.596323 0.25446
-0.0849463 0.0721987   -0.619143 0.275545
-0.0849463 0.0721987   -0.562871 0.228771
-0.0849463 0.0721987   -0.574598 0.262472
-0.0849463 0.0721987   -0.610846 0.30919
-0.0849463 0.0721987   -0.629186 0.33315
-0.0849463 0.0721987   -0.579561 0.243558
-0.0849463 0.0721987   -0.560989 0.258523
-0.0849463 0.0721987   -0.620428 0.226446
-0.0849463 0.0721987   -0.613217 0.345954
-0.0849463 0.0721987   -0.56576 0.263306
-0.0849463 0.0721987   -0.594773 0.292788
-0.0849463 0.0721987   -0.565493 0.267318
-0.0849463 0.0721987   -0.603439 0.21706
-0.0849463 0.0721987   -0.645941 0.25819
-0.0849463 0.0721987   -0.626573 0.220244
-0.0849463 0.0721987   -0.627044 0.23244
-0.0849463 0.0721987   -0.61936 0.292251
-0.0849463 0.0721987   -0.589343 0.263884
-0.0849463 0.0721987   -0.581908 0.287675
-0.0849463 0.0721987   -0.60161 0.290247
-0.0849463 0.0721987   -0.657188 0.205074
-0.0849463 0.0721987   -0.625532 -0.105585
-0.0849463 0.0721987   -0.631292 -0.170427
-0.0849463 0.0721987   -0.696973 -0.153414
-0.0849463 0.0721987   -0.653878 -0.132607
-0.0849463 0.0721987   -0.665047 -0.15865
-0.0849463 0.0721987   -0.687708 -0.198512
-0.0849463 0.0721987   -0.666626 -0.095336
-0.0849463 0.0721987   -0.660161 -0.131562
-0.0849463 0.0721987   -0.671409 -0.179701
-0.0849463 0.0721987   -0.721223 -0.187278
-0.0849463 0.0721987   -0.723434 -0.129694
-0.0849463 0.0721987   -0.699012 -0.139178
-0.0849463 0.0721987   -0.667441 -0.133185
-0.0849463 0.0721987   -0.711573 -0.182566
-0.0849463 0.0721987   -0.682595 -0.149579
-0.0849463 0.0721987   -0.713794 -0.192568
-0.0849463 0.0721987   -0.656179 -0.14464
-0.0849463 0.0721987   -0.705862 -0.0990251
-0.0849463 0.0721987   -0.673621 -0.164807
-0.0849463 0.0721987   -0.706066 -0.102522
-0.0849463 0.0721987   -0.718757 -0.130225
-0.0849463 0.0721987   -0.626329 -0.126257
-0.0849463 0.0721987   -0.698366 -0.149447
-0.0849463 0.0721987   -0.67138 -0.193737
-0.0849463 0.0721987   -0.681139 -0.118287
-0.0849463 0.0721987   -0.670179 -0.126734
-0.0849463 0.0721987   -0.682778 -0.140341
-0.0849463 0.0721987   -0.58512 0.210251
-0.0849463 0.0721987   -0.553508 0.208156
-0.0849463 0.0721987   -0.580277 0.146223
-0.0849463 0.0721987   -0.638005 0.193998
-0.0849463 0.0721987   -0.607025 0.209267
-0.0849463 0.0721987   -0.566843 0.158667
-0.0849463 0.0721987   -0.555018 0.205923
-0.0849463 0.0721987   -0.606101 0.155411
-0.0849463 0.0721987   -0.596567 0.202048
-0.0849463 0.0721987   -0.620123 0.171856
-0.0849463 0.0721987   -0.575109 0.208092
-0.0849463 0.0721987   -0.53097 0.170474
-0.0849463 0.0721987   -0.568764 0.19133
-0.0849463 0.0721987   -0.541859 0.0919469
-0.0849463 0.0721987   -0.5407 0.137757
-0.0849463 0.0721987   -0.576254 0.120931
-0.0849463 0.0721987   -0.565559 0.0896578
-0.0849463 0.0721987   -0.557823 0.122503
-0.0849463 0.0721987   -0.579824 0.0826029
-0.0849463 0.0721987   -0.65553 0.158499
-0.0849463 0.0721987   -0.647216 0.145776
-0.0849463 0.0721987   -0.625177 0.108218
-0.0849463 0.0721987   -0.608409 0.114536
-0.0849463 0.0721987   -0.589228 0.129596
-0.0849463 0.0721987   -0.64418 0.14197
-0.0849463 0.0721987   -0.634034 0.111589
-0.0849463 0.0721987   -0.59915 0.11687
-0.0849463 0.0721987   -0.614879 0.109813
-0.0849463 0.0721987   -0.635635 0.11564
-0.0849463 0.0721987   -0.64061 0.128432
-0.0849463 0.0721987   -0.23909 0.0931086
-0.0849463 0.0721987   -0.292125 0.10061
-0.0849463 0.0721987   -0.271592 -0.000847947
-0.0849463 0.0721987   -0.266904 0.0241189
-0.0849463 0.0721987   -0.260394 -0.00167862
-0.0849463 0.0721987   -0.333222 0.122077
-0.0849463 0.0721987   -0.465173 -0.121236
-0.0849463 0.0721987   -0.524663 0.221011
-0.0849463 0.0721987   -0.514329 0.18875
-0.0849463 0.0721987   -0.480931 0.157729
-0.0849463 0.0721987   -0.479044 0.184273
-0.0849463 0.0721987   -0.484025 0.118224
-0.0849463 0.0721987   -0.521919 0.131485
-0.0849463 0.0721987   -0.520455 0.165938
-0.0849463 0.0721987   -0.525712 0.158002
-0.0849463 0.0721987   -0.509704 0.194552
-0.0849463 0.0721987   -0.480945 0.099672
-0.0849463 0.0721987   -0.479211 -0.0712057
-0.0849463 0.0721987   -0.416577 0.0752761
-0.0849463 0.0721987   -0.437123 -0.0294501
-0.0849463 0.0721987   -0.373979 0.0962241
-0.0849463 0.0721987   -0.457266 0.0215355
-0.0849463 0.0721987   0.317137 0.777823
-0.0849463 0.0721987   0.272513 0.849408
-0.0849463 0.0721987   0.173881 0.7353
-0.0849463 0.0721987   -0.00726039 0.579918
-0.0849463 0.0721987   0.360501 0.888959
-0.0849463 0.0721987   0.357588 0.767496
-0.0849463 0.0721987   0.378631 0.677304
-0.0849463 0.0721987   0.255265 0.873097
-0.0849463 0.0721987   0.242967 0.594537
-0.0849463 0.0721987   0.0680644 0.751064
-0.0849463 0.0721987   0.423826 0.642915
-0.0849463 0.0721987   0.0520467 0.598244
-0.0849463 0.0721987   0.145371 0.589049
-0.0849463 0.0721987   -0.085519 0.663992
-0.0849463 0.0721987   0.179478 0.574815
-0.0849463 0.0721987   -0.126398 0.843351
-0.0849463 0.0721987   0.272373 0.633198
-0.0849463 0.0721987   -0.174736 0.880014
-0.0849463 0.0721987   -0.0529666 0.673698
-0.0849463 0.0721987   0.421757 0.947747
-0.0849463 0.0721987   -0.0618733 0.58421
-0.0849463 0.0721987   -0.527713 0.589394
-0.0849463 0.0721987   -0.575186 0.55743
-0.0849463 0.0721987   -0.506531 0.593279
-0.0849463 0.0721987   -0.57634 0.586152
-0.0849463 0.0721987   -0.514347 0.605014
-0.0849463 0.0721987   -0.616131 0.570756
-0.0849463 0.0721987   -0.573926 0.545674
-0.0849463 0.0721987   -0.573245 0.550068
-0.0849463 0.0721987   -0.545288 0.523595
-0.0849463 0.0721987   -0.531707 0.615766
-0.0849463 0.0721987   -0.557583 0.598568
-0.0849463 0.0721987   -0.591338 0.550081
-0.0849463 0.0721987   -0.545419 0.521316
-0.0849463 0.0721987   -0.547311 0.600061
-0.0849463 0.0721987   -0.560959 0.552234
-0.0849463 0.0721987   -0.566687 0.547741
-0.0849463 0.0721987   -0.524459 0.617904
-0.0849463 0.0721987   -0.550259 0.598856
-0.0849463 0.0721987   -0.615124 0.468147
-0.0849463 0.0721987   -0.558041 0.517949
-0.0849463 0.0721987   -0.585807 0.490549
-0.0849463 0.0721987   -0.563435 0.501617
-0.0849463 0.0721987   -0.604629 0.470749
-0.0849463 0.0721987   -0.594483 0.505264
-0.0849463 0.0721987   -0.573539 0.491739
-0.0849463 0.0721987   -0.614528 0.538436
-0.0849463 0.0721987   -0.584459 0.514758
-0.0849463 0.0721987   -0.611953 0.495246
-0.0849463 0.0721987   -0.586682 0.527453
-0.0849463 0.0721987   -0.58338 0.501374
-0.0849463 0.0721987   -0.597419 0.502289
-0.0849463 0.0721987   -0.571328 0.520816
-0.0849463 0.0721987   -0.548637 0.512505
-0.0849463 0.0721987   -0.458989 0.507295
-0.0849463 0.0721987   -0.548264 0.515785
-0.0849463 0.0721987   -0.488578 0.518783
-0.0849463 0.0721987   -0.497116 0.493448
-0.0849463 0.0721987   -0.519062 0.476771
-0.0849463 0.0721987   -0.59891 0.880912
-0.0849463 0.0721987   -0.584129 0.874817
-0.0849463 0.0721987   -0.55647 0.830352
-0.0849463 0.0721987   -0.540579 0.887765
-0.0849463 0.0721987   -0.602356 0.835088
-0.0849463 0.0721987   -0.580942 0.808695
-0.0849463 0.0721987   -0.538032 0.865262
-0.0849463 0.0721987   -0.568122 0.897431
-0.0849463 0.0721987   -0.539138 0.862872
-0.0849463 0.0721987   -0.560239 0.89292
-0.0849463 0.0721987   -0.569424 0.897114
-0.0849463 0.0721987   -0.583698 0.827084
-0.0849463 0.0721987   -0.608599 0.802263
-0.0849463 0.0721987   -0.610238 0.820687
-0.0849463 0.0721987   -0.480037 0.921512
-0.0849463 0.0721987   -0.246521 0.928192
-0.0849463 0.0721987   -0.374346 0.803757
-0.0849463 0.0721987   -0.52698 0.634935
-0.0849463 0.0721987   -0.573212 0.743087
-0.0849463 0.0721987   -0.567736 0.67679
-0.0849463 0.0721987   -0.563525 0.642481
-0.0849463 0.0721987   -0.535501 0.659715
-0.0849463 0.0721987   -0.553839 0.783176
-0.0849463 0.0721987   -0.58685 0.73506
-0.0849463 0.0721987   -0.586384 0.729204
-0.0849463 0.0721987   -0.605213 0.632238
-0.0849463 0.0721987   -0.571043 0.653073
-0.0849463 0.0721987   -0.593141 0.699907
-0.0849463 0.0721987   -0.564998 0.710619
-0.0849463 0.0721987   -0.611836 0.779079
-0.0849463 0.0721987   -0.601932 0.656401
-0.0849463 0.0721987   -0.599257 0.597791
-0.0849463 0.0721987   -0.526698 0.663144
-0.0849463 0.0721987   -0.51659 0.767605
-0.0849463 0.0721987   -0.565484 0.78262
-0.0849463 0.0721987   -0.523794 0.798626
-0.0849463 0.0721987   -0.589331 0.727817
-0.0849463 0.0721987   -0.509883 0.654945
-0.0849463 0.0721987   -0.573518 0.714567
-0.0849463 0.0721987   -0.561028 0.615306
-0.0849463 0.0721987   -0.542092 0.641969
-0.0849463 0.0721987   -0.558873 0.641194
-0.0849463 0.0721987   -0.537302 0.726157
-0.0849463 0.0721987   0.0201767 0.22579
-0.0849463 0.0721987   -0.109978 0.259628
-0.0849463 0.0721987   -0.00818653 0.215563
-0.0849463 0.0721987   -0.086483 0.0734817
-0.0849463 0.0721987   -0.131195 0.0983399
-0.0849463 0.0721987   -0.0410395 0.243084
-0.0849463 0.0721987   -0.205996 0.235181
-0.0849463 0.0721987   0.00210966 0.199912
-0.0849463 0.0721987   -0.0450046 0.184932
-0.0849463 0.0721987   0.0126197 0.170317
-0.0849463 0.0721987   -0.00484885 0.227867
-0.0849463 0.0721987   -0.109921 0.0730303
-0.0849463 0.0721987   0.00568433 0.265582
-0.0849463 0.0721987   -0.104357 0.11775
-0.0849463 0.0721987   0.110758 0.225237
-0.0849463 0.0721987   -0.231501 0.435429
-0.0849463 0.0721987   -0.238756 0.45581
-0.0849463 0.0721987   -0.107735 0.376996
-0.0849463 0.0721987   -0.256473 0.373195
-0.0849463 0.0721987   -0.127592 0.52812
-0.0849463 0.0721987   -0.293795 0.442354
-0.0849463 0.0721987   -0.0352794 0.512711
-0.0849463 0.0721987   0.112568 0.262447
-0.0849463 0.0721987   -0.00645738 0.342957
-0.0849463 0.0721987   0.23465 0.287466
-0.0849463 0.0721987   0.348753 0.489134
-0.0849463 0.0721987   0.0463403 0.375749
-0.0849463 0.0721987   0.260058 0.340084
-0.0849463 0.0721987   -0.0180177 0.474812
-0.0849463 0.0721987   0.0789841 0.256249
-0.0849463 0.0721987   0.0958688 0.420995
-0.0849463 0.0721987   0.188197 0.439957
-0.0849463 0.0721987   1.32783 1.97603
-0.0849463 0.0721987   0.579064 1.81988
-0.0849463 0.0721987   1.1703 1.8483
-0.0849463 0.0721987   0.876812 1.7111
-0.0849463 0.0721987   0.917257 1.70311
-0.0849463 0.0721987   0.112595 2.42283
-0.0849463 0.0721987   0.280157 2.13798
-0.0849463 0.0721987   0.458109 2.13616
-0.0849463 0.0721987   0.329756 2.47124
-0.0849463 0.0721987   0.316693 2.2091
-0.0849463 0.0721987   0.4862 2.7625
-0.0849463 0.0721987   0.963148 2.14191
-0.0849463 0.0721987   0.639956 2.26079
-0.0849463 0.0721987   0.751935 2.55385
-0.0849463 0.0721987   1.16847 0.776774
-0.0849463 0.0721987   1.02139 0.642583
-0.0849463 0.0721987   1.09837 0.779624
-0.0849463 0.0721987   0.999458 1.11964
-0.0849463 0.0721987   0.898886 1.42328
-0.0849463 0.0721987   0.847096 1.34908
-0.0849463 0.0721987   0.682205 1.20744
-0.0849463 0.0721987   0.853025 1.03674
-0.0849463 0.0721987   0.801784 1.12332
-0.0849463 0.0721987   0.916862 1.191
-0.0849463 0.0721987   1.09357 1.37398
-0.0849463 0.0721987   1.02696 1.51367
-0.0849463 0.0721987   0.790823 0.648414
-0.0849463 0.0721987   0.51141 0.559554
-0.0849463 0.0721987   0.742708 0.776742
-0.0849463 0.0721987   0.838154 0.741593
-0.0849463 0.0721987   0.498526 0.679598
-0.0849463 0.0721987   1.10373 0.93402
-0.0849463 0.0721987   1.25548 1.66664
-0.0849463 0.0721987   1.30878 1.51824
-0.0849463 0.0721987   1.18493 1.31633
-0.0849463 0.0721987   1.26126 0.980986
-0.0849463 0.0721987   1.09596 0.975627
-0.0849463 0.0721987   1.1025 1.04503
-0.0849463 0.0721987   -0.608263 1.06826
-0.0849463 0.0721987   -0.583728 1.06427
-0.0849463 0.0721987   -0.582149 1.05467
-0.0849463 0.0721987   -0.612755 1.17941
-0.0849463 0.0721987   -0.591314 1.05569
-0.0849463 0.0721987   -0.626567 1.27325
-0.0849463 0.0721987   -0.626157 1.08799
-0.0849463 0.0721987   -0.629945 1.11872
-0.0849463 0.0721987   -0.581076 1.06475
-0.0849463 0.0721987   -0.600152 1.07534
-0.0849463 0.0721987   -0.584167 1.06692
-0.0849463 0.0721987   -0.659835 1.31529
-0.0849463 0.0721987   -0.519827 1.24562
-0.0849463 0.0721987   -0.614484 1.22482
-0.0849463 0.0721987   -0.623181 1.2281
-0.0849463 0.0721987   -0.699651 1.43902
-0.0849463 0.0721987   -0.13459 1.08557
-0.0849463 0.0721987   -0.171264 1.11265
-0.0849463 0.0721987   -0.562993 0.969268
-0.0849463 0.0721987   -0.597282 1.01839
-0.0849463 0.0721987   -0.602536 0.995171
-0.0849463 0.0721987   -0.589418 0.998528
-0.0849463 0.0721987   -0.584338 0.926468
-0.0849463 0.0721987   -0.573551 1.00655
-0.0849463 0.0721987   -0.585433 1.01461
-0.0849463 0.0721987   -0.612206 1.02832
-0.0849463 0.0721987   -0.585617 0.936264
-0.0849463 0.0721987   -0.601124 0.957953
-0.0849463 0.0721987   -0.560284 0.934752
-0.0849463 0.0721987   -0.336481 1.08639
-0.0849463 0.0721987   -0.333173 1.09424
-0.0849463 0.0721987   -0.012657 2.31869
-0.0849463 0.0721987   -0.249573 1.96475
-0.0849463 0.0721987   0.538063 1.23762
-0.0849463 0.0721987   0.535121 1.79963
-0.0849463 0.0721987   0.484998 1.21686
-0.0849463 0.0721987   0.405877 1.23957
-0.0849463 0.0721987   0.552187 1.26607
-0.0849463 0.0721987   0.393636 1.68548
-0.0849463 0.0721987   0.394188 1.92387
-0.0849463 0.0721987   0.307965 1.76611
-0.0849463 0.0721987   0.382546 1.35829
-0.0849463 0.0721987   -0.0571902 1.44397
-0.0849463 0.0721987   0.146373 1.73863
-0.0849463 0.0721987   0.0166523 1.88913
-0.0849463 0.0721987   -0.218692 1.71199
-0.0849463 0.0721987   0.125873 1.87429
-0.0849463 0.0721987   -0.221285 1.324
-0.0849463 0.0721987   0.133731 1.5155
-0.0849463 0.0721987   -0.357308 1.59556
-0.0849463 0.0721987   -0.0314974 1.42012
-0.0849463 0.0721987   0.0015766 1.82612
-0.0849463 0.0721987   -0.201483 1.83437
-0.0849463 0.0721987   -0.519019 1.56455
-0.0849463 0.0721987   -0.664175 1.76613
-0.0849463 0.0721987   -0.660713 1.53854
-0.0849463 0.0721987   -0.0988808 1.20831
-0.0849463 0.0721987   -0.0904701 1.12282
-0.0849463 0.0721987   -0.0799962 1.12281
-0.0849463 0.0721987   -0.401335 1.87228
-0.0849463 0.0721987   -0.330685 1.79048
-0.0849463 0.0721987   -0.38234 1.90581
-0.0849463 0.0721987   -0.658962 1.87357
1.84274 3.80232   -2.82832 9.19622
-2.82832 9.19622   -3.62036 9.62414
-1.1195 2.65857   -2.55979 8.99315
-1.1195 2.65857   -0.726892 2.62867
-6.25012 9.07782   -2.91091 9.49522
-6.25012 9.07782   -5.65586 9.07849
-6.25012 9.07782   -5.63604 9.93272
-6.25012 9.07782   -6.22904 9.9716
-6.25012 9.07782   -6.81847 4.19515
-2.91091 9.49522   -2.35369 9.91836
-2.91091 9.49522   5.45933 1.75956
-1.70723 7.57001   -2.55309 9.45141
-1.70723 7.57001   -1.13718 8.32173
-2.66189 9.30815   -0.884955 8.56609
0.589631 8.86206   -2.56276 9.40698
0.589631 8.86206   -4.22686 7.63105
0.589631 8.86206   -0.330815 9.85796
0.589631 8.86206   7.86402 9.46069
0.589631 8.86206   8.5786 9.62005
0.589631 8.86206   4.2582 9.9852
0.589631 8.86206   9.80997 5.49017
-0.150841 7.35242   -2.21824 9.86176
-0.150841 7.35242   -0.468317 7.30901
-0.150841 7.35242   3.75593 8.33421
-2.19783 9.66248   -7.51375 2.29471
-2.43919 9.99251   -5.65749 9.50266
-6.04164 4.08332   -2.42832 9.85543
-6.04164 4.08332   -7.78072 7.28945
-2.42832 9.85543   -9.89332 5.68577
-0.620962 7.34666   -2.45326 9.929
-0.620962 7.34666   0.235594 7.2669
-3.72141 8.11451   -2.15914 9.62719
-3.72141 8.11451   -5.18414 8.63199
-0.861538 6.49221   -2.29022 9.91007
-0.861538 6.49221   -0.678152 6.56196
-0.861538 6.49221   1.47998 8.83704
-2.17191 7.85628   -2.18712 9.78464
-2.17191 7.85628   -2.4523 7.30886
-2.17191 7.85628   -6.9844 4.51412
-2.13359 7.29286   -2.28712 9.97544
-0.199208 9.33455   -2.30795 9.96977
4.47213 6.33365   -2.2165 9.92373
1.83061 5.65471   -2.2895 9.95476
1.83061 5.65471   3.12736 0.502442
-4.31103 6.67076   -2.19234 9.88477
-3.18891 8.92016   -2.21433 9.886
-3.18891 8.92016   -8.14372 7.51978
-5.59286 8.80472   -5.25902 9.12316
-5.59286 8.80472   -9.88474 7.21449
-5.59286 8.80472   -6.28403 9.92363
-5.59286 8.80472   -6.61466 9.98241
-5.59286 8.80472   -8.63 9.48539
-5.59286 8.80472   -6.60542 2.85393
-5.59286 8.80472   -6.04164 4.08332
-5.18414 8.63199   -5.99465 9.93692
-5.18414 8.63199   -6.57026 7.45593
-5.25902 9.12316   -4.85508 9.98367
-5.25902 9.12316   -4.84716 9.93971
-5.25902 9.12316   -4.31333 7.25204
-5.25902 9.12316   -3.67282 9.95812
-5.25902 9.12316   -9.94939 8.49645
-5.25902 9.12316   -8.60096 8.16207
-5.25902 9.12316   -5.92212 8.45014
-5.25902 9.12316   -6.33889 7.11435
-5.25902 9.12316   -6.60824 7.7358
-5.25902 9.12316   -1.04909 7.88422
-6.80399 3.90077   -5.66973 8.66956
-6.80399 3.90077   -9.99341 8.84297
-6.80399 3.90077   -5.34195 5.4884
-6.80399 3.90077   -6.36068 1.59039
-6.80399 3.90077   -7.25807 2.31124
-6.80399 3.90077   -5.46034 2.82134
-6.80399 3.90077   -5.84077 2.6027
-6.94028 8.55003   -5.45944 8.88968
-6.94028 8.55003   -5.46607 9.99774
-6.94028 8.55003   -4.9538 9.93371
-6.94028 8.55003   -3.45485 8.92903
-6.94028 8.55003   -8.17099 9.85979
-6.94028 8.55003   -7.68712 5.48154
-6.94028 8.55003   -3.68002 3.62507
-5.45944 8.88968   -4.83905 9.88536
-5.45944 8.88968   -8.54152 5.41757
-5.45944 8.88968   -7.18423 9.96529
-5.45944 8.88968   -6.93574 2.65566
-2.27115 7.85145   -5.05249 8.56327
-2.27115 7.85145   -0.408629 7.08124
-2.27115 7.85145   0.428436 8.02984
-2.27115 7.85145   3.38865 7.87871
-5.05249 8.56327   -5.02086 8.56192
-5.05249 8.56327   -4.25733 9.99544
-5.05249 8.56327   -6.39179 8.81836
-5.05249 8.56327   -9.8988 9.39105
-5.05249 8.56327   -5.9734 5.62506
-5.41925 7.16516   -4.78327 8.51471
-5.41925 7.16516   -2.5719 8.72147
-5.41925 7.16516   -9.83842 7.67711
-5.41925 7.16516   -7.39244 6.56969
-3.92995 5.86219   -4.76045 8.35465
-3.92995 5.86219   -4.67282 5.68797
-3.92995 5.86219   -2.89553 3.75231
-3.92995 5.86219   3.45327 3.38156
-4.76045 8.35465   -5.4903 9.96311
-4.76045 8.35465   -4.07148 7.74999
-4.76045 8.35465   -4.44952 8.65898
-5.43016 9.26274   -5.46884 9.00476
-5.43016 9.26274   -2.92298 5.94904
-5.43016 9.26274   -7.26821 6.74354
-5.43016 9.26274   -7.31225 6.33357
-5.43016 9.26274   -6.36395 5.56982
-5.43016 9.26274   -5.78712 8.1585
-5.43016 9.26274   -6.7269 7.74636
-5.65678 8.53665   -6.94495 9.99305
-4.019 7.42879   -5.24525 8.2525
-4.019 7.42879   -3.31161 7.27613
-4.019 7.42879   -5.88881 9.9988
-5.24525 8.2525   -5.47097 9.86942
-5.24525 8.2525   -4.65164 7.58451
-1.73773 3.48824   -4.82424 8.72956
-8.76621 4.99321   -5.37379 9.00603
-8.76621 4.99321   -9.95762 7.05866
-8.76621 4.99321   -9.95039 3.85892
-8.76621 4.99321   -9.98422 5.41992
-8.76621 4.99321   -5.91185 2.5926
-4.79017 7.05948   -4.48142 9.13811
-4.79017 7.05948   -6.72155 9.9575
-4.79017 7.05948   -6.21718 6.93394
-4.79017 7.05948   0.929032 4.78979
-4.79017 7.05948   -2.77808 3.51437
-4.79017 7.05948   1.91828 0.593283
-4.48142 9.13811   -3.8056 8.7953
-4.48142 9.13811   -4.81471 5.87878
-4.48142 9.13811   -8.2052 2.70328
-5.46884 9.00476   -9.17559 4.98142
-5.3521 7.92096   -5.48526 8.38444
-5.3521 7.92096   -8.47372 5.03155
-5.3521 7.92096   -6.71108 6.89808
-5.3521 7.92096   -7.79385 6.98595
-5.3521 7.92096   -5.96468 8.55949
-5.3521 7.92096   -3.47987 4.5455
-5.48526 8.38444   -5.45319 8.48165
-4.90359 9.97139   -5.65015 8.45565
-5.65015 8.45565   -7.35855 7.94045
-4.63496 8.57884   -5.01909 9.87051
-5.65586 9.07849   0.227801 2.6414
-5.43599 7.88044   -5.49393 8.64281
-5.43599 7.88044   -7.10337 2.37276
-5.49393 8.64281   -7.5818 1.2224
-5.48877 8.60467   -5.97652 8.0642
-6.15012 9.86182   -4.918 8.75629
-4.918 8.75629   -5.25799 8.45187
-7.14994 8.3618   -4.84 9.27178
-7.14994 8.3618   -7.115 8.46424
-7.07349 0.235558   -5.45393 8.21316
-7.07349 0.235558   -9.96865 0.496906
-7.07349 0.235558   -5.32462 4.97166
-6.14726 3.92593   -4.76087 9.26182
-6.14726 3.92593   -8.58688 1.80243
-6.14726 3.92593   -7.70875 3.97812
-6.14726 3.92593   -7.84169 0.99079
-0.986012 7.42131   -5.27074 8.2597
-0.986012 7.42131   -0.640871 9.88089
-1.15687 2.2299   -5.29005 8.79765
-1.15687 2.2299   -0.974273 9.32206
-1.15687 2.2299   6.57878 9.84156
-1.15687 2.2299   -0.583832 3.89832
-1.15687 2.2299   -2.14702 5.81402
-1.15687 2.2299   -1.94652 3.52769
-1.15687 2.2299   -0.82715 2.35966
-1.15687 2.2299   -0.86254 2.47945
-1.15687 2.2299   -1.27942 2.96205
-1.15687 2.2299   -1.80537 3.22195
-1.15687 2.2299   -3.24185 4.94105
-1.15687 2.2299   6.54426 5.77193
-1.15687 2.2299   1.41326 2.53187
-1.15687 2.2299   0.413309 0.452619
-1.15687 2.2299   0.485903 2.38498
-1.15687 2.2299   -0.073652 1.66076
-1.15687 2.2299   0.154029 1.4733
-4.36393 9.71793   -4.10105 9.96177
-4.36393 9.71793   -4.73741 9.97893
-4.36393 9.71793   -4.3532 9.9442
-4.36393 9.71793   -4.5344 9.8398
-4.36393 9.71793   -7.14689 5.77619
-1.6023 6.36743   -4.83678 9.93489
-1.6023 6.36743   -7.0101 7.94082
-1.6023 6.36743   -0.536508 7.38123
-1.6023 6.36743   0.160927 9.48113
-1.6023 6.36743   0.72291 4.55713
-1.6023 6.36743   -1.79069 4.11935
-1.6023 6.36743   -2.47386 4.91929
-3.61848 8.94323   -4.45582 9.46494
-3.61848 8.94323   -3.93334 9.93931
-3.61848 8.94323   -3.92218 8.69493
-3.61848 8.94323   -1.10878 6.69406
-3.61848 8.94323   -1.58618 8.21149
-4.45582 9.46494   -4.80419 9.91936
-4.45582 9.46494   -5.45293 9.93941
-4.45582 9.46494   -4.98064 9.87368
-4.45582 9.46494   -4.17559 7.93352
-4.45582 9.46494   -9.93742 8.29922
-4.45582 9.46494   -8.06828 2.32894
-4.48688 9.99223   -1.81407 8.32738
-0.318955 7.62906   -4.36393 9.71793
-0.318955 7.62906   -4.36181 6.26266
-0.318955 7.62906   -1.18431 5.05987
-4.28954 9.9435   -8.76271 7.22318
-6.11143 7.63018   -4.48619 9.84034
-4.48619 9.84034   -4.31208 9.97123
-3.52015 6.91533   -4.81458 9.93216
-3.52015 6.91533   -2.86738 7.68137
-3.52015 6.91533   -8.09266 8.65597
-3.52015 6.91533   -6.1374 4.8133
-0.408629 7.08124   -4.82277 9.91461
-0.408629 7.08124   -3.1393 6.00671
-0.408629 7.08124   1.04389 9.8627
-0.408629 7.08124   -5.65134 3.10502
-0.408629 7.08124   -3.36774 4.96042
-4.82277 9.91461   -4.90359 9.97139
-4.80419 9.91936   -9.94443 6.11316
-4.21086 9.9301   -7.45189 2.51545
-8.21587 4.68636   -4.18456 9.91737
-8.21587 4.68636   -2.48176 6.03773
-8.21587 4.68636   -9.55038 5.17588
-8.21587 4.68636   -9.91228 4.89756
-8.21587 4.68636   -2.69891 3.56903
-8.21587 4.68636   -9.09475 3.82645
-4.18456 9.91737   -6.56826 4.08138
-7.79385 6.98595   -4.30286 9.92905
-7.79385 6.98595   -9.92375 7.54158
-7.79385 6.98595   -8.22919 7.11254
-7.79385 6.98595   -8.20143 3.79433
-7.79385 6.98595   -6.33171 4.68157
-7.68712 5.48154   -4.75945 9.7953
-7.68712 5.48154   -9.92425 5.14826
-7.68712 5.48154   -7.65546 6.18721
-7.68712 5.48154   -6.96535 5.22013
-7.68712 5.48154   -7.84497 5.5983
-7.68712 5.48154   -6.69083 7.80649
-4.75945 9.7953   -9.82625 8.49949
-7.06059 7.74982   -4.81228 9.99099
-1.14229 7.45091   -4.2163 9.96625
-1.14229 7.45091   4.15617 7.06488
-6.58077 8.67625   -4.43528 9.99197
-6.58077 8.67625   -4.09901 9.99157
-6.58077 8.67625   -5.07422 9.61753
-6.58077 8.67625   -6.5056 8.62074
-6.58077 8.67625   -6.14492 8.49303
-6.58077 8.67625   -7.08284 9.73598
-6.58077 8.67625   -6.21982 7.84517
-5.6723 2.87132   -4.44744 9.20368
-4.44744 9.20368   2.42228 3.55239
-6.05341 5.97495   -4.54179 9.97146
-6.05341 5.97495   -7.42678 4.93382
-4.77694 3.19823   -4.61012 9.98466
-4.77694 3.19823   -4.71537 3.14904
-4.61012 9.98466   1.82565 8.83474
-2.71105 5.39244   -4.35772 9.92998
-3.72764 9.24121   -4.3185 9.97065
-5.55807 9.87803   -4.75558 9.99766
-5.55807 9.87803   -6.81448 8.39647
-5.8043 6.20204   -4.75145 9.45685
-4.75145 9.45685   -5.06565 9.97665
-4.75145 9.45685   1.36264 6.66546
-8.78453 7.69006   -4.66788 9.92257
-2.19387 5.54733   -4.79682 9.85051
-4.70421 8.10173   -4.42117 9.94369
-3.90147 7.77133   -4.17149 9.99971
-5.63422 3.76398   -4.60424 9.84743
-5.63422 3.76398   -9.91988 4.65183
-5.63422 3.76398   -9.1323 5.86185
-5.63422 3.76398   -7.59359 4.05278
-5.63422 3.76398   -8.55757 2.47606
-5.63422 3.76398   -5.41362 3.11729
-5.63422 3.76398   -5.04707 3.35835
-5.63422 3.76398   -4.79901 3.55777
-5.63422 3.76398   -2.82992 5.12065
-5.63422 3.76398   -6.90601 3.97134
-1.58618 8.21149   -4.2924 9.89833
-1.58618 8.21149   -9.92828 0.912975
-1.58618 8.21149   -1.31101 5.62681
-0.479138 4.67896   -4.65895 9.75503
-6.18233 8.54551   -4.27808 9.99249
-6.18233 8.54551   -6.41837 9.91749
0.176863 4.08868   -4.81737 9.88377
-6.31426 6.8019   -4.80906 9.92898
-4.13312 8.53006   -4.30986 9.87287
-4.13312 8.53006   1.06848 9.71835
-7.93512 4.03388   -5.65873 9.94297
-7.93512 4.03388   -4.2018 6.93318
-7.93512 4.03388   -8.39827 4.69138
-7.93512 4.03388   -9.00991 5.40209
-7.93512 4.03388   -7.47216 5.40007
-7.93512 4.03388   -9.99611 0.384729
-7.93512 4.03388   -1.73728 5.73457
-7.93512 4.03388   -5.92413 1.87848
-7.93512 4.03388   -6.93647 0.935201
-7.93512 4.03388   -4.93073 4.69266
-6.8034 8.0106   -5.48776 9.99225
-6.8034 8.0106   -6.92577 7.63995
-6.8034 8.0106   -9.98728 1.34966
-6.8034 8.0106   -5.60897 3.08821
-6.07114 9.45577   -5.34006 9.95948
-6.07114 9.45577   -6.50791 9.96095
-6.07114 9.45577   -6.49094 9.89613
-6.07114 9.45577   -8.20159 9.12531
-7.68796 7.94784   -5.53354 9.88982
-7.68796 7.94784   -8.41253 7.97952
-7.68796 7.94784   -9.94531 3.51809
-5.28123 9.95359   -5.34523 9.99072
-6.772 7.73345   -5.38168 9.99663
-6.772 7.73345   -9.87568 5.40597
-6.772 7.73345   -9.48861 9.94225
-6.772 7.73345   -9.63625 3.32468
-1.32298 6.10927   -5.44704 9.91784
-1.32298 6.10927   -7.34873 9.91253
-1.32298 6.10927   -0.861538 6.49221
-5.44974 9.9583   -5.58613 9.99552
-5.44974 9.9583   -4.37156 8.32284
-6.49476 5.67317   -5.39424 9.97874
-6.49476 5.67317   -9.88895 9.67591
-6.49476 5.67317   -7.23898 7.61068
-6.49476 5.67317   -4.1165 3.80763
-6.00998 4.71944   -5.2999 9.88126
-6.00998 4.71944   -9.9324 8.54588
-6.00998 4.71944   -8.51176 -0.275592
-2.99979 7.83335   -5.62402 9.90053
-2.99979 7.83335   -0.0830436 6.3473
-2.99979 7.83335   -7.9366 3.24063
-2.99979 7.83335   0.616002 1.82302
-5.62402 9.90053   -9.81621 9.09988
-6.37933 5.99429   -5.44683 9.902
-6.37933 5.99429   -9.10765 6.28403
-6.37933 5.99429   -9.77142 8.59174
-6.37933 5.99429   -5.2085 6.99367
-6.37933 5.99429   -1.65882 3.09332
-6.37933 5.99429   -2.94676 4.6114
-3.80706 4.07658   -5.35455 9.99602
-3.80706 4.07658   1.77443 9.97745
-6.43085 7.64452   -5.35208 9.88581
-6.43085 7.64452   -7.57565 9.99672
-7.95723 7.59505   -5.56632 9.93001
-8.28657 6.27161   -5.42854 9.88993
-8.28657 6.27161   -9.94911 7.06645
-5.37099 9.47171   -5.57292 9.75523
-5.37099 9.47171   -5.12739 9.99524
-5.37099 9.47171   -6.08046 9.98633
-5.93459 9.66272   -5.56259 9.94621
-5.16186 3.82   -4.94475 9.62918
-5.16186 3.82   -6.97814 1.45186
-5.16186 3.82   -6.38661 3.09179
-7.01944 4.38404   -5.25909 9.49911
-7.01944 4.38404   -8.30712 6.13038
-5.25909 9.49911   -5.0108 9.84852
-5.10372 9.71008   -5.10183 9.67897
2.0408 9.67947   -5.03127 9.53687
-5.65749 9.50266   -6.79408 9.97449
1.27226 2.31536   -5.37099 9.47171
1.27226 2.31536   -1.07079 8.37732
1.27226 2.31536   -0.877747 2.32661
-6.95537 4.26363   -5.53726 9.60051
-6.95537 4.26363   -5.28996 5.75927
-6.95537 4.26363   2.66327 4.91919
-2.02558 3.87001   -5.0575 9.88917
-2.02558 3.87001   -1.12536 2.78057
-5.0575 9.88917   -9.9571 6.79736
-1.74067 6.21729   -5.27328 9.89716
-1.74067 6.21729   -1.83102 7.15776
-3.82542 7.8976   -5.01387 9.95193
-3.82542 7.8976   -6.01432 9.98254
-3.82542 7.8976   -3.93246 5.78037
-3.60198 7.5421   -5.17681 9.93855
-3.60198 7.5421   -3.72141 8.11451
-3.60198 7.5421   -7.27149 6.29858
-5.24533 4.86053   -5.17566 9.95624
-5.24533 4.86053   -9.89977 4.45541
-5.24533 4.86053   -5.17643 7.26201
-5.24533 4.86053   -6.06494 1.44605
-5.24533 4.86053   -3.32604 3.66974
-5.24533 4.86053   -4.06367 3.29866
0.236279 7.1783   -5.09956 9.96258
2.01629 6.0668   -5.24545 9.99328
-3.63017 3.06845   -5.09835 9.85142
-3.63017 3.06845   -8.04172 6.84443
-3.63017 3.06845   -7.66089 7.14309
-3.63017 3.06845   -6.38721 5.21498
-3.63017 3.06845   1.1622 7.74547
-3.63017 3.06845   -1.0152 3.37165
-3.63017 3.06845   -3.07717 3.44826
-3.63017 3.06845   -3.61616 3.06645
-3.63017 3.06845   -3.36671 3.61619
-0.902688 7.0078   -5.2107 9.99506
-1.6159 5.42084   -5.00617 9.94825
-1.6159 5.42084   -0.0519795 5.10368
-0.136573 4.63306   -4.81808 7.59492
-0.136573 4.63306   -0.130357 5.97723
-0.136573 4.63306   -1.10117 2.74781
-0.136573 4.63306   5.83084 4.89402
-4.81808 7.59492   -2.30704 8.52684
-4.81808 7.59492   -7.11943 9.96462
-4.81808 7.59492   -2.27013 4.37318
-4.5043 8.01709   -4.84929 7.98662
-4.5043 8.01709   -9.8842 8.78844
-4.5043 8.01709   -1.6159 5.42084
-4.84929 7.98662   -4.73928 8.1353
-4.84929 7.98662   -3.3554 9.51237
-4.84929 7.98662   -9.9007 8.99729
-4.84929 7.98662   -5.84582 7.77442
-4.84929 7.98662   -6.41117 8.02261
-4.84929 7.98662   0.171231 3.89059
-4.14332 6.30362   -5.05696 7.74972
-4.14332 6.30362   -4.70421 8.10173
-4.14332 6.30362   -8.37676 4.30655
-4.14332 6.30362   -8.19652 9.96529
-4.14332 6.30362   -4.43477 6.78989
-4.14332 6.30362   -4.06687 6.2149
-4.14332 6.30362   -4.48284 3.30052
-5.44286 6.91728   -4.91176 7.98226
-5.44286 6.91728   -4.99258 7.78803
-5.5942 1.60895   -4.78633 7.85657
-5.5942 1.60895   -9.28158 6.02044
-5.5942 1.60895   -5.86863 7.31217
-5.5942 1.60895   -6.33975 0.857339
-5.5942 1.60895   -5.96047 1.04314
-5.5942 1.60895   -5.96899 1.23585
-5.5942 1.60895   -3.90732 4.62089
-5.5942 1.60895   -7.28646 4.0267
-3.66634 4.79043   -2.68793 6.22934
-3.66634 4.79043   -0.676618 5.67096
-3.66634 4.79043   -2.81228 4.21029
-3.66634 4.79043   -4.37974 5.0925
-2.68793 6.22934   1.44034 6.18954
-2.68793 6.22934   0.302485 5.4256
-2.68793 6.22934   -0.316205 4.81772
-2.68793 6.22934   -2.38988 5.72522
-2.68793 6.22934   5.46015 5.847
-1.85949 7.30942   -2.63257 6.87878
-1.85949 7.30942   -2.33087 7.3515
-1.85949 7.30942   -2.00379 7.40847
-1.85949 7.30942   -3.47428 4.01775
-1.85949 7.30942   1.48524 3.2432
-2.63257 6.87878   -3.2698 9.2993
-3.40224 3.77995   -2.26298 6.63108
-3.40224 3.77995   0.318566 7.80027
-3.40224 3.77995   -3.40813 3.82025
-2.26298 6.63108   -3.82542 7.8976
-2.26298 6.63108   -3.41727 9.05592
-2.26298 6.63108   -5.86199 7.53889
-2.26298 6.63108   2.3491 9.97017
-2.26298 6.63108   -1.39685 7.58585
-2.26298 6.63108   -1.78027 7.04161
-2.26298 6.63108   -1.21394 8.19101
-2.26298 6.63108   -1.37132 4.04417
-2.26298 6.63108   1.71263 5.01861
-2.26298 6.63108   -1.90235 6.39006
-2.26298 6.63108   -0.951692 4.99367
-2.26298 6.63108   3.4699 6.80013
-2.26298 6.63108   -2.69809 4.17709
-2.26298 6.63108   -9.03368 2.0355
-2.26298 6.63108   -2.52243 5.29377
-2.26298 6.63108   1.84274 3.80232
0.318566 7.80027   -2.30135 6.36979
0.318566 7.80027   2.10035 9.45697
0.318566 7.80027   -1.6383 7.21376
0.318566 7.80027   0.875215 9.98677
0.318566 7.80027   -0.116084 8.1172
0.318566 7.80027   0.360041 7.88965
0.318566 7.80027   -1.6023 6.36743
0.318566 7.80027   0.768525 5.90158
0.318566 7.80027   6.14027 7.27328
0.318566 7.80027   2.34664 3.10139
-2.30135 6.36979   -3.26938 6.25768
-2.30135 6.36979   -3.15473 6.93259
-2.30135 6.36979   -3.99491 9.66373
-2.30135 6.36979   -8.29892 8.62117
-2.30135 6.36979   -1.14296 9.27544
-2.30135 6.36979   -0.0171529 4.49686
-2.30135 6.36979   -3.87165 3.95686
-2.30135 6.36979   -4.43927 3.86534
-2.30135 6.36979   3.15301 3.66875
-2.30135 6.36979   2.68638 1.19962
-2.45836 3.78613   -2.81666 6.43932
-2.45836 3.78613   -3.62935 9.8402
-2.45836 3.78613   -2.48239 3.74334
-2.81666 6.43932   -1.74067 6.21729
-2.81666 6.43932   4.68963 6.98674
-2.81666 6.43932   2.44563 3.17177
-2.81666 6.43932   2.2594 0.87563
-5.45449 6.28523   -2.653 7.3285
-5.45449 6.28523   -4.019 7.42879
-5.45449 6.28523   -5.4385 6.37086
-5.45449 6.28523   -3.60892 5.56266
-5.45449 6.28523   0.837946 5.64474
-5.45449 6.28523   -3.72118 3.78511
0.131935 6.94441   -2.24909 7.32168
0.131935 6.94441   0.0671597 7.12074
0.131935 6.94441   -1.97748 5.51606
-2.24909 7.32168   -9.9465 5.34858
-2.24909 7.32168   0.238325 9.97655
-2.49369 6.95391   -7.95138 9.32863
-2.49369 6.95391   -7.88785 6.30656
-2.49369 6.95391   -1.70723 7.57001
-2.49369 6.95391   -2.45845 5.23609
-4.35189 4.30831   -2.80646 6.46291
-4.35189 4.30831   -7.73764 7.23985
-4.35189 4.30831   -9.06259 1.30847
-4.35189 4.30831   -4.59601 3.45232
-2.80646 6.46291   2.98964 8.00704
-1.16601 5.97501   -2.93864 6.82595
-1.16601 5.97501   -3.72764 9.24121
-2.93864 6.82595   -1.16593 9.33055
-2.93864 6.82595   2.24227 5.81088
-2.93864 6.82595   -3.45433 3.87624
-7.42407 1.45347   -2.69758 7.30488
-7.42407 1.45347   -9.9688 -0.489343
-7.42407 1.45347   -5.5942 1.60895
-2.69758 7.30488   -5.49761 3.80449
-6.26523 0.866857   -2.87833 6.7254
-6.26523 0.866857   -3.10267 7.18836
-6.26523 0.866857   -3.87195 8.27107
-6.26523 0.866857   -8.35942 6.6658
-6.26523 0.866857   -9.99147 4.65513
-6.26523 0.866857   -9.95615 1.24494
-6.26523 0.866857   -9.94677 1.04182
-6.26523 0.866857   -8.68054 0.268176
-6.26523 0.866857   -9.22491 0.821753
-6.26523 0.866857   -9.22623 0.938729
-6.26523 0.866857   -0.429399 9.82829
-6.26523 0.866857   -8.29675 2.14007
-6.26523 0.866857   -8.28061 3.04245
-6.26523 0.866857   -9.91674 3.24139
-6.26523 0.866857   -9.89037 3.2239
-6.26523 0.866857   -6.16794 2.10154
-6.26523 0.866857   -5.78888 1.11696
-6.26523 0.866857   -6.71124 1.79311
-6.26523 0.866857   -6.54302 1.82316
-6.26523 0.866857   -6.93879 2.15464
-6.26523 0.866857   -8.23442 1.58619
-6.26523 0.866857   -5.59626 2.19232
-6.26523 0.866857   -5.87191 3.51217
3.47029 0.78599   -2.68569 6.36596
3.47029 0.78599   3.27348 0.406412
-2.68569 6.36596   -0.327851 4.024
-6.79775 4.78582   -2.13359 7.29286
-6.79775 4.78582   -7.60632 9.92737
-6.79775 4.78582   -9.9055 9.06133
-6.79775 4.78582   -6.78854 3.52307
-2.33219 8.60413   -2.65463 6.89022
-2.33219 8.60413   -0.80677 4.702
-2.65463 6.89022   -2.69057 6.98134
-1.18622 8.81936   -2.13294 6.9479
-1.18622 8.81936   -1.1977 8.88577
-8.88475 5.34637   -2.1935 7.2228
-8.88475 5.34637   -9.26051 5.49803
-8.88475 5.34637   -9.44861 9.99926
-8.88475 5.34637   -8.48167 7.37608
-8.88475 5.34637   -8.01517 6.80165
-8.88475 5.34637   -6.82467 1.82212
-8.88475 5.34637   -7.3796 1.17356
-2.01144 4.41384   -2.8199 6.60594
-2.01144 4.41384   -2.19208 3.51811
-2.01144 4.41384   -2.44132 3.68428
-2.01144 4.41384   -4.64889 4.78825
-2.8199 6.60594   -2.6672 6.55754
-2.8199 6.60594   -8.93644 2.07111
-3.31515 6.95917   -2.42132 7.38898
-6.59168 8.06423   -2.59034 6.80537
-6.59168 8.06423   -9.8497 8.24062
-6.59168 8.06423   -7.76763 9.978
3.30776 6.21268   -2.14786 7.34505
3.30776 6.21268   -1.54549 3.14076
3.30776 6.21268   2.11139 3.39761
3.30776 6.21268   6.38619 3.24785
-3.55689 3.88833   -2.78079 6.87639
-2.78079 6.87639   -7.14495 9.96619
-2.33087 7.3515   -1.65674 5.19331
0.225599 5.45741   -2.18542 7.03822
0.225599 5.45741   -3.85645 7.90608
0.225599 5.45741   -2.33219 8.60413
0.225599 5.45741   2.29143 8.41097
0.225599 5.45741   1.37611 6.74309
-2.18542 7.03822   0.232993 9.96474
-1.41344 5.81013   -2.90292 6.39744
-6.87698 9.51752   -2.28787 6.87303
-6.87698 9.51752   -7.28319 9.9939
-6.87698 9.51752   -6.63192 9.15442
-6.87698 9.51752   -5.3286 5.76461
-6.87698 9.51752   -5.69035 2.47108
-3.26735 5.5335   -2.64933 6.38989
-3.26735 5.5335   -3.52154 6.69435
-3.26735 5.5335   -9.85111 4.32057
-3.26735 5.5335   -7.88657 2.472
-3.26735 5.5335   0.598414 1.7844
-3.97953 9.76492   -2.2939 6.99622
-3.21922 7.54607   -2.39706 6.84559
-8.1966 0.927015   -2.89009 6.88979
-0.224175 9.87668   -2.5731 7.24605
2.38922 6.0392   -2.85965 6.99986
2.38922 6.0392   -0.891042 9.05056
2.38922 6.0392   1.85548 5.64212
-5.74882 5.97937   -2.86386 6.50196
1.23364 3.88994   -2.79267 6.58
1.23364 3.88994   5.12747 4.66007
1.23364 3.88994   7.61855 6.67065
-3.79174 5.87354   -3.58236 6.22971
-3.79174 5.87354   -6.14438 7.46833
-3.58236 6.22971   -2.603 4.33352
-6.33889 7.11435   -3.43967 6.20842
-6.33889 7.11435   -9.78669 5.36186
-6.33889 7.11435   -9.93533 9.09465
-6.33889 7.11435   -9.97163 9.31499
-6.33889 7.11435   -5.17608 7.3969
-6.80686 2.19371   -3.8128 6.84695
-6.35821 3.45529   -3.56059 6.36279
-6.35821 3.45529   -9.69832 9.97746
-6.35821 3.45529   -8.84873 1.54106
-6.35821 3.45529   -5.32367 2.76872
-6.35821 3.45529   -7.17877 3.52299
-3.56059 6.36279   -1.39746 8.91537
-8.24385 -0.521393   -2.80187 5.82437
-8.24385 -0.521393   -8.40471 -0.568809
-2.57124 5.83442   -2.3123 5.51727
-3.26938 6.25768   -3.24266 5.8781
-3.26938 6.25768   1.9217 9.93253
-3.26938 6.25768   -5.22887 4.97316
-3.26938 6.25768   1.38822 0.965031
-0.0782535 0.0845119   -2.60882 6.08488
-0.0782535 0.0845119   -1.36772 7.06219
-0.0782535 0.0845119   -0.874772 6.57514
-0.0782535 0.0845119   -0.992061 9.12989
-0.0782535 0.0845119   -1.11196 8.43234
-0.0782535 0.0845119   -0.398449 7.33388
-0.0782535 0.0845119   -0.168095 7.6759
-0.0782535 0.0845119   -0.224689 7.25828
-0.0782535 0.0845119   1.02376 6.51059
-0.0782535 0.0845119   7.00827 9.3955
-0.0782535 0.0845119   -0.144981 2.4176
-0.0782535 0.0845119   -0.425241 4.43626
-0.0782535 0.0845119   0.692654 3.57993
-0.0782535 0.0845119   1.09763 3.38972
-0.0782535 0.0845119   -0.902222 3.04545
-0.0782535 0.0845119   0.191765 4.07403
-0.0782535 0.0845119   -0.0531039 3.37683
-0.0782535 0.0845119   1.23922 3.58807
-0.0782535 0.0845119   2.00655 4.32224
-0.0782535 0.0845119   2.33453 4.48565
-0.0782535 0.0845119   -1.73347 5.85471
-0.0782535 0.0845119   -1.5429 5.0599
-0.0782535 0.0845119   0.938675 3.83211
-0.0782535 0.0845119   0.872366 3.95358
-0.0782535 0.0845119   -0.908257 5.09789
-0.0782535 0.0845119   0.499886 5.86612
-0.0782535 0.0845119   1.00474 5.91219
-0.0782535 0.0845119   3.5173 8.99334
-0.0782535 0.0845119   6.78871 7.88104
-0.0782535 0.0845119   3.83169 6.12211
-0.0782535 0.0845119   3.60025 5.64997
-0.0782535 0.0845119   3.17616 5.75396
-0.0782535 0.0845119   2.04481 6.35804
-0.0782535 0.0845119   2.07946 5.5179
-0.0782535 0.0845119   2.6474 4.69672
-0.0782535 0.0845119   5.66787 8.7988
-0.0782535 0.0845119   -0.815663 2.69813
-0.0782535 0.0845119   -1.96858 4.87908
-0.0782535 0.0845119   -1.43485 3.5029
-0.0782535 0.0845119   -1.18172 3.02171
-0.0782535 0.0845119   -1.06667 3.02875
-0.0782535 0.0845119   5.42862 6.28336
-0.0782535 0.0845119   6.01522 6.82856
-0.0782535 0.0845119   6.04885 6.60497
-0.0782535 0.0845119   5.88684 6.31529
-0.0782535 0.0845119   6.52098 6.20402
-0.0782535 0.0845119   5.30801 5.02847
-0.0782535 0.0845119   5.36256 4.8757
-0.0782535 0.0845119   4.4435 5.36945
-0.0782535 0.0845119   6.35109 4.34738
-0.0782535 0.0845119   6.71049 7.04949
-0.0782535 0.0845119   7.29165 7.0996
-0.0782535 0.0845119   6.93509 5.81188
-0.0782535 0.0845119   7.73119 5.49928
-0.0782535 0.0845119   7.66966 4.57935
-0.0782535 0.0845119   4.01554 1.95715
-0.0782535 0.0845119   3.67113 2.33566
-0.0782535 0.0845119   4.52797 2.5619
-0.0782535 0.0845119   3.9128 5.34456
-0.0782535 0.0845119   3.20016 4.06474
-0.0782535 0.0845119   1.4955 3.18488
-0.0782535 0.0845119   1.86001 3.06255
-0.0782535 0.0845119   2.04553 3.61278
-0.0782535 0.0845119   2.3199 3.17847
-0.0782535 0.0845119   2.51233 3.00951
-0.0782535 0.0845119   2.63143 2.74469
-0.0782535 0.0845119   3.05625 2.47549
-0.0782535 0.0845119   2.85769 2.59175
-0.0782535 0.0845119   4.11481 4.256
-0.0782535 0.0845119   4.58467 4.82492
-0.0782535 0.0845119   4.96052 3.913
-0.0782535 0.0845119   1.55526 2.28748
-0.0782535 0.0845119   2.14666 1.68596
-0.0782535 0.0845119   1.61744 1.37743
-0.0782535 0.0845119   -0.451596 0.458987
-0.0782535 0.0845119   -0.539843 0.427885
-0.0782535 0.0845119   -0.43019 0.359265
-0.0782535 0.0845119   -0.333181 0.409005
-0.0782535 0.0845119   -0.523113 0.462108
-0.0782535 0.0845119   -0.519976 0.468583
-0.0782535 0.0845119   -0.312217 0.296758
-0.0782535 0.0845119   -0.339016 0.180912
-0.0782535 0.0845119   -0.292883 0.169689
-0.0782535 0.0845119   -0.333305 0.210092
-0.0782535 0.0845119   -0.262303 0.206792
-0.0782535 0.0845119   -0.60191 0.34807
-0.0782535 0.0845119   -0.578856 0.399984
-0.0782535 0.0845119   -0.555145 0.326931
-0.0782535 0.0845119   -0.524223 0.395336
-0.0782535 0.0845119   -0.580337 0.335385
-0.0782535 0.0845119   -0.545931 0.313388
-0.0782535 0.0845119   -0.581439 0.354301
-0.0782535 0.0845119   -0.577179 0.332929
-0.0782535 0.0845119   -0.559502 0.390015
-0.0782535 0.0845119   -0.613123 0.457613
-0.0782535 0.0845119   -0.600998 0.419532
-0.0782535 0.0845119   -0.577641 0.438848
-0.0782535 0.0845119   -0.596866 0.42592
-0.0782535 0.0845119   -0.534959 0.251499
-0.0782535 0.0845119   -0.510342 0.363359
-0.0782535 0.0845119   -0.692682 -0.21456
-0.0782535 0.0845119   -0.719156 -0.246322
-0.0782535 0.0845119   -0.69689 -0.291807
-0.0782535 0.0845119   -0.68437 -0.258344
-0.0782535 0.0845119   -0.669213 -0.264395
-0.0782535 0.0845119   -0.790448 -0.328956
-0.0782535 0.0845119   -0.755732 -0.212908
-0.0782535 0.0845119   -0.722653 -0.228169
-0.0782535 0.0845119   -0.741591 -0.222095
-0.0782535 0.0845119   -0.69285 -0.28291
-0.0782535 0.0845119   -0.676554 0.0259362
-0.0782535 0.0845119   -0.60902 0.000963501
-0.0782535 0.0845119   -0.625432 0.0294836
-0.0782535 0.0845119   -0.647466 0.0346586
-0.0782535 0.0845119   -0.675192 0.0152015
-0.0782535 0.0845119   -0.654663 -0.0657146
-0.0782535 0.0845119   -0.632581 -0.0320445
-0.0782535 0.0845119   -0.702226 -0.007334
-0.0782535 0.0845119   -0.677795 -0.00907956
-0.0782535 0.0845119   -0.692691 0.0287203
-0.0782535 0.0845119   -0.643132 -0.0159115
-0.0782535 0.0845119   -0.706896 -0.0453544
-0.0782535 0.0845119   -0.603675 -0.0433215
-0.0782535 0.0845119   -0.599106 -0.0321856
-0.0782535 0.0845119   -0.605185 -0.0782617
-0.0782535 0.0845119   -0.59771 -0.0282674
-0.0782535 0.0845119   -0.623986 -0.0939541
-0.0782535 0.0845119   -0.667265 0.112702
-0.0782535 0.0845119   -0.60772 0.0767334
-0.0782535 0.0845119   -0.588801 -0.0128045
-0.0782535 0.0845119   -0.5903 0.302902
-0.0782535 0.0845119   -0.572334 0.282471
-0.0782535 0.0845119   -0.636975 0.292121
-0.0782535 0.0845119   -0.566584 0.257316
-0.0782535 0.0845119   -0.581985 0.262229
-0.0782535 0.0845119   -0.574863 0.222625
-0.0782535 0.0845119   -0.573031 0.23769
-0.0782535 0.0845119   -0.617408 0.223249
-0.0782535 0.0845119   -0.637313 0.214246
-0.0782535 0.0845119   -0.59321 0.274969
-0.0782535 0.0845119   -0.632465 0.273454
-0.0782535 0.0845119   -0.666321 -0.202565
-0.0782535 0.0845119   -0.653178 -0.120787
-0.0782535 0.0845119   -0.701936 -0.0867652
-0.0782535 0.0845119   -0.671586 -0.12483
-0.0782535 0.0845119   -0.688097 -0.177839
-0.0782535 0.0845119   -0.682422 -0.161513
-0.0782535 0.0845119   -0.643273 -0.120549
-0.0782535 0.0845119   -0.681621 -0.192082
-0.0782535 0.0845119   -0.600741 0.186684
-0.0782535 0.0845119   -0.556411 0.223642
-0.0782535 0.0845119   -0.538987 0.193547
-0.0782535 0.0845119   -0.620147 0.183202
-0.0782535 0.0845119   -0.597958 0.198159
-0.0782535 0.0845119   -0.539621 0.159716
-0.0782535 0.0845119   -0.603932 0.182959
-0.0782535 0.0845119   -0.614168 0.171337
-0.0782535 0.0845119   -0.572168 0.098601
-0.0782535 0.0845119   -0.627979 0.125754
-0.0782535 0.0845119   -0.634529 0.12393
-0.0782535 0.0845119   -0.627359 0.108787
-0.0782535 0.0845119   -0.586517 0.122293
-0.0782535 0.0845119   -0.60975 0.121808
-0.0782535 0.0845119   -0.14594 0.0428512
-0.0782535 0.0845119   -0.173784 0.074821
-0.0782535 0.0845119   -0.16393 0.0559706
-0.0782535 0.0845119   -0.261509 0.106096
-0.0782535 0.0845119   -0.521587 0.180917
-0.0782535 0.0845119   -0.470896 0.182914
-0.0782535 0.0845119   -0.392744 0.0893771
-0.0782535 0.0845119   -0.460932 -0.0226912
-0.0782535 0.0845119   -0.444372 0.061057
-0.0782535 0.0845119   -0.117947 0.660611
-0.0782535 0.0845119   0.389493 0.899128
-0.0782535 0.0845119   0.276208 0.579735
-0.0782535 0.0845119   -0.181329 0.936601
-0.0782535 0.0845119   -0.160001 0.650181
-0.0782535 0.0845119   -0.498832 0.525208
-0.0782535 0.0845119   -0.548475 0.529431
-0.0782535 0.0845119   -0.525276 0.601532
-0.0782535 0.0845119   -0.522881 0.56056
-0.0782535 0.0845119   -0.5629 0.588527
-0.0782535 0.0845119   -0.565628 0.602308
-0.0782535 0.0845119   -0.567475 0.578883
-0.0782535 0.0845119   -0.536507 0.607114
-0.0782535 0.0845119   -0.610862 0.471061
-0.0782535 0.0845119   -0.477376 0.495369
-0.0782535 0.0845119   -0.518039 0.527449
-0.0782535 0.0845119   -0.515899 0.485267
-0.0782535 0.0845119   -0.608586 0.901448
-0.0782535 0.0845119   -0.561742 0.707789
-0.0782535 0.0845119   -0.582403 0.601248
-0.0782535 0.0845119   -0.56593 0.627458
-0.0782535 0.0845119   -0.580594 0.692844
-0.0782535 0.0845119   -0.609968 0.653952
-0.0782535 0.0845119   -0.546407 0.780332
-0.0782535 0.0845119   -0.551363 0.741863
-0.0782535 0.0845119   -0.562904 0.694272
-0.0782535 0.0845119   -0.597941 0.618889
-0.0782535 0.0845119   -0.611661 0.588585
-0.0782535 0.0845119   -0.570318 0.64339
-0.0782535 0.0845119   -0.584578 0.794938
-0.0782535 0.0845119   -0.56077 0.620302
-0.0782535 0.0845119   -0.587597 0.63077
-0.0782535 0.0845119   -0.546369 0.750244
-0.0782535 0.0845119   -0.600027 0.679351
-0.0782535 0.0845119   0.114934 0.174994
-0.0782535 0.0845119   -0.122648 0.278637
-0.0782535 0.0845119   -0.0849463 0.0721987
-0.0782535 0.0845119   0.437976 0.425681
-0.0782535 0.0845119   -0.0759639 0.522497
-0.0782535 0.0845119   0.151998 0.473862
-0.0782535 0.0845119   0.303332 0.481659
-0.0782535 0.0845119   0.946895 3.12917
-0.0782535 0.0845119   0.879252 2.04984
-0.0782535 0.0845119   1.23828 1.98823
-0.0782535 0.0845119   0.869269 2.4247
-0.0782535 0.0845119   0.755195 1.5254
-0.0782535 0.0845119   0.702429 1.21938
-0.0782535 0.0845119   0.687733 0.837176
-0.0782535 0.0845119   0.88339 0.700545
-0.0782535 0.0845119   0.816314 0.540336
-0.0782535 0.0845119   1.29919 1.59386
-0.0782535 0.0845119   1.18404 1.00444
-0.0782535 0.0845119   1.39463 1.17155
-0.0782535 0.0845119   1.10817 1.15555
-0.0782535 0.0845119   -0.596027 0.994448
-0.0782535 0.0845119   -0.624984 1.18425
-0.0782535 0.0845119   -0.585306 1.06856
-0.0782535 0.0845119   -0.622417 1.11349
-0.0782535 0.0845119   -0.608721 1.1382
-0.0782535 0.0845119   -0.60617 1.05759
-0.0782535 0.0845119   -0.637669 1.2777
-0.0782535 0.0845119   -0.307781 1.00148
-0.0782535 0.0845119   -0.565826 0.942545
-0.0782535 0.0845119   -0.57126 0.969794
-0.0782535 0.0845119   -0.5791 0.968004
-0.0782535 0.0845119   -0.603772 0.962187
-0.0782535 0.0845119   0.112721 1.96216
-0.0782535 0.0845119   0.654729 1.49225
-0.0782535 0.0845119   0.505436 1.29615
-0.0782535 0.0845119   -0.334807 1.32627
-0.0782535 0.0845119   0.112503 1.47451
-0.0782535 0.0845119   -0.733212 1.56816
-0.0782535 0.0845119   -0.603386 1.54891
-0.0782535 0.0845119   0.116791 1.3002
-2.60882 6.08488   -2.66496 5.81744
-2.60882 6.08488   1.9515 8.52467
-3.24266 5.8781   -4.12952 4.73992
-3.16834 3.23956   -2.72086 6.32101
-3.16834 3.23956   -8.47898 7.00589
-3.16834 3.23956   -7.98941 8.44964
-3.16834 3.23956   -7.86527 7.60699
-3.16834 3.23956   -0.824292 7.92082
-3.16834 3.23956   0.750417 6.10436
-3.16834 3.23956   -1.1811 4.65212
-3.16834 3.23956   4.11998 8.66853
-3.16834 3.23956   -3.13622 3.50079
-3.16834 3.23956   -3.16137 3.25769
-3.16834 3.23956   -2.91083 3.24578
-3.16834 3.23956   -3.79549 3.39323
-3.16834 3.23956   -3.09164 3.98908
-3.16834 3.23956   -3.65905 3.80703
-3.16834 3.23956   -4.34426 4.69383
-3.16834 3.23956   -5.43501 3.97504
-3.16834 3.23956   2.23093 3.69925
-2.3648 3.22943   -2.72352 6.24432
-2.3648 3.22943   -9.83511 7.98072
-2.3648 3.22943   -9.02994 7.89604
-2.3648 3.22943   3.60074 9.96324
-2.3648 3.22943   -0.496785 8.6105
-2.3648 3.22943   -0.905525 4.5135
-2.3648 3.22943   -0.29644 5.23118
-2.3648 3.22943   -2.28606 3.42309
-2.3648 3.22943   2.2865 0.302562
1.89519 9.93151   -3.14969 6.06437
-3.14969 6.06437   -5.8043 6.20204
-3.14969 6.06437   -3.84673 5.76645
-3.14969 6.06437   0.715952 9.19579
-2.92298 5.94904   -0.331298 5.31425
-2.92298 5.94904   -3.60071 4.00488
-0.569699 5.44314   -2.50191 5.88531
-0.569699 5.44314   2.54035 9.94309
-0.569699 5.44314   1.73143 6.23847
-0.569699 5.44314   -1.87801 3.6598
-0.569699 5.44314   1.49716 2.5488
0.0823732 6.05575   -3.14574 6.12222
0.0823732 6.05575   -7.09748 8.24704
0.0823732 6.05575   0.107027 9.97878
0.0823732 6.05575   -0.597017 2.89798
0.0823732 6.05575   -1.29687 5.71217
0.0823732 6.05575   0.886774 4.97532
0.0823732 6.05575   0.901184 5.61332
0.0823732 6.05575   -2.03532 3.78807
0.0823732 6.05575   2.6251 2.37086
-2.36888 4.65486   -2.9222 5.95031
-2.36888 4.65486   -2.19939 4.81302
-1.00295 7.74075   -2.45284 6.22411
-2.45284 6.22411   -3.17082 6.98725
-3.95921 4.64192   -2.44762 6.27846
-4.07532 7.14192   -3.32471 6.13024
-3.32471 6.13024   -3.49847 6.06702
-4.62878 6.44752   -2.87778 6.00767
-4.62878 6.44752   -5.81458 5.6093
-3.12943 6.68063   -3.31515 6.95917
-3.12943 6.68063   -4.7098 5.49361
1.1261 7.39695   -3.52015 6.91533
1.1261 7.39695   -3.09419 6.46139
1.1261 7.39695   2.25108 8.59542
1.1261 7.39695   1.39656 9.95383
1.1261 7.39695   -0.67287 9.96008
1.1261 7.39695   2.28193 7.63066
1.1261 7.39695   -2.2409 3.63459
-3.51687 6.70092   -9.9723 4.59827
-3.51687 6.70092   -6.94477 8.3701
-3.51687 6.70092   -4.27148 6.56232
-3.51687 6.70092   -6.49951 4.65364
2.50842 2.56087   -3.18701 7.15205
2.50842 2.56087   -4.5523 6.35431
-3.18701 7.15205   -6.71996 5.42353
0.425124 5.0569   -3.31693 6.66727
0.425124 5.0569   -1.72218 3.62013
0.425124 5.0569   -4.2962 3.87956
-3.31693 6.66727   -6.82124 7.15651
-3.31693 6.66727   -6.90582 3.89017
-7.24364 4.67922   -3.23041 6.68279
-7.24364 4.67922   -5.18731 5.44233
-7.24364 4.67922   -6.97315 7.72767
-7.24364 4.67922   -5.70392 2.56555
-3.23041 6.68279   -3.06295 6.97235
-3.23041 6.68279   -3.91826 9.88928
-3.23041 6.68279   -7.22572 9.9643
-3.23041 6.68279   -0.672325 3.18222
-3.06295 6.97235   -7.73553 7.85666
-3.06295 6.97235   -6.98065 1.71651
-4.17557 6.33046   -3.12943 6.68063
-0.182981 7.36709   -3.27273 6.78166
-3.27273 6.78166   -6.40498 5.66023
-8.37184 5.43958   -3.02709 6.79435
-8.37184 5.43958   -5.7154 7.62538
-8.37184 5.43958   -5.81712 2.27759
-1.81407 8.32738   -3.28773 6.84996
-1.81407 8.32738   2.67162 8.53764
-1.81407 8.32738   -0.162944 8.57926
-1.81407 8.32738   3.63635 3.76886
-1.40396 8.08849   -3.41666 6.9514
-1.40396 8.08849   2.54702 9.96088
-1.40396 8.08849   -1.48431 7.85794
-8.60389 9.58749   -3.32218 6.39485
-8.60389 9.58749   -6.97972 9.43413
-8.60389 9.58749   -8.85484 9.9601
-8.60389 9.58749   -8.25023 9.96764
-3.93468 5.07844   -3.28585 6.84883
-3.93468 5.07844   -1.08472 5.07301
-3.93468 5.07844   -9.80301 3.71617
-1.24119 7.19567   -3.28905 6.51343
-1.24119 7.19567   -1.09647 7.45168
-1.24119 7.19567   -1.8322 7.27586
0.510197 0.801108   -3.42793 6.70819
-3.42793 6.70819   -9.83568 5.95194
-1.23795 6.71962   -3.20825 6.49685
-1.23795 6.71962   -3.85797 8.30745
-1.23795 6.71962   1.49447 0.813744
-6.94069 5.10604   -3.4012 8.18208
-6.94069 5.10604   -9.90528 7.03537
-6.94069 5.10604   -9.88958 6.50486
-6.94069 5.10604   -9.32237 5.60641
-6.94069 5.10604   -9.94403 5.31724
-6.94069 5.10604   -6.51334 6.62589
-6.94069 5.10604   -7.53869 7.16318
-6.94069 5.10604   -6.39631 4.95653
-6.94069 5.10604   -9.98039 -1.97713
-6.94069 5.10604   -9.97897 1.64705
-6.94069 5.10604   -9.91245 0.51821
-6.94069 5.10604   -9.98263 0.66519
-6.94069 5.10604   -5.36459 2.70484
-6.94069 5.10604   -4.98816 2.92583
-6.94069 5.10604   -6.35821 3.45529
-9.34374 1.22378   -3.427 7.58227
-9.34374 1.22378   -5.08247 5.55745
-9.34374 1.22378   -9.97271 1.2899
-9.34374 1.22378   -8.96591 1.06704
-9.34374 1.22378   -7.29604 1.96956
-3.15531 7.2842   -6.56952 6.66253
-3.10521 7.44054   -3.72183 8.06909
-3.10521 7.44054   -3.15938 8.61
-3.10521 7.44054   -6.40021 6.83444
-3.10521 7.44054   0.299203 5.11918
-3.10521 7.44054   -2.85032 5.62811
-3.10521 7.44054   1.5071 1.95763
-6.51996 3.18838   -3.20902 7.26084
-6.51996 3.18838   -9.98837 0.101467
-6.51996 3.18838   -7.29202 2.54461
-6.51996 3.18838   -5.52101 2.47354
-0.839408 6.49276   -2.73514 7.31945
-0.839408 6.49276   -3.84762 9.60123
-0.839408 6.49276   0.503845 5.92508
-2.73514 7.31945   -3.97289 6.94417
-2.73514 7.31945   -2.48239 7.74917
-2.73514 7.31945   -3.98484 9.91995
-2.73514 7.31945   -1.44287 8.04185
-2.73514 7.31945   -1.30403 8.20533
-2.73514 7.31945   -1.34888 8.75105
-2.73514 7.31945   6.09947 1.74135
-7.749 4.86703   -3.30557 7.16631
-7.749 4.86703   -9.74843 6.51732
-7.749 4.86703   -9.66825 7.22111
-7.749 4.86703   -6.93443 5.80782
-7.749 4.86703   -7.77407 4.57963
-7.749 4.86703   -8.92945 -1.61916
-7.749 4.86703   -2.37686 3.2554
-7.749 4.86703   -9.08755 2.51139
-7.749 4.86703   -4.92642 3.00582
-3.30557 7.16631   -3.21746 7.89414
-3.30557 7.16631   -0.558127 9.91449
-8.73455 1.17586   -3.60198 7.5421
-8.73455 1.17586   -9.96542 1.30574
-8.73455 1.17586   -9.97439 -0.724235
1.14993 9.65013   -3.61405 7.62957
1.14993 9.65013   -0.616708 9.40313
-3.61405 7.62957   -2.98825 7.72951
-3.31161 7.27613   -0.410518 5.91759
-3.69332 7.55097   -0.34532 8.18242
-3.69332 7.55097   -0.329907 2.27082
-3.04202 7.28844   -4.04341 8.27051
-2.97382 8.71823   -3.54985 7.37572
-2.97382 8.71823   -1.37754 9.96185
-2.97382 8.71823   1.26066 7.51923
-3.54985 7.37572   -6.45257 9.94708
-3.54985 7.37572   -6.74974 1.42795
-3.42946 7.19281   -5.45417 5.15809
-3.87943 7.90092   -2.99979 7.83335
-3.87943 7.90092   -4.36287 7.39774
-3.87943 7.90092   -4.08053 8.26638
-3.87943 7.90092   -6.79438 4.8943
-3.87943 7.90092   -1.67493 5.0121
-3.53684 7.07428   -3.48783 7.58077
-3.53684 7.07428   -9.27751 5.97153
-3.53684 7.07428   4.8501 9.04203
0.561768 9.91154   -3.34687 7.75981
-1.5607 6.03344   -3.21922 7.54607
-1.5607 6.03344   2.94845 9.90572
-1.5607 6.03344   -2.31011 5.3183
-7.59359 4.05278   -3.24094 7.38773
-3.24094 7.38773   -7.62023 9.94894
-1.80993 8.33023   -3.58173 7.43712
-1.80993 8.33023   -8.24923 0.880432
-3.21746 7.89414   -3.2527 7.71682
-3.21746 7.89414   -2.91666 8.15746
1.41771 7.77868   -4.3501 7.21795
1.41771 7.77868   -5.02088 7.67428
1.41771 7.77868   1.76998 5.99287
1.41771 7.77868   4.2121 3.25135
-4.3501 7.21795   -1.22672 6.21508
-4.2018 6.93318   -3.98466 9.88972
-4.2018 6.93318   -6.43085 7.64452
-4.2018 6.93318   -0.643232 8.35083
-3.97446 7.04501   -7.64292 9.85713
-3.97446 7.04501   -1.71192 6.69942
-3.97446 7.04501   -2.78514 3.9433
-3.97446 7.04501   -3.36443 4.02966
-4.06346 7.4718   -6.61509 9.99328
-4.06346 7.4718   -6.46176 8.06332
-5.08247 5.55745   -3.90596 7.48105
-5.08247 5.55745   -9.04453 6.15965
-5.08247 5.55745   1.49617 4.58881
3.01407 4.39194   -4.07532 7.14192
0.926679 0.398894   -3.86807 7.02188
0.926679 0.398894   5.75687 3.01147
0.926679 0.398894   -0.558822 0.483217
0.926679 0.398894   0.14973 0.231603
0.926679 0.398894   0.961398 1.56174
0.926679 0.398894   0.955989 0.444319
0.926679 0.398894   0.854163 0.364246
0.926679 0.398894   0.861705 0.35725
0.926679 0.398894   1.12682 0.890954
0.926679 0.398894   -0.625216 1.23544
0.926679 0.398894   -0.624329 0.998216
0.926679 0.398894   -0.679972 1.56358
-3.86807 7.02188   -2.67145 5.36824
-3.97289 6.94417   -1.81796 3.87672
-4.24561 8.10376   -3.90147 7.77133
-4.24561 8.10376   -3.99919 9.95618
-4.24561 8.10376   -9.91967 3.03058
-5.71536 7.65199   -3.97431 7.21549
-6.9287 6.64339   -3.87394 7.15744
-6.9287 6.64339   -5.88913 4.76294
-4.46848 7.12805   -3.98065 7.50341
-0.913386 9.84494   -3.8636 7.10005
0.727282 6.62888   -3.98228 7.12984
0.727282 6.62888   6.28731 9.93034
0.727282 6.62888   4.30702 2.39811
0.727282 6.62888   -0.522509 1.89819
3.40377 1.76506   -3.42685 8.3911
3.40377 1.76506   3.54166 1.39736
3.40377 1.76506   2.78684 1.47266
-3.42685 8.3911   -0.722121 8.65213
-3.72183 8.06909   -3.52574 8.35965
-3.72183 8.06909   -4.38058 8.24215
-3.72183 8.06909   -7.59469 4.76463
3.82477 1.85863   -3.55241 8.04166
-3.55241 8.04166   -8.09906 6.89077
-6.76364 7.91531   -3.26314 8.12288
-6.76364 7.91531   -8.87306 6.63195
-6.76364 7.91531   -7.95598 9.87051
-6.76364 7.91531   -7.91994 8.0922
-6.76364 7.91531   -8.55153 8.3737
-6.76364 7.91531   -6.27932 7.50994
-6.76364 7.91531   -1.61786 7.97456
-4.46972 7.73509   -3.87943 7.90092
-4.46972 7.73509   -2.98446 8.42728
-4.46972 7.73509   -3.32928 8.80024
-4.46972 7.73509   -6.10201 9.94306
-6.38873 7.91331   -3.37983 8.0757
-6.38873 7.91331   -9.9479 9.52194
-6.38873 7.91331   -6.22178 6.34504
-6.38873 7.91331   -1.54629 8.73966
-6.38873 7.91331   -9.20157 2.67854
-5.17643 7.26201   -3.36048 7.9466
-5.17643 7.26201   -3.60421 9.92182
-5.17643 7.26201   -7.32053 7.19066
-5.17643 7.26201   -7.82754 5.70615
-5.17643 7.26201   -4.99131 7.4464
-5.17643 7.26201   1.0797 6.7426
-5.17643 7.26201   -9.91577 3.75684
-5.17643 7.26201   -4.3587 4.2256
-3.31216 4.2093   -3.35112 7.88898
-3.31216 4.2093   -2.73706 3.87421
-3.31216 4.2093   -3.38656 4.06761
-5.27574 4.54333   -3.2564 8.12537
-5.27574 4.54333   -9.67289 7.60761
-5.27574 4.54333   0.542647 9.9744
-5.27574 4.54333   -5.9821 4.74052
-6.23303 1.89504   -3.30522 7.96647
3.25039 1.18431   -3.57459 8.18769
-5.80092 1.00424   -3.84968 7.86588
-5.80092 1.00424   -3.68113 8.78776
-5.80092 1.00424   -9.89514 3.99159
-5.80092 1.00424   -9.92028 6.25686
-5.80092 1.00424   -9.85725 5.16142
-5.80092 1.00424   -9.98284 5.35292
-5.80092 1.00424   -9.86107 5.44033
-5.80092 1.00424   -8.84885 7.73019
-5.80092 1.00424   -5.99307 5.16431
-5.80092 1.00424   -7.63822 5.28069
-5.80092 1.00424   -9.89967 1.19038
-5.80092 1.00424   -8.80924 0.679052
-5.80092 1.00424   -9.92713 0.385673
-5.80092 1.00424   -9.86038 0.246372
-5.80092 1.00424   -9.92017 0.377278
-5.80092 1.00424   -9.22594 0.56331
-5.80092 1.00424   -8.69057 3.08241
-5.80092 1.00424   -8.29927 3.48429
-5.80092 1.00424   -9.97681 2.80066
-5.80092 1.00424   -9.97897 2.55304
-5.80092 1.00424   -8.64491 2.57423
-5.80092 1.00424   -8.9331 2.87993
-5.80092 1.00424   -9.19128 2.40397
-5.80092 1.00424   -6.86781 0.769198
-5.80092 1.00424   -5.91618 1.26806
-5.80092 1.00424   -5.69063 1.48781
-5.80092 1.00424   -5.99593 1.39577
-5.80092 1.00424   -5.83186 1.19972
-5.80092 1.00424   -5.73712 1.14248
-5.80092 1.00424   -5.93893 0.96953
-5.80092 1.00424   -5.75357 1.07306
-5.80092 1.00424   -5.76754 1.0615
-5.80092 1.00424   -5.77217 1.0428
-5.80092 1.00424   -5.76545 1.04727
-5.80092 1.00424   -5.75317 1.0868
-5.80092 1.00424   -5.84703 1.10918
-5.80092 1.00424   -5.93989 1.17139
-5.80092 1.00424   -5.74372 1.11058
-5.80092 1.00424   -5.92687 1.09597
-5.80092 1.00424   -5.75278 1.06696
-5.80092 1.00424   -6.78185 1.60392
-5.80092 1.00424   -7.18934 1.47198
-5.80092 1.00424   -6.49415 1.29643
-5.80092 1.00424   -6.39741 2.59861
-5.80092 1.00424   -7.84576 1.74158
-5.80092 1.00424   -7.63822 1.66639
-5.80092 1.00424   -7.43409 1.85564
-5.80092 1.00424   -6.64416 2.20071
-5.80092 1.00424   -7.42143 1.29061
-5.80092 1.00424   -5.70397 3.04451
-5.80092 1.00424   -5.29963 3.12479
-5.80092 1.00424   -7.17203 3.66026
-5.80092 1.00424   -6.9616 4.56197
-5.80092 1.00424   -5.57931 4.52723
-5.80092 1.00424   -4.54344 4.86795
2.32937 8.60674   -3.43341 7.92154
2.32937 8.60674   4.57326 1.89465
2.46938 7.79762   -3.60747 7.91221
2.46938 7.79762   -2.41106 7.59518
2.46938 7.79762   -2.9176 3.74841
2.46938 7.79762   8.66288 5.07368
0.953666 3.00666   -3.5648 7.98298
0.953666 3.00666   3.35822 9.03254
0.953666 3.00666   -1.85949 7.30942
0.953666 3.00666   -0.96622 2.85081
0.953666 3.00666   0.970358 2.7421
2.41854 5.65235   -3.42042 7.8333
2.41854 5.65235   2.36208 7.14463
-7.13735 0.715168   -2.74938 7.76471
-7.13735 0.715168   -9.0586 4.28683
-7.13735 0.715168   -9.60844 3.75548
-7.13735 0.715168   -7.21092 0.589249
-7.13735 0.715168   -5.27293 4.3509
-2.74938 7.76471   -2.37075 5.3432
-2.68771 7.61152   -1.05821 9.89789
-2.68771 7.61152   0.120981 6.58086
-2.6615 7.43233   -7.29318 9.97123
2.78882 7.93061   -2.45673 7.61127
2.78882 7.93061   3.90782 4.48914
-2.45673 7.61127   -9.82172 8.45515
-2.45673 7.61127   -1.08608 9.98507
-2.48239 7.74917   -0.59029 9.90121
-2.48239 7.74917   3.77532 9.48138
-1.05412 8.49775   -2.7664 7.62671
-1.05412 8.49775   -9.32617 7.1455
-1.05412 8.49775   0.294384 6.2194
-1.05412 8.49775   -6.70492 1.22803
-4.64692 5.1073   -2.57311 7.6998
-4.8896 4.49861   -2.81147 7.97541
-4.8896 4.49861   -5.6076 2.09672
-4.8896 4.49861   -3.83914 3.32545
-3.31538 5.19457   -2.73422 7.66692
-3.6773 9.89748   -3.28946 4.91149
-2.765 3.47916   -3.85708 9.31323
-2.765 3.47916   -3.15476 3.75523
-2.765 3.47916   -3.04048 4.59376
-3.62935 9.8402   -3.82348 9.92274
-4.75215 4.15697   -4.02513 9.91581
-4.75215 4.15697   -5.58783 6.95864
-4.75215 4.15697   -0.288084 4.97193
-4.75215 4.15697   -0.703187 4.79445
-4.75215 4.15697   -6.09784 2.52626
-4.75215 4.15697   -4.82834 2.98037
-4.75215 4.15697   -4.75692 4.49023
-7.57973 5.93763   -3.70566 9.8757
-7.57973 5.93763   -4.41824 7.80245
-7.57973 5.93763   -9.93299 6.54263
-7.57973 5.93763   -6.4498 6.45921
-7.57973 5.93763   -7.85766 6.66226
-7.57973 5.93763   -8.125 6.58116
-7.57973 5.93763   -7.21823 5.90296
-7.57973 5.93763   -6.93192 6.14586
-7.57973 5.93763   -7.82041 3.22752
-7.57973 5.93763   -9.90706 2.82382
-7.57973 5.93763   -9.99511 3.41748
-7.57973 5.93763   -5.34651 2.4503
-7.57973 5.93763   -4.94906 2.88696
-7.57973 5.93763   -4.18079 3.27709
-7.57973 5.93763   -6.95537 4.26363
-3.70566 9.8757   -8.06809 9.79247
-3.74524 9.30928   1.15092 6.13889
-5.01838 5.30175   -3.68796 9.69831
-3.68796 9.69831   -1.911 5.54253
-0.576084 7.61143   -3.71456 9.95488
-0.576084 7.61143   8.77855 -2.36016
-1.41462 9.27964   -3.80296 9.82075
-3.80296 9.82075   -3.76043 9.93332
-5.77292 6.80294   -3.90924 9.87231
-5.77292 6.80294   -5.31555 7.27478
-2.80835 9.03316   -3.97953 9.76492
-2.80835 9.03316   -2.66701 8.84914
0.883965 6.26368   -3.95199 9.85287
0.883965 6.26368   -0.929317 4.82431
-6.89569 4.46277   -3.96233 9.62346
-6.89569 4.46277   -9.5515 1.62334
-4.05622 5.88547   -3.51807 9.82914
-5.78712 8.1585   -3.65602 9.88299
-5.78712 8.1585   -9.9224 8.8364
-5.41362 3.11729   -3.77867 9.57336
-5.41362 3.11729   -5.92123 3.34002
-0.302215 6.33175   -3.45609 9.1634
-0.302215 6.33175   2.76493 9.99563
-2.5719 8.72147   -1.79285 7.9717
-2.5719 8.72147   -1.45678 9.9901
-2.5719 8.72147   0.554089 6.15498
-2.5719 8.72147   -0.605328 5.01019
-6.54979 5.5168   -2.27115 7.85145
-6.54979 5.5168   -7.06752 6.11141
-6.54979 5.5168   -7.0638 7.44188
-6.54979 5.5168   -5.13978 3.11359
-6.54979 5.5168   2.27768 2.88975
-2.14496 4.81011   -3.23885 8.75241
-1.72149 6.55303   -3.42944 8.60834
-1.72149 6.55303   2.19628 9.89871
-1.72149 6.55303   -0.913386 9.84494
-1.72149 6.55303   -2.17332 6.23933
6.27024 -1.55707   -2.43274 7.98956
6.27024 -1.55707   6.91247 -3.11266
6.27024 -1.55707   4.80458 1.55831
6.27024 -1.55707   5.09627 -3.0672
-3.32928 8.80024   -1.63121 7.04368
3.21699 -0.181686   -2.10087 8.28164
3.21699 -0.181686   -0.181731 7.07696
3.21699 -0.181686   9.89765 2.21763
3.21699 -0.181686   6.06854 -2.52289
3.21699 -0.181686   9.99285 -1.75217
3.21699 -0.181686   9.19733 -0.00806687
3.21699 -0.181686   2.40177 3.62136
3.21699 -0.181686   1.50183 3.18445
3.21699 -0.181686   2.29869 2.94373
3.21699 -0.181686   2.77918 2.0032
3.21699 -0.181686   3.35059 -0.0080793
3.21699 -0.181686   3.12436 -0.109522
3.21699 -0.181686   4.95715 0.89466
3.21699 -0.181686   3.08899 0.0222341
3.21699 -0.181686   0.990612 2.15116
3.21699 -0.181686   1.02181 1.1255
-2.10087 8.28164   -2.17541 7.83534
-2.10087 8.28164   1.8325 6.82785
-2.10087 8.28164   1.59018 6.6145
-2.10087 8.28164   -5.35135 3.71826
1.27751 2.77771   -2.96261 8.46268
1.27751 2.77771   -0.990512 5.06422
1.27751 2.77771   0.751376 2.00658
1.27751 2.77771   1.32397 0.644228
0.374731 5.79989   -3.16668 9.22231
-7.25683 3.16125   -2.97382 8.71823
-7.25683 3.16125   -8.39883 9.86668
-7.25683 3.16125   -8.27526 0.725184
-7.25683 3.16125   -5.78968 2.44771
1.44034 6.18954   -2.28397 8.16699
1.44034 6.18954   1.05645 6.50525
1.44034 6.18954   1.27512 6.25203
0.00993973 9.7284   -2.81203 8.36599
0.00993973 9.7284   0.0746294 9.92824
3.18125 0.354479   -2.24539 7.80123
-6.31007 4.34006   -2.63114 8.20555
-6.31007 4.34006   -5.95006 6.1165
-6.31007 4.34006   0.240085 7.46017
-2.63114 8.20555   -9.96201 3.27125
2.2517 1.9797   -2.55296 8.77173
2.2517 1.9797   1.91495 9.9369
2.2517 1.9797   3.92722 4.55223
2.2517 1.9797   1.62451 0.641537
-2.55296 8.77173   -0.759109 2.81301
-2.29747 7.74961   4.98374 9.99141
0.947455 4.08445   -2.02415 7.65522
-2.66701 8.84914   -5.54789 5.86959
-2.66701 8.84914   0.144152 6.6713
1.62998 4.8197   -2.41429 8.76617
1.62998 4.8197   -1.40396 8.08849
1.62998 4.8197   1.15177 4.36156
-2.4067 8.04878   4.66007 9.7195
-2.4067 8.04878   -3.67777 3.81146
-1.64177 8.10023   -2.01607 7.88035
-2.01607 7.88035   -0.867805 9.12044
-2.01607 7.88035   -5.15076 4.29026
-6.9616 4.56197   -2.62384 8.36852
-5.86199 7.53889   -2.25974 8.13283
-5.86199 7.53889   -6.3935 9.56658
-5.86199 7.53889   -6.09227 7.72273
-5.86199 7.53889   -4.41113 3.85952
3.43043 0.689126   -3.04953 9.21599
3.43043 0.689126   3.47029 0.78599
3.57085 1.63733   -2.46432 8.09969
3.57085 1.63733   2.5399 3.31117
0.242524 6.46904   -2.67712 8.14268
0.242524 6.46904   -1.36051 9.27656
0.242524 6.46904   5.62954 3.01667
-2.67712 8.14268   2.51212 7.39452
1.44186 9.91904   -1.9638 8.05072
-4.43477 6.78989   -2.74067 7.99247
-8.96591 1.06704   -4.3167 8.43719
-6.01929 0.942207   -4.14761 8.24062
-6.01929 0.942207   -8.38714 4.62338
-6.01929 0.942207   -5.15103 5.78465
-6.01929 0.942207   -9.97049 0.488418
-6.01929 0.942207   -9.24465 0.478176
-6.01929 0.942207   -5.86001 0.992838
-6.01929 0.942207   -5.76683 1.20185
-6.01929 0.942207   -6.38031 1.13601
-6.01929 0.942207   -5.79747 1.0645
-6.01929 0.942207   -5.67138 2.45545
-6.01929 0.942207   -5.02222 3.46833
-6.01929 0.942207   -7.43602 3.73446
-6.01929 0.942207   -5.7919 4.46505
-0.705712 1.64863   -3.61848 8.94323
-0.705712 1.64863   -0.0504255 2.08673
-8.28061 3.04245   -4.5043 8.01709
-8.28061 3.04245   -9.81258 0.925114
-4.28642 8.05466   -7.06059 7.74982
-4.28642 8.05466   4.52368 0.226684
-4.41824 7.80245   -5.91126 9.86515
-4.41824 7.80245   -7.43651 7.56215
-4.41824 7.80245   -9.96639 0.36444
-6.59601 6.12025   -4.24561 8.10376
-6.59601 6.12025   -9.46676 9.87885
-6.59601 6.12025   -6.37933 5.99429
-6.59601 6.12025   -7.85438 6.15246
-6.59601 6.12025   -9.77403 1.60593
-6.59601 6.12025   -4.27037 3.20744
-6.59601 6.12025   -4.11372 4.47622
0.872366 3.95358   -3.60402 8.77646
0.872366 3.95358   0.491125 3.27092
0.872366 3.95358   2.27 4.6232
0.872366 3.95358   1.40546 4.04498
0.872366 3.95358   9.90241 -2.47341
-3.60402 8.77646   -4.27235 7.90346
-3.92218 8.69493   -5.3521 7.92096
-4.37119 8.19943   -9.8695 2.90645
0.31825 6.8241   -3.9411 8.76536
0.31825 6.8241   -0.101433 8.27023
0.31825 6.8241   0.557354 6.35904
0.31825 6.8241   6.97868 9.82683
0.31825 6.8241   -0.998335 6.18804
0.31825 6.8241   7.59254 2.65023
-3.9411 8.76536   -9.26012 8.24922
-3.51989 8.53337   3.60203 0.922166
-6.41392 8.13357   -3.59146 8.64117
-6.41392 8.13357   -9.91995 8.49595
-6.41392 8.13357   -9.92991 9.42287
-6.41392 8.13357   -8.3997 7.96715
-6.41392 8.13357   -5.92501 6.79137
-6.41392 8.13357   -6.4712 8.09946
-8.19444 4.12743   -4.68334 7.46657
-8.19444 4.12743   -7.49657 5.85072
-8.19444 4.12743   -9.16853 -1.49289
-8.19444 4.12743   -9.91642 2.42946
-8.19444 4.12743   -5.7115 2.67638
-4.68334 7.46657   -5.96188 9.9402
-4.68334 7.46657   -2.15584 6.14063
-7.15869 9.48549   -3.8785 8.86419
-7.15869 9.48549   -6.43089 9.90446
-7.15869 9.48549   -6.87698 9.51752
-7.15869 9.48549   -6.85453 9.90479
-7.15869 9.48549   -6.99788 9.84604
-7.15869 9.48549   -8.19977 9.38728
-7.15869 9.48549   -9.87695 9.52273
-7.15869 9.48549   -7.38753 9.20305
-4.33718 8.70862   -7.7442 9.51009
-4.33718 8.70862   -8.31965 9.96287
-3.68113 8.78776   -6.55432 9.30541
-4.17559 7.93352   -6.71677 9.92871
-4.08053 8.26638   1.53969 2.52481
0.854163 0.364246   -3.94808 8.58875
-7.17265 5.51287   -4.51911 7.93041
-7.17265 5.51287   -4.20158 8.30642
-7.17265 5.51287   -9.83386 4.95226
-7.17265 5.51287   -9.93285 0.417015
-1.15156 3.91848   -3.71035 8.36848
-1.15156 3.91848   -2.91509 3.61197
-3.71035 8.36848   2.4785 3.14792
-0.33093 7.17465   -4.22914 9.03745
0.612168 8.36604   -4.56133 7.61484
0.612168 8.36604   0.640169 9.92089
-4.56133 7.61484   -6.89928 6.53113
-5.74237 6.29512   -4.64384 7.47075
-5.74237 6.29512   -9.8743 6.26417
-5.74237 6.29512   2.92235 1.15592
-9.28805 3.32584   -4.24915 7.8856
-9.28805 3.32584   -9.96392 1.60411
-9.28805 3.32584   -9.99069 0.42002
-9.28805 3.32584   -8.5811 1.44311
-9.28805 3.32584   -9.29509 2.86551
-9.28805 3.32584   -9.83973 3.30449
-7.7045 5.17305   -4.18576 8.18778
-7.7045 5.17305   -7.26038 9.86137
-7.7045 5.17305   -5.52041 5.22384
-7.7045 5.17305   -0.0195684 9.99964
-7.7045 5.17305   -9.86645 3.68652
-7.7045 5.17305   -6.93612 4.42383
-4.04341 8.27051   -4.45563 7.95821
0.245958 9.21628   -3.82127 8.27362
-8.22345 5.88209   -4.58028 7.30361
-8.22345 5.88209   -8.31927 6.20256
-8.22345 5.88209   -6.86316 7.55512
-8.22345 5.88209   -4.86416 3.10606
-6.91256 9.91671   -4.08095 8.83905
-4.43927 3.86534   -3.73222 8.34732
-4.43927 3.86534   -3.06815 4.29806
-4.27259 5.88113   -4.34116 8.2035
-4.27259 5.88113   -5.72966 9.98124
-4.27259 5.88113   -7.21946 6.81412
-4.27259 5.88113   -1.8359 3.22609
-4.27259 5.88113   -4.29918 3.58697
-8.87306 6.63195   -9.98934 4.50068
-8.87306 6.63195   -9.95476 7.08052
-8.87306 6.63195   -9.88015 7.10547
-8.87306 6.63195   -9.88081 5.50487
-8.87306 6.63195   -9.83591 5.75469
-8.87306 6.63195   -9.96183 5.57859
-8.87306 6.63195   -9.63374 8.59212
-8.87306 6.63195   -9.9836 9.97176
-8.87306 6.63195   -7.05899 6.80125
-8.87306 6.63195   -5.6913 7.83744
-8.87306 6.63195   -5.3782 2.55514
-8.87306 6.63195   -3.08968 5.39903
-8.87306 6.63195   -5.44488 4.43794
-9.95476 7.08052   -5.40473 2.65241
-4.94906 2.88696   -9.34485 6.61644
-4.94906 2.88696   -6.94069 5.10604
-4.94906 2.88696   -5.16518 2.54727
-4.94906 2.88696   -4.95131 2.76939
-9.34485 6.61644   -9.24538 7.92737
-9.34485 6.61644   -6.16236 9.93468
-9.34485 6.61644   -6.79881 3.10719
-9.96464 6.02989   -9.45603 6.81584
-9.96464 6.02989   -8.05241 9.03201
-9.45603 6.81584   -9.28437 6.75511
-8.58973 6.14627   -8.85055 6.83873
-8.58973 6.14627   -9.96464 6.02989
-8.58973 6.14627   -9.85475 5.68324
-8.58973 6.14627   -9.92083 5.08001
-8.58973 6.14627   -8.70069 6.20029
-8.58973 6.14627   -7.89313 9.60403
-8.58973 6.14627   -8.60389 9.58749
-8.58973 6.14627   -7.42892 7.13074
-8.58973 6.14627   -6.49476 5.67317
-8.58973 6.14627   -8.44224 -0.825956
-8.58973 6.14627   -9.97875 2.27839
-8.85055 6.83873   -8.21587 4.68636
-8.85055 6.83873   -9.87051 6.22523
-8.85055 6.83873   -6.89487 8.74334
-8.85055 6.83873   -5.85106 2.08479
-7.15731 6.36904   -8.76243 6.86453
-8.76243 6.86453   -9.96206 6.74178
-9.10765 6.28403   -9.0978 6.37091
-9.10765 6.28403   -9.87226 6.71984
-9.0978 6.37091   -9.98362 6.89536
-9.0978 6.37091   -9.92321 5.72881
-9.0978 6.37091   -9.99398 5.38292
-9.0978 6.37091   -7.62971 8.00974
-9.28437 6.75511   -9.18751 6.81924
-7.37025 7.83771   -8.71805 6.9854
-7.37025 7.83771   -5.72261 9.99635
-7.37025 7.83771   -7.16093 9.9462
-8.71805 6.9854   -8.24812 5.85956
-8.71805 6.9854   -9.93715 5.95623
-9.18751 6.81924   -8.05903 6.21992
-9.18751 6.81924   -9.96431 3.45294
-9.04453 6.15965   -8.70638 6.80462
-9.04453 6.15965   -9.94346 7.14099
-9.04453 6.15965   -8.18249 6.25532
-9.04453 6.15965   -8.88475 5.34637
-9.04453 6.15965   -4.54972 5.38832
-8.70638 6.80462   -9.16577 7.20711
-8.70638 6.80462   -9.97132 9.12924
-5.58001 5.42614   -9.28386 6.65334
-5.58001 5.42614   -5.55843 5.43145
-4.53287 6.76521   -8.48252 6.36392
-6.76263 3.10332   -9.08796 6.74547
-6.76263 3.10332   -9.99431 2.41262
-6.76263 3.10332   -7.4776 1.71844
-6.76263 3.10332   -5.61728 2.37167
-6.76263 3.10332   -4.99367 4.86872
-8.6979 1.36246   -8.8807 6.75198
-5.26255 2.21078   -9.93637 7.22131
-5.26255 2.21078   -9.95867 7.1083
-5.26255 2.21078   -9.88366 5.2152
-5.26255 2.21078   -9.20656 9.84524
-5.26255 2.21078   -9.08545 7.32601
-5.26255 2.21078   -8.92856 8.15699
-5.26255 2.21078   -8.92729 7.97006
-5.26255 2.21078   -6.07114 9.45577
-5.26255 2.21078   -6.91069 8.33947
-5.26255 2.21078   -7.20674 8.60438
-5.26255 2.21078   -8.18465 8.87475
-5.26255 2.21078   -5.74737 6.5717
-5.26255 2.21078   -7.57973 5.93763
-5.26255 2.21078   -9.84898 -0.935268
-5.26255 2.21078   -9.92849 1.3325
-5.26255 2.21078   0.00476425 9.83549
-5.26255 2.21078   -5.53002 1.82023
-5.26255 2.21078   -8.92061 2.9699
-5.26255 2.21078   -8.37952 2.61764
-5.26255 2.21078   -6.26313 1.59656
-5.26255 2.21078   -5.93075 2.14958
-5.26255 2.21078   -6.2605 0.976313
-5.26255 2.21078   -6.16198 0.935859
-5.26255 2.21078   -6.12147 1.13117
-5.26255 2.21078   -6.04942 0.992933
-5.26255 2.21078   -6.0349 1.04999
-5.26255 2.21078   -6.98421 2.61443
-5.26255 2.21078   -5.08693 2.36098
-5.26255 2.21078   -5.44291 2.5152
-5.26255 2.21078   -5.7046 2.52168
-5.26255 2.21078   -5.86162 2.84406
-5.26255 2.21078   -6.05125 2.85402
-5.26255 2.21078   -2.71105 5.39244
-5.26255 2.21078   -6.53338 3.76265
-5.26255 2.21078   -6.18951 3.1704
-9.73919 6.96398   -9.97112 6.94308
-9.73919 6.96398   -9.93312 6.64372
-9.73919 6.96398   -9.02686 5.7879
-9.73919 6.96398   -9.98775 7.29685
-9.88474 7.21449   -9.95311 7.35278
-7.06752 6.11141   -9.92645 6.94564
-7.06752 6.11141   -9.86768 4.76679
-7.06752 6.11141   -9.94263 7.37918
-7.06752 6.11141   -7.94316 8.00772
-7.06752 6.11141   -7.54668 6.66254
-7.06752 6.11141   -7.89371 6.72544
-7.06752 6.11141   -7.54024 5.36519
-7.06752 6.11141   -6.80399 3.90077
-6.64712 2.91691   -9.60429 7.10912
-6.06494 1.44605   -9.99127 7.04567
-6.06494 1.44605   -5.99545 2.00737
-6.06494 1.44605   -6.12309 1.34822
-5.89488 4.48136   -9.9896 6.80672
-5.89488 4.48136   -9.71146 5.34312
-5.89488 4.48136   -8.21997 9.84626
-5.89488 4.48136   -9.91008 1.8072
-5.89488 4.48136   -5.57471 2.83842
-9.64882 7.27177   -9.98003 6.91905
-9.64882 7.27177   -9.9998 7.40759
-9.64882 7.27177   -9.93758 7.36189
-9.64882 7.27177   -5.39034 5.0239
-7.85766 6.66226   -9.9575 7.12112
-7.85766 6.66226   -9.98065 4.37296
-7.85766 6.66226   -9.92509 6.22043
-7.85766 6.66226   -9.98537 5.09513
-7.85766 6.66226   -9.94988 8.8831
-7.85766 6.66226   -7.16454 7.84463
-7.85766 6.66226   -7.73586 6.58872
-7.85766 6.66226   -7.26226 6.78636
-7.85766 6.66226   -5.4454 5.30195
-7.85766 6.66226   -6.73172 7.68357
-7.85766 6.66226   1.37354 1.39496
-9.24538 7.92737   -9.94644 7.06395
-1.61674 8.73404   -9.98111 6.84604
-1.61674 8.73404   -0.389546 6.35893
-9.44482 8.51192   -9.47178 6.96451
-9.44482 8.51192   -9.92635 8.24311
-9.44482 8.51192   -9.89125 8.24435
-9.44482 8.51192   -6.03604 8.67798
-9.44482 8.51192   -9.99428 9.66594
-9.44482 8.51192   -9.40919 9.94709
-9.44482 8.51192   -8.6263 9.98482
-9.44482 8.51192   -6.96637 2.88775
-6.51334 6.62589   -9.8822 7.072
-6.51334 6.62589   -1.91921 5.00208
-6.07841 7.12085   -9.89969 6.78519
-6.07841 7.12085   -8.6983 9.98797
-8.76868 6.11887   -9.86682 7.07546
-8.76868 6.11887   -9.89343 4.70609
-5.34792 1.96327   -9.86196 6.94
-5.34792 1.96327   -4.44136 5.45325
-5.34792 1.96327   -9.85852 0.361587
-5.34792 1.96327   -9.90346 0.970438
-5.34792 1.96327   -6.37255 1.22771
-5.34792 1.96327   -6.3584 2.68689
-5.34792 1.96327   -6.61472 2.64482
-5.34792 1.96327   -5.31463 1.97514
-5.34792 1.96327   -5.87809 2.77095
-5.34792 1.96327   -5.63787 3.36859
-7.42678 4.93382   -9.971 7.16202
-7.7144 -1.54647   -9.97747 6.84375
-7.7144 -1.54647   -8.24385 -0.521393
-7.7144 -1.54647   -7.743 -1.6962
-7.7144 -1.54647   -9.87959 0.575343
-7.34012 9.98706   -9.89407 6.31971
-5.74118 1.199   -9.55704 6.6733
-5.74118 1.199   -7.93842 2.92589
-5.74118 1.199   -6.01929 0.942207
-5.74118 1.199   -6.26523 0.866857
-5.74118 1.199   -5.91355 0.99707
-5.74118 1.199   -5.89536 1.02417
-9.55704 6.6733   -9.95186 6.37261
-9.55704 6.6733   -9.98147 3.93957
-9.55704 6.6733   -9.99294 6.04313
-9.55704 6.6733   -9.94748 5.47048
-9.95186 6.37261   -8.83553 7.57334
-9.74843 6.51732   -9.03032 1.37838
-9.74843 6.51732   -7.79881 3.33333
-9.74843 6.51732   -6.04179 1.78885
-8.19977 9.38728   -9.96483 6.54527
-8.19977 9.38728   -9.95135 6.7006
-8.19977 9.38728   -7.14994 8.3618
-8.19977 9.38728   -7.077 7.95134
-8.19977 9.38728   -6.38873 7.91331
-8.19977 9.38728   -5.27864 3.02878
-5.24136 2.87304   -9.82467 6.50405
-5.24136 2.87304   -3.29661 4.08128
-7.17993 7.31616   -9.89349 6.39098
-6.69244 5.57193   -9.93135 6.48413
-6.69244 5.57193   -0.27456 9.88443
-6.69244 5.57193   -3.18316 3.71777
-6.69244 5.57193   -5.34786 2.90589
-9.87051 6.22523   -9.93683 6.43527
-7.11137 9.45549   -9.88172 6.50736
-7.11137 9.45549   -7.62122 9.90958
-7.11137 9.45549   -7.21093 9.93679
-7.11137 9.45549   -7.23299 9.84437
-7.11137 9.45549   -6.41392 8.13357
-9.28158 6.02044   -9.96449 6.35915
-9.28158 6.02044   -9.97453 6.55753
-9.28158 6.02044   -8.31213 6.89792
-9.28158 6.02044   -9.95779 4.00511
-7.56022 3.50041   -9.96516 6.31962
-7.65546 6.18721   -9.98425 6.37639
-9.07872 5.97128   -9.97392 6.44002
-9.07872 5.97128   -7.98837 0.59156
-8.80016 5.83369   -9.88071 6.55732
-8.80016 5.83369   -9.95937 4.52747
-8.80016 5.83369   -7.71592 5.74249
-8.80016 5.83369   -0.793905 8.34511
-8.80016 5.83369   -1.95967 6.42075
-8.80016 5.83369   -9.53207 3.72494
-5.10976 2.33554   -9.43419 6.48147
-5.10976 2.33554   -7.44742 6.59506
-5.10976 2.33554   -6.58835 5.66902
-5.10976 2.33554   -4.93678 2.47815
-5.10976 2.33554   -5.18332 4.29548
-8.10329 6.16655   -9.83078 6.49838
-8.10329 6.16655   -6.08173 9.81959
-8.10329 6.16655   -6.74069 4.73565
-8.10329 6.16655   -1.05929 5.6305
-8.55153 8.3737   -9.86953 6.63465
-8.55153 8.3737   -9.97453 7.34674
-8.55153 8.3737   -5.94725 9.89731
-8.55153 8.3737   -7.17015 9.93934
-8.55153 8.3737   -6.83453 9.34769
-8.55153 8.3737   -7.70809 9.90343
-8.55153 8.3737   -9.94335 9.05464
-8.55153 8.3737   -0.592575 4.28047
-9.67357 6.09336   -9.95593 6.38206
-9.67357 6.09336   -9.9439 6.03599
-4.92723 6.34338   -9.98473 6.74036
-4.92723 6.34338   -9.94411 4.94942
-4.92723 6.34338   -2.71329 3.30932
-4.92723 6.34338   1.22616 0.467609
-8.63665 5.83284   -9.95653 6.37183
-7.71045 7.67103   -9.47871 6.59686
-7.71045 7.67103   -3.66102 3.78772
-7.71045 7.67103   -5.89488 4.48136
-9.70938 6.35497   -9.20544 8.9988
-6.87333 9.02095   -9.58853 6.40163
-9.58853 6.40163   -8.72029 8.87369
-9.83004 5.5947   -9.98597 6.51877
-8.31213 6.89792   -8.3001 9.91843
-8.31213 6.89792   -4.96973 4.58305
-8.35942 6.6658   -9.97174 5.11232
-8.35942 6.6658   -9.90727 7.9992
-8.35942 6.6658   -6.6634 3.01986
-6.03325 2.89804   -8.59713 6.89694
-6.03325 2.89804   -5.76061 2.33122
-8.59713 6.89694   -9.98112 5.97589
-8.59713 6.89694   -9.99374 9.32144
-8.59713 6.89694   -9.81098 -1.8119
-8.59713 6.89694   -7.35294 3.70327
-8.47898 7.00589   -9.90545 7.90434
-8.47898 7.00589   -6.37812 1.49942
-6.16209 7.81905   -8.5787 6.98146
-6.16209 7.81905   -7.78736 9.87135
-8.45536 0.288277   -9.94203 4.57749
-8.45536 0.288277   -8.37396 0.180614
-8.45536 0.288277   -7.76501 -0.374151
-8.45536 0.288277   -9.92603 -0.361921
-8.45536 0.288277   -9.94317 3.64261
-8.45536 0.288277   -7.93742 0.430663
-8.45536 0.288277   -5.36468 5.0596
-8.45536 0.288277   -4.82374 4.63366
-9.89977 4.45541   -7.43557 9.39368
-9.41819 4.75709   -9.96549 4.59617
-9.41819 4.75709   -8.65421 4.36563
-9.35145 3.64784   -9.95252 4.4832
-9.35145 3.64784   -8.62322 4.54161
-9.35145 3.64784   -9.95018 3.70228
-9.35145 3.64784   -9.27156 3.46123
-9.35145 3.64784   -9.56946 3.10927
-6.39631 4.95653   -9.99444 4.60862
-6.39631 4.95653   -9.85771 1.35242
-8.81573 4.07087   -9.92611 4.54131
-8.81573 4.07087   -8.28505 9.97632
-8.81573 4.07087   -8.19444 4.12743
-8.81573 4.07087   -8.52189 4.16167
-8.81573 4.07087   -6.11596 1.76957
-8.81573 4.07087   -5.60345 2.60357
-8.81573 4.07087   -7.01944 4.38404
-8.55881 5.02836   -9.82116 4.58321
-8.55881 5.02836   -9.24351 9.90081
-8.55881 5.02836   -7.88517 6.26018
-8.55881 5.02836   -9.00415 4.07898
-8.55881 5.02836   -7.4064 3.42029
-8.55881 5.02836   -6.03978 3.87585
-9.20616 4.1062   -9.88087 4.70086
-9.20616 4.1062   -9.95871 4.07793
-9.20616 4.1062   -5.84988 6.68113
-9.20616 4.1062   -9.64684 3.63793
-3.66239 3.27751   -9.91803 4.66547
-3.66239 3.27751   -3.5074 5.85527
-3.66239 3.27751   -1.42492 3.98157
-3.66239 3.27751   -4.52324 3.58724
-3.66239 3.27751   -4.82055 4.45889
-9.85111 4.32057   -6.5615 1.57768
-9.43766 4.55008   -9.98843 4.6076
-9.43766 4.55008   -9.96916 4.73613
-7.0638 7.44188   -9.93404 4.61287
-7.0638 7.44188   -7.01912 7.28133
-7.35213 0.465465   -9.93868 4.63311
-7.62194 8.39209   -9.97691 4.51218
-7.62194 8.39209   -6.97938 8.30209
-7.62194 8.39209   -7.76429 8.91821
-8.70784 4.31085   -9.99464 4.24486
-7.27149 6.29858   -9.82356 4.32095
-7.27149 6.29858   -6.95846 7.03147
-8.42919 3.57152   -9.80432 4.54115
-8.42919 3.57152   -9.83372 3.25339
-8.42919 3.57152   -7.94138 1.43141
-8.42919 3.57152   -8.44494 1.1632
-6.93443 5.80782   -9.93523 4.41819
-9.42749 4.5451   -9.92742 4.38695
-9.42749 4.5451   -9.11851 4.92748
-9.42749 4.5451   -8.46185 3.87409
-9.42749 4.5451   -8.50616 1.48233
-9.60114 4.17695   -9.87881 4.28088
-9.60114 4.17695   -9.93867 5.20891
-9.60114 4.17695   -7.43585 9.99783
-9.56588 9.06176   -9.80579 4.33344
-9.56588 9.06176   -6.19721 9.9845
-9.56588 9.06176   -8.48617 9.27877
-9.56588 9.06176   -7.98317 9.91663
-9.56588 9.06176   -9.90003 9.26534
-9.56588 9.06176   -9.92247 8.80925
-9.56588 9.06176   -9.95213 9.23824
-9.56588 9.06176   -9.9626 9.17932
-9.56588 9.06176   -9.87402 9.34492
-9.56588 9.06176   -9.95959 8.83077
-9.56588 9.06176   -8.35566 9.97789
-9.56588 9.06176   -7.73501 8.60205
-9.56588 9.06176   -3.66151 3.9121
-8.14483 6.00364   -9.92465 4.5786
-8.46185 3.87409   -9.97134 4.65813
-8.46185 3.87409   -8.55761 6.22969
-8.46185 3.87409   -9.86035 0.0201234
-8.46185 3.87409   -7.87659 3.4885
-6.21718 6.93394   -9.88149 4.45237
-8.65855 2.88156   -9.8575 4.38973
-8.65855 2.88156   -9.83784 1.75025
-9.14169 3.50367   -9.91051 4.31373
-9.88366 5.2152   -9.17315 4.04715
-9.17315 4.04715   -9.26693 4.2323
-7.64999 -0.136171   -9.20616 4.1062
-7.64999 -0.136171   -9.99222 -1.0151
-7.64999 -0.136171   -9.81825 0.672613
-7.64999 -0.136171   -9.9572 2.26444
-7.64999 -0.136171   -8.60527 2.58622
-7.64999 -0.136171   -7.56283 -0.136619
-6.08999 8.82258   -9.29974 4.24652
-6.08999 8.82258   -5.76477 9.9896
-6.08999 8.82258   -6.3572 9.40634
-6.08999 8.82258   -8.46175 8.32135
-6.08999 8.82258   -3.07033 4.33912
-9.29974 4.24652   -9.96448 4.19472
-9.29974 4.24652   -9.91859 4.96331
-9.29974 4.24652   -6.05375 2.05096
-9.70972 7.76454   -9.1673 4.32276
-9.70972 7.76454   -9.97787 7.49863
-9.70972 7.76454   -9.9844 9.09409
-9.70972 7.76454   -8.67454 9.99681
-9.70972 7.76454   -8.66412 8.59745
-9.70972 7.76454   -4.36038 3.37507
-9.1673 4.32276   -9.17419 9.98471
-7.70576 -1.7186   -9.04741 4.18351
-7.70576 -1.7186   -9.89168 -1.04337
-7.70576 -1.7186   -9.93753 -2.01544
-7.70576 -1.7186   -9.86546 -1.65011
-7.70576 -1.7186   -9.55034 -2.32543
-7.70576 -1.7186   -9.99578 1.56036
-7.70576 -1.7186   -9.93454 1.26534
-7.70576 -1.7186   -9.9583 1.67841
-7.70576 -1.7186   -7.96445 -1.00523
-7.70576 -1.7186   -7.99783 -0.747089
-7.70576 -1.7186   -7.87099 -1.79421
-7.70576 -1.7186   -7.87269 -1.78953
-7.70576 -1.7186   -9.95031 0.443328
-7.70576 -1.7186   -9.88379 0.468925
-7.70576 -1.7186   -9.87 0.689483
-7.70576 -1.7186   -9.84093 0.141991
-7.70576 -1.7186   -9.9415 -0.554739
-7.70576 -1.7186   -9.95906 -0.754207
-7.70576 -1.7186   -9.95159 -0.454838
-8.63698 3.22785   -9.98423 3.84217
-8.63698 3.22785   -9.91633 6.10071
-8.63698 3.22785   -9.56665 1.43104
-8.76531 1.62411   -9.98526 4.09899
-8.76531 1.62411   -5.33097 4.26421
-8.35191 0.509294   -9.9468 4.11146
-8.35191 0.509294   -9.3892 -0.846289
-8.35191 0.509294   -8.93197 2.62306
-8.35191 0.509294   -7.44068 0.419134
-8.35191 0.509294   -7.35213 0.465465
-8.35191 0.509294   -7.62173 0.347088
-8.02002 -1.85501   -9.96041 4.06702
-8.02002 -1.85501   -9.99603 -1.1877
-8.02002 -1.85501   -9.846 -2.11975
-8.02002 -1.85501   -9.99813 -2.24753
-8.02002 -1.85501   -8.66171 -1.37975
-8.02002 -1.85501   -9.93349 1.52459
-8.02002 -1.85501   -7.78776 -1.58299
-8.02002 -1.85501   -7.84266 -1.74168
-8.02002 -1.85501   -7.772 -1.43326
-9.02329 4.40356   -9.97976 3.996
-9.02329 4.40356   -6.85003 1.69348
-4.51732 3.7706   -9.89835 4.11031
-4.51732 3.7706   -6.76902 3.55696
-8.39477 2.17206   -9.94776 3.90085
-8.39477 2.17206   -7.44676 4.1018
-9.96448 4.19472   -9.51253 6.08099
-4.96982 2.73461   -9.94823 3.88442
-8.80924 0.679052   -9.97865 4.0107
-8.80924 0.679052   -9.93476 1.45935
-8.80924 0.679052   -9.95692 2.16219
-7.46423 2.88308   -9.8793 4.01649
-7.46423 2.88308   -9.97164 1.19009
-7.46423 2.88308   -6.60039 1.92444
-9.08793 3.37143   -9.99451 4.00466
-9.08793 3.37143   -8.22425 2.77971
-9.08793 3.37143   -9.90727 3.46167
-9.11851 4.92748   -9.96309 4.19072
-9.11851 4.92748   -5.68863 5.99926
-9.11851 4.92748   -9.99799 3.58382
-7.72306 -1.73646   -9.43766 4.55008
-7.72306 -1.73646   -9.82074 -1.16709
-7.72306 -1.73646   -9.87165 -1.18093
-7.72306 -1.73646   -9.95629 -2.13558
-7.72306 -1.73646   -9.61475 -1.40509
-7.72306 -1.73646   -9.86723 -1.7815
-7.72306 -1.73646   -9.81286 -1.84798
-7.72306 -1.73646   -9.94606 -1.55391
-7.72306 -1.73646   -8.12942 -1.88139
-7.72306 -1.73646   -9.90132 -2.34907
-7.72306 -1.73646   -9.4819 -0.933731
-7.72306 -1.73646   -9.93831 1.40232
-7.72306 -1.73646   -9.97302 1.30951
-7.72306 -1.73646   -9.90749 1.88725
-7.72306 -1.73646   -8.69268 -0.633077
-7.72306 -1.73646   -8.62571 -0.579845
-7.72306 -1.73646   -8.04128 -1.47257
-7.72306 -1.73646   -7.75419 -1.78335
-7.72306 -1.73646   -7.75332 -1.7748
-7.72306 -1.73646   -7.88854 -1.81257
-7.72306 -1.73646   -7.71536 -1.57808
-7.72306 -1.73646   -7.7144 -1.54647
-7.72306 -1.73646   -7.89497 -1.76566
-7.72306 -1.73646   -7.78318 -1.77606
-7.72306 -1.73646   -7.70576 -1.7186
-7.72306 -1.73646   -9.93945 0.468495
-7.72306 -1.73646   -9.92376 0.83104
-7.72306 -1.73646   -9.93264 0.853675
-7.72306 -1.73646   -9.82764 -0.163499
-7.72306 -1.73646   -9.74175 -0.336055
-7.72306 -1.73646   -9.13077 -0.345332
-7.72306 -1.73646   -9.28793 0.143208
-7.72306 -1.73646   -8.30268 3.52393
-7.72306 -1.73646   -9.97376 2.40326
-7.72306 -1.73646   -9.0956 2.91891
-7.72306 -1.73646   -8.6206 0.758735
-7.72306 -1.73646   -8.261 0.346473
-7.72306 -1.73646   -8.3459 1.2837
-5.52972 8.181   -9.60114 4.17695
-5.52972 8.181   -6.06288 9.98431
-9.02994 7.89604   -9.62671 4.53537
-9.02994 7.89604   -0.924545 7.51146
-9.62671 4.53537   -9.95055 5.62756
-6.88901 0.634428   -9.60976 4.3502
-6.88901 0.634428   -7.91062 0.258592
-6.88901 0.634428   -7.41807 1.38217
-6.88901 0.634428   -5.51208 3.50716
-8.00575 2.78651   -9.18019 4.38767
-8.00575 2.78651   -6.61147 1.3396
-8.00575 2.78651   -4.406 5.18335
-9.18019 4.38767   -6.70189 1.72848
-7.77519 5.26487   -8.24995 4.9305
-7.77519 5.26487   -9.9751 7.43037
-7.77519 5.26487   -9.99996 1.48976
-7.77519 5.26487   -1.39977 8.62052
-8.24995 4.9305   -8.00008 7.29628
-8.24995 4.9305   -4.46848 7.12805
-8.24995 4.9305   -1.90315 4.66464
-4.89703 2.87777   -8.55881 5.02836
-4.89703 2.87777   -7.5115 3.75244
-4.89703 2.87777   -5.47638 3.23973
-8.39827 4.69138   -8.45168 4.83565
-8.39827 4.69138   -7.67646 6.00529
-8.39827 4.69138   -9.63236 3.89178
-8.39827 4.69138   -7.55683 3.27336
-8.45168 4.83565   -8.49352 4.85856
-8.45168 4.83565   -6.00957 3.01877
-4.49112 3.58347   -8.12167 4.43687
-4.49112 3.58347   -4.98112 5.70361
-8.12167 4.43687   -5.18968 3.35792
-8.92061 2.9699   -8.37184 5.43958
-8.92061 2.9699   -4.43888 6.59731
-8.92061 2.9699   -7.48465 0.295913
-7.43089 2.5283   -8.06125 4.60391
-7.43089 2.5283   -8.80016 5.83369
-7.43089 2.5283   -8.01665 1.06643
-7.43089 2.5283   -3.48142 5.5472
-8.06125 4.60391   -7.87229 4.60757
-8.85013 7.2145   -8.14394 5.33564
-8.85013 7.2145   -5.1402 4.29352
-4.03161 3.21196   -8.36668 4.34305
-4.03161 3.21196   -7.97799 7.2765
-4.03161 3.21196   -6.30024 2.42739
-4.03161 3.21196   -4.15241 3.16725
-8.36668 4.34305   -5.93459 9.66272
-1.2891 5.41498   -8.5879 4.59771
-1.2891 5.41498   -6.5935 6.18212
-1.2891 5.41498   -0.213711 0.230286
-8.5879 4.59771   -9.04564 9.94455
-3.23413 5.74193   -8.22178 4.82541
-3.23413 5.74193   -3.96967 6.25757
-3.23413 5.74193   -2.76182 3.58084
-3.23413 5.74193   5.69599 6.09006
-8.49352 4.85856   -4.74066 5.26891
-5.59483 4.69212   -8.3581 4.51692
-8.3055 5.62571   -8.56769 5.48507
1.14938 3.63897   -8.00003 5.36456
-5.54903 5.20297   -8.42716 4.53634
-9.3349 5.30192   -8.53815 5.44768
-9.3349 5.30192   -9.93287 5.03789
-7.31225 6.33357   -8.20732 5.54578
-7.41071 6.06216   -8.09047 4.55911
-8.83553 7.57334   -8.36492 6.35962
-8.83553 7.57334   -9.95025 5.80421
-8.18249 6.25532   -9.93035 8.00587
-8.18249 6.25532   -7.10761 1.37742
-8.30712 6.13038   -9.07413 8.02613
-8.30712 6.13038   -7.1049 9.98258
-6.90582 3.89017   -8.10329 6.16655
-4.92642 3.00582   -8.22345 5.88209
-4.92642 3.00582   -7.60989 4.82579
-5.48835 2.13975   -8.36767 6.13795
-8.36767 6.13795   -9.96634 5.21638
-8.36767 6.13795   -7.90173 6.36207
-8.01517 6.80165   -8.06413 5.94183
-8.01517 6.80165   -8.14009 9.90734
-8.01517 6.80165   -7.6929 8.64513
-8.06413 5.94183   -7.41675 9.43542
-8.06413 5.94183   -4.26861 6.26288
-9.32237 5.60641   -8.63665 5.83284
-9.32237 5.60641   -5.1741 4.13582
-4.22038 3.85719   -8.39285 6.31205
-7.88517 6.26018   -8.14483 6.00364
-7.88517 6.26018   -5.22252 3.41466
-9.53207 3.72494   -8.97322 4.15056
-9.0586 4.28683   -9.99838 5.68563
-9.0586 4.28683   -9.41819 4.75709
-9.0586 4.28683   -8.81573 4.07087
-9.0586 4.28683   -8.00575 2.78651
-9.0586 4.28683   -6.55028 1.38589
-9.0586 4.28683   -6.03325 2.89804
-8.62322 4.54161   -8.87625 4.79648
-8.62322 4.54161   -7.95723 7.59505
-8.62322 4.54161   -5.99655 2.09521
-8.62322 4.54161   -7.64252 0.483377
-8.62322 4.54161   -5.69336 2.55186
-8.62322 4.54161   -7.57067 4.46551
-5.9734 5.62506   -9.02329 4.40356
-5.9734 5.62506   -4.05087 3.89194
-8.41325 3.80963   -8.94861 4.29685
-8.41325 3.80963   -4.52256 5.34614
-8.65421 4.36563   -9.17705 6.04202
-4.27461 3.10673   -8.88164 4.18877
-4.27461 3.10673   -5.47111 5.60684
-4.27461 3.10673   -9.99576 0.818204
-4.27461 3.10673   -1.36026 4.475
-4.27461 3.10673   -4.21856 3.1348
-4.27461 3.10673   -5.7161 3.07158
-4.27461 3.10673   -4.73047 3.67815
-4.27461 3.10673   -2.92111 4.54419
-6.93163 3.25072   -8.70784 4.31085
-6.93163 3.25072   -8.5142 2.08535
-6.93163 3.25072   -6.58805 2.76921
-8.37676 4.30655   -9.89906 6.02406
-7.83464 4.66727   -8.33378 4.27029
-7.83464 4.66727   -6.11487 5.19085
-7.83464 4.66727   -6.77259 1.7591
-7.83464 4.66727   -6.02832 2.68993
-8.33378 4.27029   -9.98228 4.93968
-7.69508 2.93056   -8.77676 4.27967
-5.8248 1.9441   -8.73307 4.26846
-5.8248 1.9441   -9.91389 6.23336
-5.8248 1.9441   -6.71382 0.977813
-6.12708 2.16587   -8.76621 4.99321
-6.12708 2.16587   -5.94536 2.17657
-8.87625 4.79648   -8.90465 4.98065
-8.87625 4.79648   -9.96427 5.733
-8.87625 4.79648   -8.28411 4.1672
-9.88081 5.50487   -9.98134 6.15446
-9.95069 5.65753   -9.90207 5.82264
-7.50645 3.70162   -9.90303 5.76348
-7.50645 3.70162   -9.98365 0.210952
-7.50645 3.70162   -7.01998 4.59036
-9.90303 5.76348   -7.37025 7.83771
-8.85484 9.9601   -9.97282 5.76828
-8.55761 6.22969   -9.86177 5.74864
-8.55761 6.22969   -6.3378 2.99475
-5.73786 1.11976   -9.91604 5.91244
-5.73786 1.11976   -9.9331 5.53892
-5.73786 1.11976   -9.85556 1.43648
-5.73786 1.11976   -9.91152 1.005
-5.73786 1.11976   -9.91629 -0.0992198
-5.73786 1.11976   -8.26795 3.92056
-5.73786 1.11976   -7.46999 3.46389
-5.73786 1.11976   -6.00999 0.967207
-5.73786 1.11976   -6.07728 0.96672
-5.73786 1.11976   -5.83547 1.04406
-5.73786 1.11976   -5.86944 1.03319
-5.73786 1.11976   -6.95363 1.40267
-5.73786 1.11976   -6.64712 2.91691
-5.73786 1.11976   -8.43518 1.01321
-5.73786 1.11976   -5.89159 2.39104
-9.91604 5.91244   -9.99413 6.01853
-9.31492 4.96677   -9.95213 5.55542
-9.31492 4.96677   -6.23303 1.89504
-8.29955 3.68908   -9.91652 5.65715
-8.76271 7.22318   -9.92841 6.0189
-8.76271 7.22318   -8.09888 6.90695
-8.76271 7.22318   -6.60482 3.76149
-6.38083 8.57401   -9.67357 6.09336
-6.38083 8.57401   -9.96831 7.89717
-6.38083 8.57401   -6.69474 9.29367
-6.38083 8.57401   -8.25571 9.24707
-6.38083 8.57401   -5.32729 6.76431
-7.98941 8.44964   -9.9561 6.14291
-7.98941 8.44964   -7.67534 8.17283
-8.00525 8.06644   -9.94853 5.73656
-8.00525 8.06644   -7.68171 9.93634
-4.06687 6.2149   -9.99258 6.14149
-4.06687 6.2149   -6.58077 8.67625
-4.06687 6.2149   -1.82568 7.76914
-4.06687 6.2149   -2.44823 4.52804
-4.06687 6.2149   -1.80748 4.57214
-4.06687 6.2149   -4.27857 3.32115
-4.06687 6.2149   -3.66634 4.79043
-7.35294 3.70327   -9.92311 5.72166
-7.35294 3.70327   -9.9811 5.20181
-6.08659 3.50758   -9.92333 6.19628
-6.08659 3.50758   -5.73029 2.83251
-6.08659 3.50758   -5.62776 3.00615
-5.76061 2.33122   -9.80207 5.98327
-5.76061 2.33122   -6.29963 1.43078
-4.69411 3.45636   -9.88655 5.57045
-4.69411 3.45636   -4.30346 3.15148
-4.69411 3.45636   -4.50997 3.20191
-7.42143 1.29061   -9.92508 5.97577
-7.04584 3.61184   -9.96266 5.83568
-7.04584 3.61184   -6.45319 5.46065
-7.04584 3.61184   -9.95888 3.23766
-7.04584 3.61184   -7.82553 1.73446
-7.04584 3.61184   -4.51732 3.7706
-5.78951 1.25313   -9.94305 4.74087
-5.78951 1.25313   -5.74118 1.199
-9.94305 4.74087   -9.70972 7.76454
-9.94305 4.74087   -0.697897 8.46864
-9.92083 5.08001   -9.97422 5.21516
-9.92083 5.08001   -6.93301 1.167
-9.92083 5.08001   -7.1613 3.65961
-9.92083 5.08001   -7.22788 3.2532
-5.27293 4.3509   -9.98888 5.21053
-5.27293 4.3509   -6.83399 1.04087
-9.46527 4.99488   -9.98549 8.50414
-9.64618 4.93451   -8.96124 5.31291
-9.64618 4.93451   -6.11862 9.89476
-9.64618 4.93451   -7.96118 0.809829
-4.82374 4.63366   -9.98718 4.74185
-4.82374 4.63366   -5.73222 9.98971
-4.82374 4.63366   -9.89478 9.41428
-4.82374 4.63366   -3.30228 3.35334
-4.82374 4.63366   -6.14886 1.23909
-4.82374 4.63366   -3.97486 4.43295
-4.82374 4.63366   -5.0224 4.74877
-4.82374 4.63366   -4.8896 4.49861
-9.00991 5.40209   -9.93262 5.12547
-9.00991 5.40209   -9.93496 4.81589
-9.00991 5.40209   -6.41631 1.496
-9.00991 5.40209   -3.77076 3.46254
-9.00991 5.40209   -6.56299 3.72499
-9.93262 5.12547   -5.52972 8.181
-7.73537 1.71087   -9.31492 4.96677
-7.73537 1.71087   -6.11547 1.87971
-7.73537 1.71087   -5.99841 1.94882
-7.73537 1.71087   -7.13369 1.08005
-7.73537 1.71087   -6.96702 2.1105
-7.73537 1.71087   -7.56855 0.574218
-6.33975 0.857339   -9.30563 4.93582
-6.33975 0.857339   -5.72258 1.3662
-6.33975 0.857339   -5.82346 1.03281
-9.30563 4.93582   -9.8703 2.66626
-9.83386 4.95226   -6.879 1.26245
-9.55038 5.17588   -9.08793 3.37143
-9.08755 2.51139   -9.9552 4.79044
-9.08755 2.51139   -9.93099 1.81808
-9.08755 2.51139   -9.86434 1.72971
-9.08755 2.51139   -9.35145 3.64784
-9.08755 2.51139   -9.16586 1.76741
-9.08755 2.51139   -9.83187 2.78949
-9.08755 2.51139   -5.22049 3.35423
-5.99841 1.94882   -9.98507 5.14818
-7.93842 2.92589   -9.95996 5.19871
-7.93842 2.92589   -9.88481 1.11845
-7.93842 2.92589   -7.55457 2.59554
-6.09731 6.30673   -9.99811 4.81037
-9.86768 4.76679   -9.93475 4.9316
-8.92856 8.15699   -9.97201 4.86683
-8.92856 8.15699   -9.99204 8.24433
-8.92856 8.15699   -9.91886 8.18326
-8.92856 8.15699   -9.62178 7.96552
-8.92856 8.15699   -8.85013 7.2145
-8.92856 8.15699   -9.84933 7.73262
-8.92856 8.15699   -8.78453 7.69006
-8.92856 8.15699   -7.38889 7.5561
-9.5515 5.52765   -9.92807 5.10037
-9.5515 5.52765   -7.35134 8.67991
-7.2146 6.43085   -9.97575 5.01267
-7.2146 6.43085   -5.28381 5.55007
-7.2146 6.43085   -9.98403 -1.20916
-8.68054 0.268176   -9.41825 5.00656
-8.68054 0.268176   -8.75668 -0.106401
-8.68054 0.268176   -8.80659 0.466497
-8.68054 0.268176   -8.8701 0.394122
-8.68054 0.268176   -5.84934 1.37259
-9.89037 3.2239   -8.58973 6.14627
-8.26795 3.92056   -8.76868 6.11887
-9.91674 3.24139   -9.16666 5.18268
-8.27152 3.41361   -9.92778 5.34228
-8.27152 3.41361   -8.77356 0.610706
-8.27152 3.41361   -8.18987 3.41706
-8.27152 3.41361   -9.89514 2.65081
-9.94403 5.31724   -5.01215 2.99098
-5.9352 5.18594   -9.87235 5.49109
-5.9352 5.18594   -8.29028 9.91176
-5.9352 5.18594   -6.88036 2.92893
-7.33754 4.81721   -9.93452 5.44226
-7.33754 4.81721   -9.86517 5.4314
-7.33754 4.81721   -9.95717 7.84057
-7.33754 4.81721   -6.71008 5.47251
-7.33754 4.81721   0.396261 2.99903
-7.33754 4.81721   -6.61829 3.81186
-7.33754 4.81721   -5.58563 4.5203
-9.86107 5.44033   -9.99632 5.34459
-9.60844 3.75548   -9.0955 5.26106
-9.60844 3.75548   -6.79017 5.391
-9.60844 3.75548   -9.96825 1.99596
-6.67495 2.48741   -9.5515 5.52765
-6.67495 2.48741   -9.98682 0.944958
-6.67495 2.48741   -5.61002 1.67211
-6.67495 2.48741   -6.16712 0.963989
-6.67495 2.48741   -7.15652 1.31024
-5.63809 5.50617   -9.99518 5.31799
-5.63809 5.50617   -9.91106 8.28035
-5.63809 5.50617   -8.14248 9.28388
-5.63809 5.50617   -5.98318 6.78817
-9.96825 1.99596   -9.07872 5.97128
-8.75668 -0.106401   -9.3349 5.30192
-8.75668 -0.106401   -9.92835 -1.06059
-9.1323 5.86185   -5.55414 6.63354
-6.49951 4.65364   -9.99435 5.40609
-6.49951 4.65364   -6.66603 4.82095
-6.9844 4.51412   -9.83004 5.5947
-9.63236 3.89178   -9.99723 5.35868
-9.63236 3.89178   -8.40228 3.84404
-9.63236 3.89178   -9.9643 3.689
-9.17705 6.04202   -6.269 2.95207
-6.71008 5.47251   -8.89611 5.72671
-9.20656 9.84524   -9.17693 9.925
-9.20656 9.84524   -9.99291 9.29762
-9.20656 9.84524   -5.24533 4.86053
-8.20159 9.12531   -9.88596 7.35541
-8.20159 9.12531   -9.91394 8.56805
-8.20159 9.12531   -8.05111 9.89232
-8.20159 9.12531   -9.69383 3.04595
-9.63374 8.59212   -9.83009 8.60168
-9.63374 8.59212   -9.59145 8.3108
-9.63374 8.59212   -9.71447 9.9843
-9.63374 8.59212   -9.97481 9.88835
-9.63374 8.59212   -7.0984 5.59776
-9.63374 8.59212   -7.07013 7.40679
-9.63374 8.59212   -8.04552 -0.0379665
-9.63374 8.59212   -1.72149 6.55303
-9.63374 8.59212   -6.82638 1.11395
-8.92729 7.97006   -9.99926 8.3454
-8.92729 7.97006   -9.99116 8.55341
-8.92729 7.97006   -9.87711 7.63405
-8.92729 7.97006   -6.22574 9.92496
-8.92729 7.97006   -9.87662 9.12145
-8.92729 7.97006   -8.24644 7.82113
-8.92729 7.97006   -7.30822 8.4169
-8.92729 7.97006   -6.92448 2.78077
-8.92729 7.97006   -4.75215 4.15697
-9.99116 8.55341   -9.56672 9.94394
-8.9301 7.88858   -9.96429 8.04323
-8.9301 7.88858   -9.91411 8.41973
-9.87819 8.04474   -9.95414 7.98329
-9.82172 8.45515   -9.95904 8.15489
-9.82172 8.45515   -7.89821 7.30168
-6.22178 6.34504   -9.44482 8.51192
-6.22178 6.34504   -5.77048 9.90414
-6.22178 6.34504   -7.94459 0.555004
-8.24644 7.82113   -9.89776 8.45309
-8.24644 7.82113   -9.0194 7.65417
-8.24644 7.82113   -9.91555 9.93548
-8.24644 7.82113   -9.56087 9.92365
-8.24644 7.82113   -8.25637 8.88635
-8.24644 7.82113   -9.67147 1.76929
-9.93035 8.00587   -5.11426 4.23431
-4.46087 4.86899   -9.90836 8.13635
-4.46087 4.86899   -8.32136 9.96133
-4.46087 4.86899   -7.69508 2.93056
-4.46087 4.86899   -5.54689 2.65274
-4.46087 4.86899   -3.46439 3.99156
-4.46087 4.86899   -4.95077 3.21596
-7.43557 9.39368   -9.95812 8.41223
-7.43557 9.39368   -7.69773 9.98727
-7.43557 9.39368   -7.34012 9.98706
-7.43557 9.39368   -7.67271 9.94767
-7.43557 9.39368   -7.06132 9.95262
-7.43557 9.39368   -7.95316 9.0515
-9.0194 7.65417   -9.94125 7.95872
-9.0194 7.65417   -8.95377 7.81341
-7.95316 9.0515   -9.90261 8.73153
-7.95316 9.0515   -9.96339 9.0364
-7.95316 9.0515   -8.00525 8.06644
-9.59145 8.3108   -9.96056 7.77484
-9.62178 7.96552   -9.96426 8.71468
-6.11736 6.73569   -9.99747 8.61983
-6.11736 6.73569   -5.64941 6.23023
-8.53114 8.65838   -9.98006 8.46288
-5.92212 8.45014   -9.88459 8.51861
-5.92212 8.45014   -7.2478 7.05305
-5.92212 8.45014   -2.56631 3.8826
-9.88459 8.51861   -6.15153 4.97138
-9.51711 8.67502   -9.99952 8.19069
-9.51711 8.67502   -9.60038 8.37223
-8.99728 8.36368   -9.928 8.03422
-8.99728 8.36368   -6.86358 9.95023
-9.94988 8.8831   -9.99856 8.64331
-6.60084 9.80266   -9.81387 8.43788
-6.60084 9.80266   -8.06735 9.01901
-8.48617 9.27877   -9.9418 8.51425
-8.48617 9.27877   -8.17903 9.87053
-8.48617 9.27877   -9.51711 8.67502
-8.14372 7.51978   -9.87106 8.68119
-8.14372 7.51978   -7.89994 6.79409
-8.41051 9.73785   -9.97675 8.58481
-9.08545 7.32601   -9.88191 7.36685
-9.08545 7.32601   -7.27828 4.74552
-9.08545 7.32601   -0.907494 3.60286
-7.51363 7.64472   -9.29881 7.5517
-7.51363 7.64472   -9.03431 9.88285
-7.51363 7.64472   -5.5109 6.12529
-9.29881 7.5517   -8.00223 7.94499
-9.29881 7.5517   -6.9287 6.64339
-6.95846 7.03147   -9.1572 7.31923
-7.1491 0.799486   -9.35144 7.37079
-7.21823 5.90296   -9.8793 7.26174
-7.21823 5.90296   -6.5657 9.85267
-7.21823 5.90296   -6.43035 6.03599
-7.21823 5.90296   -3.46928 3.31733
-7.21823 5.90296   -8.94239 2.76586
-5.56061 1.71554   -9.91427 7.52797
-5.56061 1.71554   -9.92408 3.47518
-6.09784 2.52626   -9.89956 7.72358
-6.09784 2.52626   -9.94496 2.07389
-6.09784 2.52626   -6.60112 1.15711
-6.09784 2.52626   -7.70483 1.26093
-6.09784 2.52626   -6.93163 3.25072
-1.72043 5.22547   -9.64882 7.27177
-1.72043 5.22547   -0.796271 9.95884
-1.72043 5.22547   -3.08705 3.86675
-7.52294 8.92198   -9.94215 7.23801
-7.52294 8.92198   -5.99978 9.96828
-7.52294 8.92198   -7.21377 9.98791
-7.52294 8.92198   -7.57401 8.82149
-6.4498 6.45921   -9.8061 7.76576
-6.4498 6.45921   -6.59601 6.12025
-6.4498 6.45921   -6.54166 6.27071
-6.4498 6.45921   -0.0720056 3.21562
-6.4498 6.45921   -7.93512 4.03388
-6.4498 6.45921   -6.45092 3.63004
-7.0984 5.59776   -9.97533 7.42424
-7.0984 5.59776   -7.32188 7.41622
-7.0984 5.59776   -7.25683 3.16125
-4.33995 3.12173   -9.91889 7.60438
-4.33995 3.12173   -4.27461 3.10673
-4.33995 3.12173   -4.49227 3.02117
-9.17856 9.54246   -9.97683 7.61629
-9.17856 9.54246   -7.77913 9.99162
-9.17856 9.54246   -8.68028 8.97577
-9.17856 9.54246   -9.78182 9.99179
-9.17856 9.54246   -9.55971 9.95643
-9.17856 9.54246   -9.93264 9.11878
-9.17856 9.54246   -9.41843 9.96036
-9.17856 9.54246   -9.0739 9.86951
-9.17856 9.54246   -6.88366 7.75821
-9.17856 9.54246   -1.75831 5.60953
-9.5438 9.86298   -9.9849 7.82297
-9.07413 8.02613   -9.97349 7.45005
-5.08693 2.36098   -9.87743 7.39551
-5.08693 2.36098   -6.26683 5.08775
-5.08693 2.36098   -6.88901 0.634428
-5.08693 2.36098   -6.52317 2.2667
-5.08693 2.36098   -5.101 3.28784
-5.08693 2.36098   -6.84484 4.44655
-9.87743 7.39551   -8.24888 9.55998
-7.37081 6.80233   -9.92437 7.53846
-6.03604 8.67798   -9.85993 7.60536
-6.03604 8.67798   -6.18233 8.54551
-6.03604 8.67798   -6.87333 9.02095
-6.03604 8.67798   -1.88243 5.44339
-8.05241 9.03201   -9.53044 7.73663
-8.05241 9.03201   -9.5438 9.86298
-8.05241 9.03201   -7.33754 4.81721
-9.53044 7.73663   -5.74888 9.92713
-5.11426 4.23431   -9.98043 7.256
-5.11426 4.23431   -4.69162 5.04411
-8.22919 7.11254   -9.90651 7.38683
-8.22919 7.11254   -6.41638 4.29853
-5.30942 7.71508   -9.92231 7.44904
-3.20544 3.5312   -8.9301 7.88858
-3.20544 3.5312   -2.78417 3.19896
-5.74737 6.5717   -8.92583 7.7131
-5.74737 6.5717   -8.73655 9.98662
-5.74737 6.5717   -7.42991 8.48109
-5.74737 6.5717   -5.81042 5.19467
-5.74737 6.5717   -6.772 7.73345
-5.74737 6.5717   -7.749 4.86703
-8.92583 7.7131   -9.39607 7.80409
-9.27557 8.0588   -9.37553 9.96128
-9.27557 8.0588   -8.23484 9.04205
-9.39607 7.80409   -9.33827 7.71878
-8.74298 8.90625   -8.99728 8.36368
-8.74298 8.90625   -8.62412 8.89997
-8.74298 8.90625   -8.27219 9.9131
-8.74298 8.90625   -5.10053 5.07864
-4.70833 7.03278   -9.06033 8.04477
-6.22574 9.92496   -6.24303 9.77016
-6.31884 9.83831   -6.44665 9.93781
-5.87537 9.93069   -5.80385 9.92544
-6.96614 9.13068   -6.2771 9.56209
-6.96614 9.13068   -6.33463 8.18444
-6.96614 9.13068   -4.45508 3.30671
-6.2771 9.56209   -6.01412 9.00328
-6.43089 9.90446   -6.64049 9.99411
-6.43089 9.90446   -6.01178 6.0239
0.781549 3.20534   -6.11846 9.88391
-7.57401 8.82149   -6.18022 9.87131
-7.57401 8.82149   -2.84227 3.35107
-6.27041 8.22327   -6.45211 9.97643
-6.27041 8.22327   -7.16771 6.76065
-6.27041 8.22327   -2.53634 5.23906
-5.91126 9.86515   -7.26249 3.16004
-7.26821 6.74354   -6.0305 9.89043
-6.0305 9.89043   -7.01895 8.08531
-8.38891 1.75783   -5.77644 9.84975
-5.77644 9.84975   -5.62185 6.59865
-7.57833 8.29024   -6.1467 9.91841
-6.3572 9.40634   -5.86871 9.42158
-6.3572 9.40634   -6.87917 9.99333
-6.71108 6.89808   -6.15012 9.86182
-6.71108 6.89808   -5.74882 5.97937
-6.71108 6.89808   -9.89147 3.62122
-4.99087 6.4854   -6.40607 9.90601
-4.99087 6.4854   -6.16947 9.94573
1.66452 6.99002   -6.16142 9.94051
1.66452 6.99002   4.02179 2.68379
1.66452 6.99002   5.25163 -2.72336
0.524794 4.49401   -5.71613 9.92658
-4.3161 6.46785   -5.98239 9.8587
-4.3161 6.46785   3.0117 5.15129
-4.3161 6.46785   -5.34868 2.98739
-4.3161 6.46785   -3.64994 4.60355
-4.3161 6.46785   -5.8376 4.45572
-7.14669 8.73448   -5.99687 9.92933
-7.69773 9.98727   -6.31007 4.34006
-5.64084 7.54745   -7.61448 9.8794
-5.64084 7.54745   -6.68999 6.50243
-5.64084 7.54745   -0.626591 4.53209
-7.26038 9.86137   -6.59082 9.96239
-0.924067 1.97213   -7.57321 9.84575
-0.924067 1.97213   3.94755 7.30993
-0.924067 1.97213   -0.900136 1.80038
-0.924067 1.97213   -3.53668 5.34834
-0.924067 1.97213   -0.843457 1.63987
-7.57321 9.84575   -1.60532 8.20586
-7.89313 9.60403   -7.32603 9.97664
-7.89313 9.60403   -7.3496 9.483
-8.43211 8.8603   -7.24304 9.96614
-8.43211 8.8603   -9.98373 9.19309
-8.26891 9.55191   -7.21984 9.98016
-5.81458 5.6093   -7.30171 9.88494
-5.81458 5.6093   -5.69034 6.10775
-8.98838 9.87895   -7.43708 9.82864
-7.43708 9.82864   -7.36403 9.93557
-9.92247 8.80925   -7.35137 9.96937
-7.94776 7.80907   -7.47548 9.74948
-8.3997 7.96715   -7.23352 9.97176
-8.3997 7.96715   -8.63698 3.22785
-6.94658 9.29416   -7.21279 9.88967
-6.88366 7.75821   -7.6602 9.99644
-9.57279 0.191429   -6.38083 8.57401
-9.57279 0.191429   -9.27136 -2.06672
-9.57279 0.191429   -9.91784 0.499692
-9.57279 0.191429   -9.9788 0.785095
-9.57279 0.191429   -9.95742 -0.120239
-9.57279 0.191429   -9.64848 -2.79476
-5.84582 7.77442   -6.08999 8.82258
-5.84582 7.77442   -5.54752 6.49963
-6.97315 7.72767   -6.09348 8.88372
-6.97315 7.72767   -6.68253 8.20236
-6.09348 8.88372   1.1264 1.94511
-6.39179 8.81836   -5.12564 3.37546
-5.34396 6.28478   -6.36276 8.97769
-5.34396 6.28478   -5.45811 6.24163
-5.34396 6.28478   -5.11481 7.00718
-5.34396 6.28478   -5.4108 2.65525
-7.95138 9.32863   -6.51973 8.67935
-7.95138 9.32863   -7.84979 9.97103
-7.95138 9.32863   -8.24098 9.94105
-5.58783 6.95864   -6.85859 9.91864
-7.06132 9.95262   -6.90768 9.2365
-7.06132 9.95262   -9.96577 9.95082
-6.91069 8.33947   -6.93457 9.84976
-6.20892 7.46521   -6.77659 9.99855
-6.95419 3.57651   -7.08589 9.98853
-6.71677 9.92871   -3.20365 5.19375
-6.73172 7.68357   -6.71187 9.71145
-7.73553 7.85666   -6.71234 9.82573
-7.73553 7.85666   -8.89858 8.28298
-8.84503 8.90227   -6.91256 9.91671
-1.02732 4.28422   -6.76435 9.70038
-1.02732 4.28422   -0.412397 2.81679
-1.02732 4.28422   5.53426 0.0122557
-1.02732 4.28422   0.953666 3.00666
-5.53744 6.27214   -6.54226 9.97001
-5.53744 6.27214   -5.96974 3.37746
-7.91994 8.0922   -6.96614 9.13068
-7.91994 8.0922   -7.84528 9.98547
-7.91994 8.0922   -9.86972 9.72444
-7.91994 8.0922   -9.98535 9.29777
-7.91994 8.0922   -9.09059 1.9305
-6.63192 9.15442   -8.53114 8.65838
-6.69474 9.29367   -6.2895 7.95489
-6.83453 9.34769   -6.13574 6.56875
-5.70141 7.1079   -6.80752 9.07667
-5.70141 7.1079   -9.92449 2.74091
-6.80752 9.07667   -7.14669 8.73448
-6.3935 9.56658   -6.36199 9.51758
-6.5657 9.85267   -7.11137 9.45549
-6.5657 9.85267   -5.29982 5.91186
-6.5657 9.85267   -2.79789 3.46019
-1.52205 2.67693   -6.60084 9.80266
-1.52205 2.67693   -1.37032 3.98463
-1.52205 2.67693   2.98347 5.15638
-1.52205 2.67693   -0.752597 1.99253
-1.52205 2.67693   -1.43483 2.96706
-1.52205 2.67693   -1.52669 2.67603
-1.52205 2.67693   -2.43897 5.56732
-1.52205 2.67693   6.52978 6.19105
-1.52205 2.67693   0.872484 0.509798
-1.91921 5.00208   -6.63291 9.63612
-7.62971 8.00974   -6.49587 9.93499
-7.62971 8.00974   -1.42689 9.97108
-7.3496 9.483   -7.81178 9.92341
-7.3496 9.483   -7.01574 8.1348
-7.3496 9.483   -7.16947 5.29223
0.877178 3.65116   -7.00897 9.54405
-7.00897 9.54405   -9.92964 9.2324
-5.95006 6.1165   -7.266 9.43738
-6.79438 4.8943   -7.26923 9.70113
-8.72029 8.87369   -7.32766 9.48282
-8.25571 9.24707   -7.75224 9.95613
-8.63 9.48539   -8.4949 9.62127
-8.63 9.48539   -9.47526 9.97819
-8.63 9.48539   -7.46423 2.88308
-5.78657 5.16308   -7.99382 9.96416
-5.78657 5.16308   -7.13103 7.14688
-7.99382 9.96416   -8.16721 9.9633
-7.7652 9.87363   -8.79641 9.68505
-7.7652 9.87363   -7.17265 5.51287
-7.7652 9.87363   -6.20892 7.46521
-7.28646 4.0267   -8.06998 9.92533
-7.28646 4.0267   -8.82249 1.86775
-7.28646 4.0267   -6.42445 2.85025
-7.81178 9.92341   -8.16453 9.98807
-9.54445 9.83014   -8.26891 9.55191
-9.54445 9.83014   -9.7137 9.98997
-7.69661 7.79501   -8.15901 9.42067
-7.69661 7.79501   -4.53287 6.76521
-7.7442 9.51009   -8.53784 9.90787
-7.7442 9.51009   -4.70833 7.03278
-5.33996 6.67884   -8.74298 8.90625
-5.33996 6.67884   -8.87717 9.97621
-5.33996 6.67884   -8.38801 9.83403
-8.62412 8.89997   -9.16753 9.1515
-8.62412 8.89997   -8.01145 8.17071
-9.46335 9.26206   -8.20509 9.28872
-9.46335 9.26206   -9.54445 9.83014
-9.46335 9.26206   -9.92296 9.85237
-9.46335 9.26206   -9.93256 9.05659
-9.46335 9.26206   -5.87152 7.66703
-8.46175 8.32135   -8.96885 8.88072
-8.46175 8.32135   -6.88339 5.46443
-8.96885 8.88072   -9.5316 9.937
-6.38721 5.21498   -7.97776 9.96617
-6.38721 5.21498   -6.09861 5.11666
-9.20544 8.9988   -9.09577 8.94293
-9.09577 8.94293   -9.9566 9.84906
-7.89474 9.64723   -9.99852 9.58215
-7.38753 9.20305   -7.83284 9.95092
-7.38753 9.20305   -7.74606 8.68316
-7.38753 9.20305   -6.11736 6.73569
-9.87695 9.52273   -9.97699 9.44656
-9.87695 9.52273   -2.58291 4.46077
-9.86972 9.72444   -9.97285 9.5458
-9.86972 9.72444   -9.98151 9.56596
-8.09266 8.65597   -9.88831 9.89021
-8.09266 8.65597   -9.17856 9.54246
-8.09266 8.65597   -8.41051 9.73785
-8.09266 8.65597   -7.04674 7.65954
-8.09266 8.65597   -1.12576 9.563
-9.7512 9.31775   -9.76599 9.92966
-9.7512 9.31775   -9.94846 9.47013
-1.97697 3.72866   -9.42582 9.98919
-9.9007 8.99729   -9.46723 9.90704
-9.46723 9.90704   -9.56223 9.98383
-5.22518 6.03215   -9.88139 9.90371
-5.22518 6.03215   -5.9352 5.18594
-5.22518 6.03215   -1.05412 8.49775
-5.22518 6.03215   -2.3648 3.22943
-5.22518 6.03215   -9.92756 2.35739
-5.22518 6.03215   -5.39964 2.55868
-5.22518 6.03215   -3.46348 3.45112
-5.22518 6.03215   -4.13972 3.41289
-9.91873 9.21064   -9.7512 9.31775
-9.91873 9.21064   -8.60752 9.92983
-9.87662 9.12145   -8.55407 9.91853
-9.87662 9.12145   -5.076 3.01685
-6.69521 7.18711   -9.56588 9.06176
-6.69521 7.18711   -4.57507 6.89473
-6.69521 7.18711   -7.37907 7.43558
-6.69521 7.18711   -4.39638 3.6908
-6.69521 7.18711   -5.14962 4.35273
-7.54668 6.66254   -9.95114 8.97332
-7.54668 6.66254   -7.71045 7.67103
-8.25637 8.88635   -9.46335 9.26206
-7.495 8.52415   -9.89277 8.97329
-7.495 8.52415   -8.43283 8.61588
-8.00223 7.94499   -9.86883 8.76136
-4.49227 3.02117   -9.96201 9.36411
-4.49227 3.02117   -5.4757 6.4143
-8.04207 3.78723   -9.99653 8.90535
-8.04207 3.78723   -7.52366 3.35309
-6.33171 4.68157   -9.9023 8.96739
-9.16753 9.1515   -9.6458 9.17117
-7.46182 4.82127   -9.94031 9.03053
-8.60752 9.92983   -0.144036 3.1807
-5.87191 3.51217   -9.28518 9.9083
-5.87191 3.51217   -8.65855 2.88156
-5.87191 3.51217   -8.25551 1.11768
-5.87191 3.51217   -5.18382 2.58005
-5.87191 3.51217   -3.68592 3.3351
-5.87191 3.51217   -5.55076 3.42364
-5.87191 3.51217   -5.8589 3.4475
-5.87191 3.51217   1.40285 3.57393
-9.28518 9.9083   -9.14195 9.99385
-8.79641 9.68505   -8.98838 9.87895
-8.79641 9.68505   -8.94273 9.88296
-5.22049 3.35423   -8.5485 9.83722
-5.84988 6.68113   -8.70131 9.99963
-5.84988 6.68113   -5.58875 5.72029
-5.14962 4.35273   -8.77192 9.85123
-5.14962 4.35273   0.794028 4.07665
-6.39491 2.02374   -9.17961 9.94677
-7.07383 4.99353   -8.80892 9.70114
-7.7582 3.90958   -8.70913 9.84819
-8.70913 9.84819   -8.82573 9.85076
-8.17708 7.88525   -8.26678 9.86143
-8.48167 7.37608   -8.86317 9.84238
-8.48167 7.37608   -7.69581 6.72464
-8.48167 7.37608   -7.41071 6.06216
-5.01793 2.99331   -7.68796 7.94784
-5.01793 2.99331   -4.93541 2.96837
-7.53869 7.16318   -8.42914 7.97175
-7.53869 7.16318   -6.94028 8.55003
-7.53869 7.16318   -7.4277 7.04597
-7.53869 7.16318   -6.88459 5.89551
-7.53869 7.16318   -5.72156 2.21079
-8.42914 7.97175   -2.04597 5.91749
-6.71124 1.79311   -8.42349 8.08675
-6.71124 1.79311   -9.85452 1.80372
-6.71124 1.79311   -7.61882 0.509439
-6.71124 1.79311   -7.89081 1.19732
-6.71124 1.79311   -5.73123 4.86288
-8.42349 8.08675   -8.17708 7.88525
-8.42349 8.08675   -5.95559 1.87254
-8.42349 8.08675   -3.47859 3.40188
-0.23465 3.9859   -8.15428 8.59368
-0.23465 3.9859   -0.908413 3.79724
-0.23465 3.9859   0.18869 5.20188
-1.39924 9.11048   -8.43211 8.8603
-1.39924 9.11048   -0.505709 9.14767
-1.39924 9.11048   -0.0768526 9.95881
-1.39924 9.11048   -1.1091 9.96979
-1.39924 9.11048   4.78781 8.4737
-8.43283 8.61588   -8.37884 8.72516
-7.26249 3.16004   -8.57225 7.48999
-8.57225 7.48999   -6.01989 6.36925
-8.57225 7.48999   -3.92594 6.54638
-8.57225 7.48999   -5.23078 3.18282
-7.94316 8.00772   -8.13897 8.08403
-7.94316 8.00772   -6.31426 6.8019
-8.13897 8.08403   -5.67499 2.82781
-6.68253 8.20236   -6.78035 8.29147
-6.68253 8.20236   -7.48007 7.7061
-8.96237 2.9526   -7.33823 8.48602
-8.96237 2.9526   -9.85925 -2.40469
-8.96237 2.9526   -9.92217 2.00876
-8.96237 2.9526   -9.90004 2.54344
-5.36468 5.0596   -7.22022 8.39187
-5.36468 5.0596   -5.54903 5.20297
-1.61676 5.30164   -6.8034 8.0106
-1.61676 5.30164   1.85136 9.39749
-1.61676 5.30164   5.12262 5.37338
-1.61676 5.30164   -0.15157 1.44214
-6.81448 8.39647   -6.96534 7.70815
-7.42991 8.48109   -7.62194 8.39209
-7.42991 8.48109   -6.71338 6.5001
-7.20674 8.60438   -7.52294 8.92198
-7.20674 8.60438   -7.07035 7.74775
-5.68451 6.58397   -7.495 8.52415
-5.08206 4.99702   -7.82728 8.6712
-5.08206 4.99702   -5.49635 5.36692
-8.23484 9.04205   -6.32225 8.15945
-7.73501 8.60205   -5.52221 7.32537
-7.76429 8.91821   -5.46322 7.44494
-3.77428 3.93036   -7.51363 7.64472
-3.77428 3.93036   -1.45811 3.1262
-3.77428 3.93036   -3.79299 3.45823
-3.77428 3.93036   -3.39779 3.55236
-3.77428 3.93036   -3.42514 3.56127
-3.77428 3.93036   -4.09677 3.39239
-3.77428 3.93036   -4.10445 3.36617
-1.1087 4.9866   -7.56857 8.3626
-2.56313 3.83239   -7.69661 7.79501
-7.89821 7.30168   -9.84932 3.30438
-6.45092 3.63004   -7.57833 8.29024
-6.45092 3.63004   -9.93419 -0.487398
-6.45092 3.63004   -5.30263 2.5116
-5.15103 5.78465   -7.94776 7.80907
-5.15103 5.78465   -4.31103 6.67076
-5.15103 5.78465   -3.48031 3.31647
-7.16947 5.29223   -7.83961 7.83924
0.468799 2.88438   -5.78657 5.16308
0.468799 2.88438   0.729264 3.07256
0.468799 2.88438   -0.879086 2.4205
0.468799 2.88438   2.03718 0.566912
0.468799 2.88438   0.590986 2.84341
-1.83842 3.47775   -5.45449 6.28523
-1.83842 3.47775   -0.140913 2.35591
-8.37396 0.180614   -5.94506 6.67091
-8.37396 0.180614   -8.6345 -1.72212
-8.37396 0.180614   -8.39396 -1.66595
-8.37396 0.180614   -9.10624 4.01762
-8.37396 0.180614   -8.27152 3.41361
-8.37396 0.180614   -8.08684 0.106919
-8.37396 0.180614   -7.64999 -0.136171
-9.9572 2.26444   -5.68451 6.58397
-5.4385 6.37086   -4.17921 5.82071
-5.4385 6.37086   -7.76547 4.46874
-6.34105 5.00506   -5.40253 6.28727
-6.34105 5.00506   -6.48985 4.97324
-6.34105 5.00506   -8.6979 1.36246
-5.5109 6.12529   -6.04008 6.40654
-5.2085 6.99367   -5.42763 6.03671
-5.2085 6.99367   -1.2891 5.41498
-5.2085 6.99367   -2.93586 5.4069
-5.42763 6.03671   -5.39954 5.64385
-5.32729 6.76431   -5.53744 6.27214
-5.32729 6.76431   -5.33996 6.67884
-0.440845 8.28011   -5.81435 6.73839
-0.440845 8.28011   -2.40762 5.54077
-9.54705 3.43816   -6.77556 6.24956
-7.13103 7.14688   -6.70915 6.64773
-7.13103 7.14688   -1.18243 6.56096
-7.13103 7.14688   -1.72194 7.92846
-7.13103 7.14688   -1.89304 6.96628
-6.70915 6.64773   -6.71317 6.62566
-6.70915 6.64773   -4.34626 6.00454
-6.70915 6.64773   -4.71508 3.59762
-6.70915 6.64773   -5.93617 4.25236
-7.77407 4.57963   -6.5124 6.27506
-7.77407 4.57963   -9.97493 1.3024
-7.77407 4.57963   -9.93631 2.84906
-7.77407 4.57963   -5.90397 2.01661
-7.77407 4.57963   -6.76263 3.10332
-7.77407 4.57963   -5.29696 2.60645
-6.54166 6.27071   -5.7264 3.47871
-6.5935 6.18212   -4.01643 3.61863
-6.02323 6.26207   -6.05341 5.97495
-6.02323 6.26207   -5.21963 5.74795
-6.02323 6.26207   -5.44286 6.91728
-3.18698 4.66866   -6.02323 6.26207
-3.18698 4.66866   -3.46548 3.59496
-6.11487 5.19085   -6.09731 6.30673
-7.71592 5.74249   -6.08513 6.14609
0.169032 2.66524   -6.30586 6.41229
0.169032 2.66524   3.85078 9.85334
-2.09212 3.21618   -6.37396 6.38851
-2.09212 3.21618   -4.09131 5.59392
-2.09212 3.21618   0.654723 9.86876
-2.09212 3.21618   -2.91485 3.96698
-6.18951 3.1704   -6.41854 6.50984
-0.626083 5.24962   -6.70321 6.95037
-0.626083 5.24962   1.73287 9.97228
-0.626083 5.24962   0.906624 4.34486
-0.626083 5.24962   3.07252 3.71932
-7.26798 5.87952   -6.62552 6.72479
-6.21024 7.94689   -6.33622 6.63822
-6.43668 1.61   -7.43589 7.22612
-6.43668 1.61   -9.97127 -1.42684
-6.43668 1.61   -1.8275 7.29093
-6.43668 1.61   -5.78951 1.25313
-6.43668 1.61   -5.36167 2.196
-3.99687 5.31141   -7.34984 7.07644
-3.99687 5.31141   -2.7993 4.12754
-3.99687 5.31141   -3.61015 5.01937
-3.99687 5.31141   -3.43135 5.00896
-7.73586 6.58872   -6.07841 7.12085
-7.73586 6.58872   -1.12567 9.27236
-7.73586 6.58872   -8.42919 3.57152
-7.73586 6.58872   -4.87301 4.5544
-4.64456 3.78754   -7.30156 7.16397
-7.21946 6.81412   -8.09186 1.90334
-7.05899 6.80125   -7.31665 6.71993
-7.05899 6.80125   -6.7698 5.35115
-7.05899 6.80125   -6.2875 7.96174
-7.05899 6.80125   0.202577 8.8985
-1.97748 5.51606   -7.37081 6.80233
-1.97748 5.51606   -1.11562 5.58237
-1.97748 5.51606   2.41367 2.04466
-4.39031 3.43137   -7.2146 6.43085
-7.88785 6.30656   -7.87921 6.64581
-7.87921 6.64581   -5.59483 4.69212
-2.12779 5.49191   -8.01069 6.43083
-2.12779 5.49191   -0.150841 7.35242
-2.12779 5.49191   -0.617057 5.76768
-2.12779 5.49191   -2.14496 4.81011
-8.01069 6.43083   -7.85816 5.40762
-0.156903 7.70589   -7.31113 7.162
-0.156903 7.70589   0.586545 9.22847
-4.92361 4.0365   -6.94141 7.14226
-5.7845 4.00573   -7.85271 6.36712
-6.88459 5.89551   -7.7045 5.17305
-6.88459 5.89551   -3.69985 3.52627
-6.88459 5.89551   -6.30846 4.29637
-5.86162 2.84406   -7.15731 6.36904
-5.86162 2.84406   -8.35191 0.509294
-5.86162 2.84406   -5.39505 2.21079
-5.86162 2.84406   -4.96046 2.68259
-3.36774 4.96042   -7.32726 5.75835
-7.32726 5.75835   -7.1499 6.01729
-7.32726 5.75835   -1.74769 6.1995
-6.79017 5.391   -6.69244 5.57193
-9.95692 2.16219   -7.26798 5.87952
-7.85438 6.15246   -5.19699 5.45214
-6.7698 5.35115   0.564933 9.74775
-7.27828 4.74552   -7.3368 5.89984
-7.27828 4.74552   -7.35696 4.25544
-7.82754 5.70615   -7.11145 6.03991
-7.82754 5.70615   -8.84832 2.32457
-5.70397 3.04451   -6.83718 5.38992
-6.83718 5.38992   -9.5282 0.977597
-9.03037 3.21266   -7.4487 5.91031
-9.03037 3.21266   -7.65515 1.52131
-1.00111 3.11796   -7.2927 6.32628
-5.52073 4.83041   -6.7635 5.8894
-5.52073 4.83041   -6.849 1.45211
-6.7635 5.8894   -3.43993 3.89262
-1.12789 9.83881   -7.84349 5.86035
-7.84349 5.86035   -6.21024 7.94689
-7.49657 5.85072   -6.52123 5.45408
-7.63062 1.04863   -7.77171 6.29404
-7.63062 1.04863   -9.97911 0.567248
-7.63062 1.04863   -9.9938 0.905578
-7.63062 1.04863   -6.30333 1.2005
-7.63062 1.04863   -6.46208 1.14802
-7.63062 1.04863   -7.81497 1.91966
-7.77171 6.29404   -7.71978 3.97194
-5.02088 7.67428   -7.207 5.86211
-6.68293 4.15981   -6.8357 5.6777
-7.67646 6.00529   -0.962754 9.057
-6.96535 5.22013   -8.79823 3.75481
-6.96535 5.22013   -6.49459 1.59454
-5.43501 3.97504   -6.75774 5.18676
-5.43501 3.97504   -1.05975 3.35005
-5.43501 3.97504   -6.33864 2.14325
-5.46145 4.91485   -5.9038 5.06372
-5.46145 4.91485   -5.55189 5.04592
-5.81042 5.19467   -6.54979 5.5168
-5.81042 5.19467   -4.16684 3.31025
-5.81042 5.19467   -3.77428 3.93036
-5.81042 5.19467   -2.29793 5.25209
-6.45319 5.46065   -1.49119 9.96217
-6.45319 5.46065   -4.78026 3.82645
-6.45319 5.46065   -5.05592 3.63812
-3.30228 3.35334   -5.63809 5.50617
-3.30228 3.35334   -9.83351 1.8481
-3.30228 3.35334   -3.32378 3.27716
-3.30228 3.35334   -3.20544 3.5312
-5.4454 5.30195   -5.41808 5.36172
-5.4454 5.30195   -5.28294 5.18322
-5.4454 5.30195   -7.61821 4.95841
-5.79747 5.37411   -5.86952 5.37711
-5.79747 5.37411   -4.25965 6.5668
-5.79747 5.37411   -5.90796 7.24065
-5.79747 5.37411   -2.78792 5.73655
-5.86952 5.37711   -4.23683 3.70832
-5.86952 5.37711   -5.63231 4.96973
-5.52041 5.22384   -4.35189 4.30831
-0.505709 9.14767   -6.34105 5.00506
-0.505709 9.14767   -0.0358295 9.98345
-0.505709 9.14767   -1.65009 8.71517
-5.55189 5.04592   -4.23358 3.48257
-9.83187 2.78949   -5.50628 5.68039
-5.47111 5.60684   -4.88044 4.82328
-6.48985 4.97324   -6.83947 2.07366
-6.36395 5.56982   -7.56022 3.50041
-5.39954 5.64385   -2.7596 3.56217
-5.39954 5.64385   -2.53534 5.36945
-6.26683 5.08775   -5.91797 7.43473
-6.52192 3.59011   -6.18667 5.4348
-6.18667 5.4348   -6.04289 5.67814
-3.53668 5.34834   -6.39657 5.86571
-3.53668 5.34834   -9.77738 3.42186
-3.53668 5.34834   -4.13607 3.54897
-4.86194 7.27801   -6.59069 5.23147
-4.86194 7.27801   -1.89202 6.62396
-4.86194 7.27801   -8.38891 1.75783
-4.86194 7.27801   3.33489 4.80288
-5.99307 5.16431   -3.59718 4.77955
-5.11481 7.00718   -6.32065 5.71067
-5.11481 7.00718   -3.91627 5.91638
-6.32065 5.71067   -5.94472 3.35354
-6.32402 5.85272   -7.57319 5.08602
-6.15153 4.97138   -9.90494 2.38374
-5.32809 3.88902   -6.40589 5.34008
-5.32809 3.88902   -0.486814 4.87452
-5.32809 3.88902   -5.45689 2.68515
-3.69171 6.0538   -3.79174 5.87354
-3.69171 6.0538   0.590003 7.82926
-3.69171 6.0538   -2.2096 3.60849
-3.69171 6.0538   -9.18873 3.90438
-5.28294 5.18322   -3.5326 4.31475
-5.28294 5.18322   -5.08206 4.99702
-4.85815 5.47146   -4.0714 6.53114
-4.67282 5.68797   -5.23658 6.41818
-6.00392 7.77414   -5.01838 5.30175
-6.00392 7.77414   -6.11143 7.63018
-6.00392 7.77414   -6.69521 7.18711
-4.88044 4.82328   -4.6443 5.67965
-4.88044 4.82328   -4.77694 3.19823
-4.6443 5.67965   -1.63779 5.92336
-4.98112 5.70361   -9.93679 3.22833
-4.54972 5.38832   -5.34948 2.87409
-3.32917 4.86919   -4.85649 5.73306
0.929032 4.78979   -4.62512 7.22357
0.929032 4.78979   -1.59888 7.83973
0.929032 4.78979   -1.82355 3.34333
-4.62512 7.22357   -3.86167 3.85359
-4.56747 6.93546   -5.64084 7.54745
-4.56747 6.93546   -8.24584 0.992605
-8.52476 2.46706   -4.79017 7.05948
-8.52476 2.46706   -9.91556 2.57728
-8.52476 2.46706   -7.76242 0.298097
-4.30185 6.80337   -4.05622 5.88547
-1.08747 6.86564   -4.51489 6.39727
-1.08747 6.86564   -0.802191 9.60266
-1.08747 6.86564   -1.29401 5.86248
-1.08747 6.86564   -0.543813 5.8882
-3.75331 5.46389   -4.53388 6.62577
-3.75331 5.46389   -3.86415 4.98367
-4.25965 6.5668   -3.71149 4.44019
-3.53398 3.60219   -4.16002 6.70104
-4.16002 6.70104   -6.32665 7.61355
2.5228 0.727359   -4.57105 6.60693
-5.3571 3.32302   -4.33008 6.79322
-5.3571 3.32302   -4.56919 2.8855
-4.01037 4.22573   -4.21537 6.45049
-4.01037 4.22573   -4.45917 3.60301
-4.5523 6.35431   -4.30906 6.87578
2.6303 4.34247   -4.75435 6.62597
2.6303 4.34247   -0.64251 6.23216
2.6303 4.34247   4.50456 6.24646
2.6303 4.34247   5.53053 7.53204
2.6303 4.34247   7.38069 7.09272
2.6303 4.34247   9.86172 7.01073
2.6303 4.34247   3.80467 5.40237
2.6303 4.34247   6.01671 1.26654
0.331959 0.715037   -3.58114 5.70138
1.50149 0.480136   -4.32953 6.03063
1.50149 0.480136   9.84747 8.53015
1.50149 0.480136   4.04716 2.98219
1.50149 0.480136   -0.493831 0.413693
1.50149 0.480136   1.60738 0.437994
1.50149 0.480136   0.878401 0.93809
-4.32953 6.03063   -8.71616 3.1777
-4.32953 6.03063   2.12125 1.82382
-4.32953 6.03063   0.342692 1.22219
-1.68104 4.68951   -4.27259 5.88113
-1.68104 4.68951   -1.64609 4.71213
-4.09131 5.59392   -3.96146 3.66984
-1.43485 3.5029   -3.92995 5.86219
-3.60892 5.56266   -1.37485 5.72402
-2.96077 4.79475   -4.17557 6.33046
-2.96077 4.79475   3.6771 9.04618
-2.96077 4.79475   -2.72281 3.51589
-2.96077 4.79475   -8.04207 3.78723
-2.96077 4.79475   -3.58638 3.48712
-2.96077 4.79475   -3.78038 3.52763
-2.96077 4.79475   -3.52647 3.63909
-4.17921 5.82071   -4.50077 6.20113
-1.80748 4.57214   -3.56688 5.91588
-1.80748 4.57214   -2.36525 3.71868
-6.76902 3.55696   -3.8075 5.91757
-6.76902 3.55696   -6.68293 4.15981
-3.84673 5.76645   -3.84821 4.55772
-6.68785 1.5659   -3.64607 6.25851
-3.64607 6.25851   -3.87485 5.78794
-0.288084 4.97193   -3.68381 5.58258
-0.288084 4.97193   -0.934975 4.41506
-0.288084 4.97193   3.65988 5.85741
-0.288084 4.97193   -1.64561 2.95611
-0.288084 4.97193   6.97344 3.69487
-2.99898 3.57817   -3.23413 5.74193
-3.48142 5.5472   -3.78231 5.84261
-3.78231 5.84261   -6.56529 4.47114
-2.71338 4.98831   -3.48556 5.91531
-2.71338 4.98831   -2.26049 3.78943
-3.48556 5.91531   3.33088 6.37941
-3.92594 6.54638   -5.7845 4.00573
-5.13937 4.74946   -3.59363 6.12299
-5.13937 4.74946   -8.76531 1.62411
-4.50077 6.20113   -4.18608 5.88792
-4.50077 6.20113   -3.46699 3.85481
2.6502 7.75616   -3.79689 5.78131
-5.62776 3.00615   -3.4215 6.05
-5.73123 4.86288   -5.34396 6.28478
-5.73123 4.86288   -5.38397 8.05863
-5.73123 4.86288   -9.89465 1.89318
-5.73123 4.86288   3.03111 9.01562
-5.73123 4.86288   0.438807 6.15684
-5.73123 4.86288   -1.77206 6.09007
-5.73123 4.86288   -3.31813 3.3597
-5.73123 4.86288   -4.43698 3.80621
-5.13978 3.11359   -4.79809 6.02778
-5.13978 3.11359   -0.151239 9.06417
-5.13978 3.11359   -8.79966 2.20583
-5.3286 5.76461   -6.2728 1.39631
-6.60824 7.7358   -4.62878 6.44752
-8.23442 1.58619   -4.92723 6.34338
-8.23442 1.58619   -9.96212 1.7025
-8.23442 1.58619   -7.94399 2.03802
-8.23442 1.58619   -8.19947 0.422789
-8.23442 1.58619   -7.35723 0.645203
-8.23442 1.58619   -7.47892 0.288011
-8.23442 1.58619   -3.1936 3.97076
-3.01096 5.29744   -4.64035 5.97739
-1.89788 6.73541   -4.99087 6.4854
-9.29357 1.12253   -4.79333 6.30193
-9.29357 1.12253   -9.90423 2.05614
2.57273 4.0944   -5.33573 6.0862
2.57273 4.0944   1.06665 5.2046
0.663595 1.31493   -6.00392 7.77414
0.663595 1.31493   -0.748416 7.15575
0.663595 1.31493   0.0356195 2.84916
0.663595 1.31493   0.0245219 0.15534
0.663595 1.31493   1.50149 0.480136
-5.59765 7.37151   -5.69216 7.49478
-5.59765 7.37151   -1.37942 4.49784
2.2141 7.15089   -5.71536 7.65199
2.2141 7.15089   4.69239 9.91816
-6.14438 7.46833   -5.88347 7.88237
-6.14438 7.46833   -6.17586 7.4986
-5.69216 7.49478   -9.78266 2.92587
-4.43698 3.80621   -5.93076 7.42176
-1.37942 4.49784   -6.46635 7.64084
-8.20029 -0.068971   -6.16209 7.81905
-8.20029 -0.068971   -8.05183 -0.745817
-8.20029 -0.068971   -7.83795 -0.0842965
-5.7154 7.62538   -4.4755 4.12851
-5.37889 3.74751   -6.06129 7.64752
-5.37889 3.74751   -9.95069 1.46155
-5.37889 3.74751   -9.09897 0.198493
1.60502 9.09348   -5.63081 8.1785
1.60502 9.09348   1.99528 9.96385
1.60502 9.09348   2.54969 9.99013
1.60502 9.09348   -1.59899 5.10269
-1.34421 2.65246   -6.27041 8.22327
-1.34421 2.65246   -1.5131 2.69377
-1.34421 2.65246   0.173242 0.747658
-1.34421 2.65246   1.14165 0.558853
-2.02946 5.55281   -6.03593 8.35413
2.17088 9.02951   -6.19478 6.99164
2.17088 9.02951   2.93539 8.37409
2.17088 9.02951   2.28557 9.39737
2.17088 9.02951   -1.00111 3.11796
-7.01912 7.28133   -6.15551 7.30727
-6.15551 7.30727   0.561532 6.93762
1.14056 6.69275   -6.59168 8.06423
1.14056 6.69275   -0.564798 1.95499
-6.69083 7.80649   -7.19619 1.18969
-1.37132 4.04417   -5.41925 7.16516
-1.37132 4.04417   -1.02732 4.28422
-1.37132 4.04417   -0.262112 5.09949
-1.37132 4.04417   4.45182 9.15572
-1.37132 4.04417   -2.26244 3.69615
-1.37132 4.04417   -2.75401 4.18842
-1.37132 4.04417   -2.39932 4.65731
-1.37132 4.04417   -1.50924 3.38244
-1.37132 4.04417   -6.29507 4.24753
-0.418112 8.3978   -5.70141 7.1079
-0.418112 8.3978   1.37672 9.94901
-0.418112 8.3978   -1.2698 7.27778
-0.418112 8.3978   -6.31468 2.36317
-0.418112 8.3978   -2.63731 5.62916
1.07538 6.977   -7.17993 7.31616
1.07538 6.977   0.360406 8.29227
1.07538 6.977   1.48694 6.55604
1.07538 6.977   1.65456 5.21577
-8.18987 3.41706   -7.01706 7.2139
-7.01706 7.2139   -6.90415 7.68848
1.48797 8.47127   -6.86769 7.53633
1.48797 8.47127   1.87918 8.86173
1.48797 8.47127   3.35122 9.98224
1.48797 8.47127   -0.510088 9.96257
1.48797 8.47127   1.19427 7.06768
1.48797 8.47127   2.27094 4.91536
1.48797 8.47127   2.58243 6.55173
1.48797 8.47127   5.63209 5.93072
-1.16724 2.83456   -7.1089 7.46853
-1.50622 7.14567   -4.99376 7.4489
-1.50622 7.14567   1.28059 9.3075
-1.50622 7.14567   1.98344 9.96874
-1.50622 7.14567   -0.0178213 8.6646
-1.50622 7.14567   2.76116 1.62974
-5.38397 8.05863   -5.26489 7.31061
-5.38397 8.05863   -3.31538 5.19457
-5.26489 7.31061   -1.80993 8.33023
-5.26489 7.31061   -4.41174 4.31825
-5.26489 7.31061   -3.86339 4.64482
-6.14918 2.32114   -5.43599 7.88044
-1.27256 9.70421   -5.43671 7.84442
1.56765 0.403152   -5.30942 7.71508
1.56765 0.403152   -0.570786 1.20498
-1.65025 4.74163   -5.23105 7.33587
-1.65025 4.74163   2.94512 2.78647
-7.59469 4.76463   -5.79109 2.95817
-5.1741 4.13582   -7.24364 4.67922
-5.1741 4.13582   -3.70171 4.90788
-9.96712 2.41798   -6.79775 4.78582
-7.63822 5.28069   -5.03524 4.79546
-7.63822 5.28069   -6.08078 4.78408
-7.74882 3.71913   -7.83464 4.66727
-7.74882 3.71913   -7.04438 2.07165
-1.41543 4.81865   -6.68782 4.84488
-1.41543 4.81865   -2.02558 3.87001
-1.41543 4.81865   -1.6855 4.24358
-7.49406 3.4459   -7.77519 5.26487
-7.49406 3.4459   -7.11016 3.6091
-7.76547 4.46874   -9.89448 1.11153
-4.96973 4.58305   -6.78021 4.76941
-4.96973 4.58305   -4.17677 5.31492
-6.96637 2.88775   -7.46182 4.82127
-8.6825 -2.09341   -9.96001 -2.435
-8.6825 -2.09341   -9.97313 -2.17201
-8.6825 -2.09341   -8.68072 -2.20475
-8.6825 -2.09341   -9.41233 0.710823
-9.8919 -1.95091   -9.79461 -1.74068
-9.8919 -1.95091   -9.99885 -2.1862
-9.8919 -1.95091   -8.73455 1.17586
-9.79461 -1.74068   -8.0279 -1.03746
-9.79461 -1.74068   -9.67484 -3.0279
-7.75697 0.11854   -9.88209 -1.15985
-7.75697 0.11854   -5.00451 4.76518
-7.75419 -1.78335   -9.93318 -1.25119
-7.75419 -1.78335   -9.95729 -0.998202
-7.75419 -1.78335   -9.96876 -1.16507
-7.75419 -1.78335   -9.93616 -1.25831
-7.75419 -1.78335   -9.92712 -2.14266
-7.75419 -1.78335   -9.85475 -1.73738
-7.75419 -1.78335   -8.76426 -1.65765
-7.75419 -1.78335   -9.76063 -2.13639
-7.75419 -1.78335   -9.95201 1.21724
-7.75419 -1.78335   -8.77629 0.472101
-7.75419 -1.78335   -7.87701 -0.570599
-7.75419 -1.78335   -7.73291 -1.64024
-7.75419 -1.78335   -7.77699 -1.22385
-7.75419 -1.78335   -7.74623 -1.52423
-7.75419 -1.78335   -7.99943 -1.57892
-7.75419 -1.78335   -9.89609 0.220404
-7.75419 -1.78335   -9.9584 0.183565
-7.75419 -1.78335   -9.9081 0.960393
-7.75419 -1.78335   -9.94952 0.73056
-7.75419 -1.78335   -9.86817 -0.0270299
-7.75419 -1.78335   -9.57279 0.191429
-7.75419 -1.78335   -9.82736 0.0269833
-7.75419 -1.78335   -9.92451 -0.298339
-7.75419 -1.78335   -9.87507 -0.461337
-7.75419 -1.78335   -9.88702 -0.181489
-7.75419 -1.78335   -9.81868 -0.538645
-7.75419 -1.78335   -9.87577 -0.685412
-7.75419 -1.78335   -9.95961 -0.73061
-7.75419 -1.78335   -9.93854 -0.748352
-7.75419 -1.78335   -9.94948 -0.810241
-7.75419 -1.78335   -9.03037 3.21266
-7.75419 -1.78335   -8.70659 1.13765
-7.75419 -1.78335   -9.99273 2.43212
-7.75419 -1.78335   -8.48912 0.582202
-7.73973 -1.5771   -9.96846 -1.08293
-7.73973 -1.5771   -9.94775 1.12647
-7.73973 -1.5771   -8.02276 -1.76888
-8.68072 -2.20475   -9.9696 -1.17976
-8.68072 -2.20475   -9.9228 -1.55654
-8.68072 -2.20475   -9.93474 -1.91206
-8.68072 -2.20475   -9.17591 -2.5085
-8.68072 -2.20475   -9.18633 -2.11309
-8.68072 -2.20475   -8.85187 -2.01313
-8.68072 -2.20475   -8.78258 -2.3094
-8.68072 -2.20475   -8.85713 -1.08667
-8.68072 -2.20475   -8.59334 -0.500095
-8.68072 -2.20475   -7.78097 -1.60524
-8.68072 -2.20475   -7.73973 -1.5771
-8.68072 -2.20475   -9.94872 0.741924
-8.68072 -2.20475   -9.69868 -3.17069
-9.82074 -1.16709   -9.97247 -1.17304
-9.82074 -1.16709   -9.98319 -1.12362
-7.55457 2.59554   -9.91248 -0.974002
-7.55457 2.59554   -1.14229 7.45091
-7.55457 2.59554   -7.22395 2.69666
-7.55457 2.59554   -8.33774 0.461737
-9.91248 -0.974002   -8.97254 -1.22078
-9.87165 -1.18093   -7.92704 -1.52883
-6.68582 0.804081   -9.98396 -0.857441
-8.13195 -0.97355   -9.96513 -1.07677
-9.61475 -1.40509   -9.81355 -1.24301
-9.61475 -1.40509   -9.95638 -1.24243
-9.61475 -1.40509   -9.93771 -1.06832
-9.61475 -1.40509   -9.97789 -1.74006
-9.61475 -1.40509   -8.69867 -1.83438
-9.4819 -0.933731   -9.93124 -1.33197
-9.4819 -0.933731   -9.97924 -1.66384
-9.4819 -0.933731   -9.97484 -1.6861
-9.4819 -0.933731   -9.98747 -1.59262
-9.4819 -0.933731   -8.28483 -1.80268
-9.4819 -0.933731   -8.26233 -1.69245
-9.4819 -0.933731   -8.40751 -1.72172
-9.4819 -0.933731   -8.90226 -2.08774
-9.4819 -0.933731   -8.75848 -1.93002
-9.4819 -0.933731   -9.95873 -0.41743
-9.4819 -0.933731   -9.98391 -0.637783
-9.4819 -0.933731   -9.9786 -0.3088
-9.4819 -0.933731   -5.31595 4.37458
-9.93124 -1.33197   -9.83928 -3.16113
-6.98421 2.61443   -9.96033 -1.10792
-6.98421 2.61443   -9.44035 0.115184
-6.98421 2.61443   -6.23399 1.87592
-6.98421 2.61443   -7.43089 2.5283
-6.98421 2.61443   -5.48835 2.13975
-6.98421 2.61443   -5.10806 2.59339
-6.98421 2.61443   -3.80706 4.07658
-6.98421 2.61443   -3.23399 5.05956
-6.98421 2.61443   -5.29707 4.19565
-8.21305 -1.11494   -9.96518 -1.37133
-9.83436 -2.58896   -9.73829 -1.39042
-8.40471 -0.568809   -9.94513 -1.33342
-8.62571 -0.579845   -9.98375 -1.27821
-7.55587 -0.784681   -9.94981 -0.963974
-7.55587 -0.784681   -9.88335 -1.71311
-7.55587 -0.784681   -8.16749 -1.8494
-7.55587 -0.784681   -9.93674 -2.41005
-7.55587 -0.784681   -9.7981 1.14896
-7.55587 -0.784681   -9.96565 1.16435
-7.55587 -0.784681   -9.94155 1.931
-7.55587 -0.784681   -9.99419 1.91018
-7.55587 -0.784681   -9.87316 1.68096
-7.55587 -0.784681   -8.0736 -0.433906
-7.55587 -0.784681   -7.90493 -0.646972
-7.55587 -0.784681   -8.03927 -1.77075
-7.55587 -0.784681   -7.74784 -1.2172
-7.55587 -0.784681   -7.92585 -1.76816
-7.55587 -0.784681   -9.84509 0.486019
-7.55587 -0.784681   -9.85466 -0.708443
-7.55587 -0.784681   -9.40264 -0.208099
-7.55587 -0.784681   -7.29558 0.655618
-8.48912 0.582202   -9.75121 -1.19745
-8.48912 0.582202   -9.87011 0.930816
-8.48912 0.582202   -9.95623 3.41734
-9.97313 -2.17201   -9.98717 -1.99509
-9.98717 -1.99509   -9.52685 -2.80227
-9.15918 -1.43554   -9.93245 -2.22749
-9.15918 -1.43554   -9.95161 -1.7126
-9.15918 -1.43554   -8.36983 -1.90965
-9.15918 -1.43554   -8.73012 -2.16135
-9.93245 -2.22749   -9.34796 -2.7722
-7.82041 3.22752   -9.93011 -2.02355
-7.82041 3.22752   -9.93756 -0.805722
-9.4416 -2.74785   -9.96729 -1.94896
-9.4416 -2.74785   -9.90776 -2.3508
-9.92362 -3.08635   -9.34385 -1.60442
-6.60542 2.85393   -9.46565 -1.42986
-6.60542 2.85393   -9.38283 1.85959
-6.60542 2.85393   -6.14918 2.32114
-9.46565 -1.42986   -8.83493 -1.01164
-9.46565 -1.42986   -9.08429 3.21682
-9.46565 -1.42986   -9.22495 2.4913
-9.84138 -1.71846   -9.94652 -1.82269
-6.86781 0.769198   -9.9957 -1.88731
-6.86781 0.769198   -6.86258 0.898022
-6.86781 0.769198   -6.57964 1.08229
-6.86781 0.769198   -6.60758 0.794881
-6.86781 0.769198   -6.50494 0.832908
-6.86781 0.769198   -5.77283 1.3427
-9.9228 -1.55654   -7.42407 1.45347
-5.72156 2.21079   -9.99646 -1.55996
-5.72156 2.21079   -6.35047 1.88687
-9.33526 0.559801   -9.98911 -1.82747
-9.33526 0.559801   -8.59425 -1.68118
-9.42033 -3.41834   -9.65515 -1.83364
-9.42033 -3.41834   -9.69661 -1.8307
-9.42033 -3.41834   -9.95745 -3.79585
-9.42033 -3.41834   -9.97989 -3.78986
-9.42033 -3.41834   -9.89597 -4.20951
-9.42033 -3.41834   -9.915 -3.86609
-9.42033 -3.41834   -9.94509 -3.79652
-9.42033 -3.41834   -9.68032 -3.76167
-9.42033 -3.41834   -9.93945 -4.18497
-9.42033 -3.41834   -9.96475 -4.09212
-9.42033 -3.41834   -9.82028 -3.81376
-9.42033 -3.41834   -9.30854 -2.85839
-9.42033 -3.41834   -9.96585 -3.20539
-9.42033 -3.41834   -9.55081 -3.38003
-9.42033 -3.41834   -9.63138 -3.0916
-9.42033 -3.41834   -9.57411 -3.44493
-9.42033 -3.41834   -9.49833 -3.23571
-9.42033 -3.41834   -9.92362 -3.08635
-9.42033 -3.41834   -9.92029 -2.88276
-9.42033 -3.41834   -9.88455 -3.28131
-9.42033 -3.41834   -9.96818 -3.08619
-9.42033 -3.41834   -9.85091 -2.88775
-9.42033 -3.41834   -9.95089 -2.92648
-9.42033 -3.41834   -9.96959 -2.978
-9.42033 -3.41834   -9.98007 -2.84479
-9.42033 -3.41834   -9.97543 -3.01154
-9.42033 -3.41834   -9.98107 -2.86231
-9.42033 -3.41834   -9.84453 -3.63204
-9.42033 -3.41834   -9.95094 -3.63998
-9.42033 -3.41834   -9.94569 -3.65897
-9.42033 -3.41834   -9.90666 -3.49816
-9.42033 -3.41834   -9.96221 -3.5528
-9.42033 -3.41834   -9.7205 -3.6959
-9.42033 -3.41834   -9.99279 -4.87204
-9.65515 -1.83364   -9.94388 -1.7751
-7.8127 0.553644   -9.90394 -1.79435
-7.8127 0.553644   -9.99874 2.27858
-7.8127 0.553644   -7.72564 0.324949
-9.81286 -1.84798   -9.95772 -2.39083
-9.22565 -1.95984   -9.90101 -1.65756
-9.22565 -1.95984   -8.77895 -1.53195
-9.22565 -1.95984   -8.21305 -1.11494
-9.4875 -0.829146   -9.94506 -1.5345
-8.60866 -1.52732   -9.89941 -1.57505
-9.69661 -1.8307   -9.9513 -1.46303
-9.69661 -1.8307   -8.94041 -2.33557
-9.07573 -0.88728   -9.95553 -1.7614
-9.07573 -0.88728   -7.95561 -1.07738
-9.07573 -0.88728   -9.96478 -0.281262
-9.07573 -0.88728   -9.9271 -0.221765
-8.78258 -2.3094   -9.9821 -1.81346
-8.78258 -2.3094   -8.59793 -2.16988
-8.78258 -2.3094   -9.89519 -2.45218
-8.78258 -2.3094   -8.89767 -2.29447
-8.78258 -2.3094   -9.72005 1.03264
-8.78258 -2.3094   -7.77613 -1.63365
-8.78258 -2.3094   -9.80906 0.219206
-8.78258 -2.3094   -9.98684 -2.69002
-9.13077 -0.345332   -9.99053 -1.91646
-9.13077 -0.345332   -9.98528 -1.77404
-9.13077 -0.345332   -8.8742 0.842434
-9.13077 -0.345332   -7.72998 -0.545945
-9.13077 -0.345332   -2.20575 5.9175
-9.13077 -0.345332   -7.99772 2.3117
-9.13077 -0.345332   -6.36493 2.3372
-9.13077 -0.345332   -7.15523 0.192659
-9.13077 -0.345332   -6.00998 4.71944
-8.16878 2.31767   -9.98989 -1.73882
-9.52685 -2.80227   -9.98911 -1.64844
-9.52685 -2.80227   -6.11193 3.82635
-7.77215 -1.71969   -8.02002 -1.85501
-7.77215 -1.71969   -7.72306 -1.73646
-8.6345 -1.72212   -7.99335 -1.0144
-8.6345 -1.72212   -7.78446 -0.271073
-9.95807 1.61263   -8.60866 -1.52732
-8.26233 -1.69245   -7.87896 -1.49291
-7.71536 -1.57808   -8.69534 -1.80088
-7.71536 -1.57808   -7.97256 -1.82428
-7.71536 -1.57808   -7.76966 -1.74077
-7.71536 -1.57808   -9.97078 3.80067
-7.71536 -1.57808   -9.39203 1.42277
-7.71536 -1.57808   -8.076 2.03422
-8.69534 -1.80088   -8.33887 -0.415173
-7.83533 -0.191072   -8.76779 -1.62125
-7.83533 -0.191072   -8.20029 -0.068971
-7.83533 -0.191072   -5.69991 3.17285
-8.36983 -1.90965   -8.91715 1.96031
-9.81258 0.925114   -8.73785 -1.58357
-8.12942 -1.88139   -8.70099 -2.03347
-8.59793 -2.16988   -9.73662 -2.11914
-8.59793 -2.16988   -9.90907 -2.64546
-8.04128 -1.47257   -8.26062 -1.88484
-8.04128 -1.47257   -6.09111 4.69539
-7.44383 -0.406654   -8.0841 -1.77933
-7.44383 -0.406654   -9.90206 2.46479
-8.85713 -1.08667   -8.46924 -1.96229
-8.85713 -1.08667   -8.509 -0.833469
-9.11051 -2.74607   -8.702 -1.56678
-9.11051 -2.74607   -9.45044 -2.35127
-9.11051 -2.74607   -9.9393 -2.26474
-9.11051 -2.74607   -9.97383 -2.26489
-9.11051 -2.74607   -7.75869 0.23707
-9.11051 -2.74607   -6.86048 4.16808
-9.11051 -2.74607   -9.95533 -2.73269
-9.11051 -2.74607   -9.97643 -3.07251
-9.11051 -2.74607   -9.9453 -3.23452
-9.85466 -0.708443   -8.36721 -1.73229
-9.85466 -0.708443   -8.99569 -1.97418
-8.80682 -0.911654   -8.69356 -1.87024
-8.70671 -1.40907   -8.51155 -1.47228
-9.81825 0.672613   -8.64333 -1.67899
-9.81825 0.672613   -7.33066 0.394684
-9.17591 -2.5085   -9.8919 -2.55326
-9.17591 -2.5085   -9.01402 -2.48779
-9.85452 1.80372   -8.97613 -1.84263
-9.85452 1.80372   -9.95807 1.61263
-8.97613 -1.84263   -9.22565 -1.95984
-9.27136 -2.06672   -9.98401 -2.33632
-9.27136 -2.06672   -8.18025 -0.339201
-9.27136 -2.06672   -5.95544 2.36168
-8.90226 -2.08774   -7.99187 -1.5309
-8.85187 -2.01313   -8.6137 -2.16781
-9.13265 -2.61616   -9.88303 -2.33105
-9.13265 -2.61616   -8.30608 0.716168
-9.13265 -2.61616   -9.83436 -2.58896
-9.13265 -2.61616   -9.91327 -2.90927
-9.13265 -2.61616   -9.98739 -3.12157
-9.88303 -2.33105   -9.18846 -2.46254
-9.88303 -2.33105   -9.89536 -2.81248
-9.91245 0.51821   -9.94894 -2.51341
-7.54389 -0.717359   -8.91853 -2.32647
-7.54389 -0.717359   -9.15722 -1.47375
-7.54389 -0.717359   -7.65464 3.39349
-7.54389 -0.717359   -9.95477 2.15189
-9.76063 -2.13639   -9.20193 -2.44634
-9.76063 -2.13639   -9.03135 -2.25999
-9.76063 -2.13639   -7.88727 -1.11726
-9.76063 -2.13639   -7.73134 -0.563607
-9.20193 -2.44634   -9.94972 -3.43789
-8.73012 -2.16135   -7.77104 -1.25404
-7.94399 2.03802   -9.92752 -2.44238
-7.94399 2.03802   -7.89231 3.7263
-7.94399 2.03802   -9.95343 3.41932
-7.94399 2.03802   -4.30999 5.19467
-9.73662 -2.11914   -9.4416 -2.74785
-9.45044 -2.35127   -9.93375 -2.39532
-7.54041 -0.687592   -8.69238 -2.1111
-7.54041 -0.687592   -9.98851 1.47633
-7.54041 -0.687592   -9.85811 1.31052
-7.54041 -0.687592   -7.55587 -0.784681
-7.54041 -0.687592   -7.54389 -0.717359
-7.54041 -0.687592   -7.57571 -0.81476
-7.54041 -0.687592   -9.89684 0.0921396
-7.54041 -0.687592   -8.33338 3.46566
-7.54041 -0.687592   -9.9356 2.94655
-7.54041 -0.687592   -6.67495 2.48741
-7.54041 -0.687592   -8.24072 1.00085
-8.97254 -1.22078   -9.50236 -2.31508
-9.55034 -2.32543   -9.89367 -2.51841
-9.49093 -0.196855   -8.85381 -1.9472
-9.49093 -0.196855   -9.19881 -1.02013
-9.49093 -0.196855   -9.56292 0.905604
-9.19881 -1.02013   -9.0467 -2.22327
-9.87507 -0.461337   -9.07573 -0.88728
-9.98263 0.66519   -8.80216 -1.39665
-8.80216 -1.39665   -8.38901 -1.27423
-8.80216 -1.39665   -8.40016 -1.18861
-9.89465 1.89318   -8.84116 -1.58992
-9.89465 1.89318   -9.97599 1.70259
-9.3892 -0.846289   -8.18194 -0.91251
-9.3892 -0.846289   -8.55929 0.119059
-8.33887 -0.415173   -8.90253 -1.53464
-8.33887 -0.415173   -9.99295 0.403372
-8.66171 -1.37975   -6.01977 1.61201
-8.66171 -1.37975   -6.05617 2.96349
-8.55929 0.119059   -8.70671 -1.40907
-8.55929 0.119059   -9.98544 0.343291
-8.55929 0.119059   -6.01843 1.71349
-8.55929 0.119059   -7.00606 0.947378
-8.55929 0.119059   -7.75602 0.124959
-8.96541 2.65652   -8.9678 -1.05582
-9.16853 -1.49289   -8.59424 -0.794415
-9.25846 0.0219721   -8.7183 -1.37758
-9.25846 0.0219721   -7.71355 2.19239
-4.75692 4.49023   -9.02027 -1.45162
-4.75692 4.49023   -3.55978 4.45293
-7.57969 -0.261899   -8.75799 -1.52828
-7.57969 -0.261899   -9.93341 2.46404
-7.4776 1.71844   -8.92454 -1.50571
-7.4776 1.71844   -9.96598 2.41008
-7.4776 1.71844   -6.10982 1.53471
-7.4776 1.71844   -6.493 1.18388
-7.4776 1.71844   -8.0084 0.640637
-9.64651 1.72346   -9.89765 1.8934
-9.64651 1.72346   -9.91844 1.44735
-9.64651 1.72346   -9.98571 0.785727
-9.64651 1.72346   -7.49406 3.4459
-9.64651 1.72346   -9.95755 2.04737
-5.76545 1.04727   -9.92599 1.32708
-5.76545 1.04727   -9.96163 2.14634
-5.76545 1.04727   -5.88596 1.61521
-5.76545 1.04727   -5.79606 1.02415
-5.76545 1.04727   -5.89948 2.36647
-5.91618 1.26806   -9.8907 1.45184
-9.92849 1.3325   -7.83533 -0.191072
-9.91844 1.44735   -7.16806 3.13917
-9.71992 1.39524   -9.90125 1.45522
-9.71992 1.39524   -9.54072 1.0925
-9.71992 1.39524   -7.13311 1.02877
-7.84169 0.99079   -9.97667 1.55273
-7.84169 0.99079   -7.80778 0.919712
-8.04552 -0.0379665   -9.90561 1.37863
-8.04552 -0.0379665   -6.12708 2.16587
-8.04552 -0.0379665   -7.81228 0.238284
-9.06286 1.20777   -9.92751 1.40733
-9.06286 1.20777   -8.03649 0.655725
-9.54072 1.0925   -9.86123 1.41052
-9.54072 1.0925   -8.20395 -0.110003
-9.54072 1.0925   -9.57445 0.904631
-9.54072 1.0925   -9.89382 0.732746
-9.54072 1.0925   -9.25846 0.0219721
-8.06828 2.32894   -9.99769 1.39201
-8.06828 2.32894   -9.91661 -0.622108
-8.06828 2.32894   -8.16018 3.77801
-8.06828 2.32894   -7.99693 2.61408
-8.06828 2.32894   -9.85043 2.93405
-8.06828 2.32894   -6.82155 2.03273
-9.7197 1.20953   -9.95737 1.64454
-9.7197 1.20953   -9.93685 1.30031
-9.7197 1.20953   -9.94757 0.627795
-9.7981 1.14896   -9.83805 1.28652
-9.7981 1.14896   -9.9268 1.0653
-8.3459 1.2837   -9.97494 1.60314
-8.3459 1.2837   -9.01068 0.933106
-9.25911 1.41432   -9.87443 1.49101
-7.56283 -0.136619   -9.96599 1.26671
-9.56665 1.43104   -9.6583 1.27216
-7.78097 -1.60524   -9.7197 1.20953
-7.78097 -1.60524   -8.45536 0.288277
-7.78097 -1.60524   -7.77215 -1.71969
-9.69383 3.04595   -9.71992 1.39524
-9.69383 3.04595   -9.96712 2.41798
-9.69383 3.04595   -9.98263 2.44938
-9.69383 3.04595   -9.64651 1.72346
-9.83351 1.8481   -9.92859 2.03814
-9.83351 1.8481   -9.98534 2.03808
-9.91008 1.8072   -9.99155 2.16578
-9.85409 2.41854   -9.9974 1.90771
-7.88657 2.472   -9.86999 1.83766
-7.88657 2.472   -9.93464 3.09009
-7.88657 2.472   -6.28997 1.76361
-7.88657 2.472   -6.89745 1.56397
-7.88657 2.472   -7.78224 0.719223
-5.75357 1.07306   -9.34374 1.22378
-5.75357 1.07306   -9.28805 3.32584
-5.75357 1.07306   -7.48495 3.26293
-5.75357 1.07306   -5.73786 1.11976
-5.75357 1.07306   -5.85358 1.02203
-9.41233 0.710823   -9.45091 1.0086
-9.41233 0.710823   -8.12459 -1.70608
-9.41233 0.710823   -9.9368 0.753765
-9.41233 0.710823   -9.97788 0.101936
-9.41233 0.710823   -9.11426 0.652436
-7.15523 0.192659   -9.29357 1.12253
-7.15523 0.192659   -8.18433 2.26895
-7.15523 0.192659   -9.17221 2.53601
-7.15523 0.192659   -9.99005 3.52574
-7.15523 0.192659   -7.07349 0.235558
-8.37952 2.61764   -9.63809 1.65905
-8.37952 2.61764   -9.7673 1.94397
-8.37952 2.61764   -6.84932 0.708618
-8.37952 2.61764   -7.54041 1.65755
-9.63809 1.65905   -9.56176 0.602887
-8.77629 0.472101   -9.83522 1.56838
-8.77629 0.472101   -7.74614 -0.392877
-9.49336 2.08489   -9.83163 1.75367
-9.49336 2.08489   -9.93884 2.19373
-9.03032 1.37838   -9.9199 1.64025
-9.03032 1.37838   -9.67818 1.77682
-8.17793 3.3023   -9.84986 1.70271
-8.17793 3.3023   -7.69187 3.64477
-3.62951 5.20963   -9.72982 1.69337
-8.5811 1.44311   -8.13195 -0.97355
-8.5811 1.44311   -9.94016 2.66038
-8.5811 1.44311   -9.9985 2.69946
-8.5811 1.44311   -5.82266 1.64819
-8.5811 1.44311   -6.99147 0.816623
-8.40016 -1.18861   -9.97256 -0.344604
-8.0279 -1.03746   -9.91012 0.570003
-8.44224 -0.825956   -8.37492 -0.951343
-7.51782 0.668362   -8.709 -0.65096
-8.709 -0.65096   -9.95079 0.103807
-8.59334 -0.500095   -7.96503 0.228042
-8.509 -0.833469   -7.93106 -1.14482
-7.88727 -1.11726   -8.00128 -1.66183
-9.81868 -0.538645   -7.93584 -1.07027
-8.44175 -0.268201   -8.80682 -0.911654
-8.44175 -0.268201   -7.97345 -0.713711
-8.44175 -0.268201   -8.39477 2.17206
-7.97345 -0.713711   -7.81285 -1.10077
-9.90727 3.46167   -8.62433 -1.12784
-9.24465 0.478176   -8.01028 -0.942446
-8.59424 -0.794415   -8.50636 -0.750652
-8.8742 0.842434   -6.46693 3.78744
-8.77356 0.610706   -7.9631 -0.372143
-9.74175 -0.336055   -8.83193 0.655749
-9.74175 -0.336055   -9.97431 -0.675963
-9.74175 -0.336055   -9.74209 -0.486277
-9.74175 -0.336055   -5.37889 3.74751
-8.8701 0.394122   -7.81621 -0.129467
-8.05183 -0.745817   -9.95757 -0.330249
-9.88455 -3.28131   -7.80401 -0.786978
-9.88455 -3.28131   -9.13265 -2.61616
-7.80401 -0.786978   -9.31272 3.50474
-7.87701 -0.570599   -9.06286 1.20777
-9.97439 -0.724235   -7.8314 -0.612701
-9.97439 -0.724235   -8.40336 -0.443526
-9.11426 0.652436   -8.44175 -0.268201
-9.11426 0.652436   -9.97299 2.29789
-9.11426 0.652436   -9.49336 2.08489
-8.40336 -0.443526   -6.53594 1.5043
-7.74614 -0.392877   -7.60475 -0.290471
-8.18025 -0.339201   -9.86606 -0.618207
-8.18025 -0.339201   -7.59536 -0.00119371
-8.79966 2.20583   -8.49477 -0.219164
-8.79966 2.20583   -9.90254 3.68494
-8.79966 2.20583   -8.62886 2.94509
-8.79966 2.20583   -8.90076 1.73212
-8.79966 2.20583   -9.53611 2.66868
-9.91327 -2.90927   -7.79522 -0.933629
-8.0736 -0.433906   -5.34792 1.96327
-9.39203 1.42277   -7.75014 -0.455956
-9.39203 1.42277   -9.98803 0.446968
-9.39203 1.42277   -9.25911 1.41432
-9.39203 1.42277   -9.89278 -3.52879
-7.57571 -0.81476   -9.9785 -0.0467186
-7.57571 -0.81476   -7.44383 -0.406654
-8.44494 1.1632   -8.17226 -0.701816
-7.72998 -0.545945   -7.95205 -0.391749
-8.20395 -0.110003   -7.29548 2.18817
-8.82249 1.86775   -8.3142 0.256479
-8.82249 1.86775   -7.30475 0.877902
-8.12459 -1.70608   -7.89706 -1.64287
-7.88854 -1.81257   -7.74401 -1.67366
-7.88854 -1.81257   -7.76037 -1.60532
-7.78776 -1.58299   -7.95504 -1.77436
-9.57091 -2.86456   -7.88262 -1.5061
-9.57091 -2.86456   -9.94464 -3.46111
-7.74784 -1.2172   -7.99528 -1.6833
-7.56713 2.95448   -9.91491 0.393357
-7.56713 2.95448   -9.54705 3.43816
-7.56713 2.95448   -9.95114 3.49381
-7.56713 2.95448   -6.77169 1.1925
-6.31468 2.36317   -9.99046 0.346791
-6.31468 2.36317   -6.18029 2.17897
-6.31468 2.36317   -5.957 2.44962
-5.35476 2.91318   -9.99513 0.510564
-5.35476 2.91318   -6.75353 1.19016
-5.35476 2.91318   -6.91746 2.20959
-5.35476 2.91318   -5.24136 2.87304
-9.92713 0.385673   -7.30217 3.58554
-9.86038 0.246372   -8.55651 3.57354
-7.83795 -0.0842965   -9.88565 0.462819
-9.16586 1.76741   -9.95296 0.554526
-9.16586 1.76741   -8.8952 1.59722
-9.16586 1.76741   -6.20926 2.28123
-9.16586 1.76741   -6.94032 1.07183
-5.75278 1.06696   -9.91065 0.52069
-5.75278 1.06696   -6.10336 1.52471
-9.91784 0.499692   -9.26959 0.541311
-9.57445 0.904631   -8.66159 1.37483
-9.57445 0.904631   -7.92472 0.241987
-9.92376 0.83104   -9.33526 0.559801
-9.89382 0.732746   -9.97959 0.821382
-7.23434 3.44647   -9.86507 0.839361
-7.23434 3.44647   -9.46338 3.61914
-7.23434 3.44647   -9.91481 2.64733
-8.58688 1.80243   -9.94465 0.821023
-8.58688 1.80243   -8.89971 1.36369
-8.58688 1.80243   -8.80604 2.17634
-5.77217 1.0428   -9.9062 0.793509
-5.77217 1.0428   -5.27574 4.54333
-6.49415 1.29643   -9.83976 0.702636
-9.89684 0.0921396   -9.95104 -0.0275545
-9.89684 0.0921396   -9.49093 -0.196855
-8.54991 1.2522   -9.94225 0.166241
-9.82764 -0.163499   -8.41325 3.80963
-6.61829 3.81186   -9.99628 -0.469098
-6.61829 3.81186   0.545356 8.05773
-6.61829 3.81186   -6.67014 1.38235
-9.50038 -3.11493   -9.99321 -0.103985
-9.50038 -3.11493   -9.57091 -2.86456
-9.50038 -3.11493   -9.52326 -3.24462
-9.50038 -3.11493   -9.92997 -3.21134
-9.50038 -3.11493   -9.98189 -3.39859
-4.93073 4.69266   -9.94559 -0.352799
-7.89081 1.19732   -9.86111 -0.340525
-7.89081 1.19732   -4.07622 3.50038
-9.86111 -0.340525   -9.96866 -0.301117
-9.27812 -0.195961   -9.9836 -0.705585
-5.69063 1.48781   -9.85315 -0.361756
-5.69063 1.48781   -6.09153 1.0332
-8.8952 1.59722   -9.98039 -0.214525
-7.48799 1.41434   -9.27812 -0.195961
-9.28793 0.143208   -7.89078 1.47336
-9.22594 0.56331   -8.25326 3.65822
-9.22594 0.56331   -7.54163 0.27242
-9.22594 0.56331   -7.85691 1.38169
-9.22623 0.938729   -7.78533 -0.164536
2.85368 5.87949   -0.959788 9.95533
2.85368 5.87949   2.05344 7.56942
2.85368 5.87949   -0.408939 2.71375
2.85368 5.87949   3.77188 5.49173
2.85368 5.87949   2.5487 6.25222
2.85368 5.87949   8.44765 4.77242
2.85368 5.87949   8.53767 -1.34706
2.85368 5.87949   6.05171 3.29223
0.943321 9.90642   -1.00077 8.02296
0.943321 9.90642   -3.40224 3.77995
1.72627 4.6223   2.84134 9.98801
1.72627 4.6223   1.33202 4.95273
1.72627 4.6223   4.52219 6.15995
1.72627 4.6223   2.75938 2.80076
1.72627 4.6223   0.926679 0.398894
1.72627 4.6223   -0.376511 1.61786
2.84134 9.98801   1.05777 9.17278
2.28778 8.49377   1.63579 9.85237
2.28778 8.49377   -0.320707 6.74209
2.28778 8.49377   0.248266 9.91247
2.28778 8.49377   2.14076 8.57204
2.28778 8.49377   1.57319 6.02205
2.28778 8.49377   2.17633 6.41111
2.28778 8.49377   -2.99353 3.79361
5.44953 0.74649   2.46836 8.40919
5.44953 0.74649   8.78282 5.99083
5.44953 0.74649   8.61854 5.03464
5.44953 0.74649   4.86667 3.144
5.44953 0.74649   4.54364 -0.273151
5.44953 0.74649   4.33791 -0.599961
5.44953 0.74649   5.33312 1.82669
5.44953 0.74649   4.5757 -2.42905
2.46836 8.40919   2.26243 8.7337
2.46836 8.40919   0.623406 9.8653
2.46836 8.40919   0.0662358 6.37759
2.46836 8.40919   1.5083 7.18644
2.46836 8.40919   -7.01881 3.22761
2.46836 8.40919   -5.21981 4.16422
2.26243 8.7337   1.16518 9.92776
2.26243 8.7337   1.10464 9.3824
2.26243 8.7337   -1.18622 8.81936
0.106353 3.90467   2.48286 8.72687
0.106353 3.90467   0.660879 3.81882
0.106353 3.90467   1.58274 5.84478
0.106353 3.90467   -5.63422 3.76398
0.106353 3.90467   1.44368 0.759193
2.48286 8.72687   3.37249 9.91099
2.48286 8.72687   1.37998 9.99782
2.48286 8.72687   2.0709 9.91564
2.48286 8.72687   0.512866 7.1412
2.48286 8.72687   2.72027 8.11749
2.48286 8.72687   1.8159 7.63394
2.48286 8.72687   0.0823732 6.05575
2.48286 8.72687   2.4917 6.58502
-0.956225 8.14708   2.17112 9.11675
2.17112 9.11675   4.86054 9.99032
-0.218458 5.41338   2.17088 9.02951
-0.218458 5.41338   -1.68292 5.09036
-0.218458 5.41338   -1.60316 3.47858
1.85136 9.39749   1.60502 9.09348
1.85136 9.39749   1.88115 9.60905
1.85136 9.39749   3.07385 9.97568
1.85136 9.39749   1.91756 9.50366
1.85136 9.39749   1.9105 9.34629
1.85136 9.39749   4.22483 9.99382
2.14451 6.11275   2.48798 8.61028
2.93539 8.37409   -6.65541 3.80675
3.17616 5.75396   2.93637 8.57256
3.17616 5.75396   3.19524 5.24569
2.93637 8.57256   2.81654 7.41478
2.92174 4.8502   2.03463 9.25127
2.92174 4.8502   4.7636 8.69879
2.92174 4.8502   8.99904 9.06136
2.92174 4.8502   9.31512 4.61332
2.92174 4.8502   7.30581 0.472571
6.40893 8.41447   2.19089 9.2304
6.40893 8.41447   9.59341 5.28459
3.70417 9.1703   2.9236 8.49454
3.70417 9.1703   3.53801 9.78158
2.9236 8.49454   3.84432 9.91187
2.9236 8.49454   4.04973 7.3101
-1.37032 3.98463   2.55227 8.34185
-1.37032 3.98463   -1.04335 2.25892
2.55227 8.34185   0.58012 9.94378
2.55227 8.34185   1.10083 7.01225
9.95861 5.31379   2.81508 8.23369
-1.97757 6.93251   3.00501 8.9271
-1.97757 6.93251   -0.659649 9.9531
-1.97757 6.93251   -2.48876 5.15101
3.00501 8.9271   1.4646 8.1209
3.00501 8.9271   2.24052 6.97762
3.00501 8.9271   7.67948 4.47996
2.14586 9.33411   2.84765 8.82218
2.14586 9.33411   3.37592 9.94629
2.14586 9.33411   1.39155 8.91334
2.14586 9.33411   0.550315 4.68981
2.84765 8.82218   1.35043 6.39067
2.84765 8.82218   -3.09172 4.0627
1.82714 6.46426   2.32937 8.60674
1.82714 6.46426   0.360087 9.84986
1.82714 6.46426   1.80688 4.98021
2.32799 9.96583   2.28402 8.72019
2.28402 8.72019   -0.914046 3.10832
-0.0358295 9.98345   1.91819 9.13669
4.25192 8.31029   2.26238 8.57864
4.25192 8.31029   7.53175 9.46293
3.03111 9.01562   3.71328 9.9301
2.68049 9.05915   3.80225 6.76279
3.35822 9.03254   2.60426 9.14418
3.35822 9.03254   3.17708 9.88027
3.35822 9.03254   1.04093 7.43435
3.35822 9.03254   2.36125 8.15353
3.35822 9.03254   3.64892 6.5373
2.60426 9.14418   2.90221 9.83805
2.65206 7.70495   2.64414 8.94735
2.64414 8.94735   4.03138 9.80568
9.83825 2.5974   3.15465 8.87914
3.15465 8.87914   1.83642 9.95579
9.61288 9.00135   2.87573 8.67753
5.88684 6.31529   2.88833 8.54524
3.5173 8.99334   1.88187 8.93394
3.5173 8.99334   2.5956 7.46927
3.5173 8.99334   7.15819 5.1928
1.88187 8.93394   1.52178 9.9935
-0.172059 7.37305   1.97519 8.97555
4.46502 9.4085   2.80569 9.09278
4.46502 9.4085   5.39036 9.95654
1.44182 2.78231   2.93468 8.35512
2.93468 8.35512   5.01834 9.89439
-4.93678 2.47815   1.96332 9.08127
-4.93678 2.47815   -8.19736 2.83368
-4.93678 2.47815   -9.12066 2.69031
-4.93678 2.47815   -5.1967 3.22705
-4.93678 2.47815   -4.67036 2.93375
3.98078 8.02749   2.78214 8.41403
3.98078 8.02749   -0.491901 6.28643
3.98078 8.02749   3.58622 7.96345
-2.17332 6.23933   2.79723 8.24734
2.79723 8.24734   1.9123 9.43174
2.79723 8.24734   4.55915 9.30525
3.94842 9.61786   2.73555 8.89634
2.73555 8.89634   1.97542 8.88582
2.73555 8.89634   -0.0794593 4.62515
2.77527 9.23199   2.56065 8.74069
2.77527 9.23199   2.55549 9.28876
6.6783 3.61922   2.65738 8.31459
6.6783 3.61922   4.5344 5.16578
6.6783 3.61922   6.44948 4.01744
6.6783 3.61922   7.21247 5.81366
6.6783 3.61922   7.14949 3.88392
2.75241 7.54077   3.01696 8.56115
4.22746 7.31397   2.72347 8.99682
4.22746 7.31397   -4.24429 4.71195
8.23645 7.81944   2.42337 9.20102
3.89191 5.5068   3.88736 9.87692
3.89191 5.5068   4.19966 3.46563
3.88736 9.87692   6.59005 7.21189
4.07919 9.3658   3.94695 9.97043
4.07919 9.3658   1.40781 6.39204
4.07919 9.3658   4.82229 7.48325
8.61854 5.03464   3.80341 9.82124
8.61854 5.03464   9.62349 9.89211
8.61854 5.03464   9.99115 5.12116
8.61854 5.03464   9.74834 6.34155
8.61854 5.03464   6.71203 3.88661
8.61854 5.03464   4.99233 -3.31031
3.80341 9.82124   9.93366 7.47756
3.40617 9.87532   3.64621 9.96845
3.40617 9.87532   3.57366 9.96109
3.40617 9.87532   3.19074 9.98118
3.40617 9.87532   0.540187 5.51236
3.40617 9.87532   8.83295 5.49668
4.08427 9.05873   3.72701 9.93915
4.08427 9.05873   2.93747 9.9861
4.08427 9.05873   6.36298 9.98454
4.08427 9.05873   0.0131369 3.5168
4.08427 9.05873   -0.569699 5.44314
4.08427 9.05873   4.32331 9.91399
6.37443 7.9114   3.85911 9.94093
6.37443 7.9114   3.54421 9.99145
6.37443 7.9114   1.58383 4.94692
6.37443 7.9114   4.57637 8.92491
6.37443 7.9114   4.08427 9.05873
6.37443 7.9114   5.94143 8.26034
6.37443 7.9114   6.629 8.16119
6.37443 7.9114   5.90662 7.43223
6.37443 7.9114   8.47359 2.37144
6.37443 7.9114   7.27729 2.798
8.26402 4.25921   4.00701 9.97126
8.26402 4.25921   0.861925 9.34755
8.26402 4.25921   6.7787 4.40866
4.27925 9.5416   3.64476 9.94107
4.27925 9.5416   4.60026 9.9828
4.27925 9.5416   5.1444 9.18798
4.27925 9.5416   4.83103 9.91777
4.27925 9.5416   4.98353 9.93171
3.34957 8.19682   3.70434 9.97188
3.34957 8.19682   2.86845 9.85159
3.34957 8.19682   1.89637 9.82348
6.73896 6.04452   3.8403 9.92037
6.73896 6.04452   8.631 6.69701
3.48282 2.05391   3.66497 9.99727
2.4917 6.58502   3.64553 9.91886
2.4917 6.58502   1.09096 4.93587
2.4917 6.58502   2.72451 6.69023
3.03 9.30345   3.80213 9.90124
3.03 9.30345   2.57574 9.80116
3.03 9.30345   4.13661 9.97401
3.03 9.30345   7.45166 7.79264
-0.787531 3.31811   4.04873 9.98757
-0.787531 3.31811   1.25908 3.07422
0.970358 2.7421   3.78882 9.98478
0.970358 2.7421   5.08581 0.400749
0.970358 2.7421   1.10757 3.09905
0.970358 2.7421   3.00054 0.537868
1.29167 4.38775   3.59732 9.97633
1.29167 4.38775   -1.33025 3.09034
1.43576 7.96337   3.9302 9.99644
8.16952 7.23838   3.85977 9.9431
8.16952 7.23838   9.5814 9.8364
8.16952 7.23838   9.89243 6.66329
1.82957 7.21433   3.66741 9.86548
6.45943 6.4741   3.18287 9.15212
6.45943 6.4741   4.06861 9.99323
6.45943 6.4741   9.97298 2.54517
6.45943 6.4741   5.52229 4.77855
3.18287 9.15212   9.81971 8.92903
-0.27456 9.88443   3.26963 9.23497
-1.82355 3.34333   3.24371 9.90305
-1.82355 3.34333   -0.534385 7.88259
5.23759 7.10223   3.40617 9.87532
5.23759 7.10223   0.301143 8.34477
5.23759 7.10223   6.71098 9.88078
5.23759 7.10223   0.246956 3.09994
5.23759 7.10223   0.342794 5.33266
5.23759 7.10223   3.29155 7.05532
5.23759 7.10223   4.81466 6.58233
5.23759 7.10223   4.82918 8.28445
5.23759 7.10223   2.44442 5.65617
5.23759 7.10223   6.84519 6.59438
5.23759 7.10223   6.11852 2.11553
4.69689 9.25495   3.5632 9.90475
4.69689 9.25495   6.43656 8.40793
4.69689 9.25495   4.36049 9.52512
4.69689 9.25495   5.36593 9.932
6.04885 6.60497   3.33856 9.94436
3.86887 7.19198   3.30057 9.95017
3.86887 7.19198   3.9769 7.04386
3.86887 7.19198   6.35961 9.56768
4.60191 9.73406   3.36783 9.75267
4.60191 9.73406   1.82957 7.21433
3.36783 9.75267   3.53918 9.92377
3.36783 9.75267   2.92656 9.9575
3.36783 9.75267   2.64576 9.99273
3.36783 9.75267   4.43302 8.82557
3.53801 9.78158   3.44836 9.97894
4.93367 3.39973   3.39653 9.83515
4.93367 3.39973   -1.23052 4.30065
4.93367 3.39973   7.32994 3.10553
4.93367 3.39973   5.09302 2.88458
4.93367 3.39973   3.10718 2.99925
4.93367 3.39973   5.48295 3.33296
3.9401 8.7395   3.50172 9.9488
3.9401 8.7395   4.67457 9.9254
2.72027 8.11749   3.23317 9.85285
2.72027 8.11749   0.938268 5.29928
2.72027 8.11749   4.54793 9.93843
4.42889 5.70308   3.40021 9.93046
4.42889 5.70308   6.84117 6.64419
5.28546 9.67871   3.3049 9.98769
5.28546 9.67871   5.32562 6.82885
5.28546 9.67871   5.63433 9.99637
5.28546 9.67871   5.53297 9.91368
5.28546 9.67871   9.94975 9.93674
5.28546 9.67871   6.21735 6.84027
5.28546 9.67871   5.96945 4.70723
5.28546 9.67871   3.96101 4.89636
-3.61616 3.06645   3.51101 9.90822
-3.61616 3.06645   2.45452 6.04947
-3.61616 3.06645   -2.74684 4.19415
-3.61616 3.06645   -2.6692 4.17186
-3.61616 3.06645   -2.30194 4.35596
-3.61616 3.06645   -3.41871 3.41717
-3.61616 3.06645   -4.28538 3.54566
-3.61616 3.06645   -4.55793 3.38124
6.45454 7.44881   3.44683 9.9609
6.45454 7.44881   6.0168 8.43717
-1.78131 5.06857   3.25733 9.91229
-1.78131 5.06857   -3.53398 3.60219
8.53684 2.3392   3.58858 9.84345
8.53684 2.3392   9.94065 1.31574
1.40752 7.9443   3.56921 9.97562
1.40752 7.9443   4.66246 4.83332
4.6043 8.83614   3.55774 9.24855
4.6043 8.83614   7.39102 4.73244
3.55774 9.24855   1.88624 9.99936
3.55774 9.24855   5.59153 9.56646
3.55774 9.24855   -1.75047 3.54878
2.0417 7.78871   1.23017 9.98488
2.0417 7.78871   2.10188 7.64785
2.0417 7.78871   4.0641 7.06778
2.0417 7.78871   -1.35332 3.43713
2.0417 7.78871   -3.93468 5.07844
3.75693 5.98888   1.6309 9.98697
3.75693 5.98888   3.74332 5.82875
-1.89304 6.96628   1.41212 9.84872
-1.89304 6.96628   0.440652 9.83344
-1.89304 6.96628   -1.61676 5.30164
-1.89304 6.96628   1.05043 5.62201
1.41212 9.84872   -0.674642 7.56544
1.41212 9.84872   1.89323 8.05157
1.41212 9.84872   5.19679 7.73251
-1.34888 8.75105   1.67834 9.76147
-1.34888 8.75105   -0.192435 8.61201
-1.34888 8.75105   -1.00534 9.94343
-1.34888 8.75105   -4.27429 3.91541
1.67834 9.76147   0.910989 9.99852
-0.200098 6.64691   1.27449 9.93663
-0.200098 6.64691   1.6604 9.95646
-0.200098 6.64691   -2.80999 3.79807
-0.200098 6.64691   6.1903 -1.25487
2.07946 5.5179   1.38569 9.88964
3.8468 6.50765   1.23865 9.9187
3.8468 6.50765   0.694397 3.55841
3.8468 6.50765   4.85553 9.94065
3.8468 6.50765   6.48218 3.8341
2.15097 9.49943   1.86571 9.34151
2.15097 9.49943   1.44186 9.91904
2.15097 9.49943   -0.265166 9.67768
2.15097 9.49943   0.589631 8.86206
2.15097 9.49943   3.8468 6.50765
3.92134 8.1618   1.88175 9.86205
-0.466624 9.75582   1.62242 9.98156
-0.466624 9.75582   -0.324956 9.91345
-0.466624 9.75582   -0.453716 9.76079
6.8709 5.11411   1.42101 9.86582
6.8709 5.11411   7.01379 5.33146
1.61265 9.28229   0.650646 9.94449
9.34398 2.84165   1.72355 9.95064
9.34398 2.84165   9.84677 2.60101
-0.331018 5.68023   1.57266 9.86131
1.57266 9.86131   1.42301 9.96784
4.55966 7.44858   1.52516 9.859
4.55966 7.44858   9.95301 2.5157
7.35236 3.90934   1.87214 9.96605
7.35236 3.90934   5.24971 6.52823
7.35236 3.90934   3.69952 0.177624
7.35236 3.90934   7.63547 2.60469
0.334454 7.46473   1.77195 9.96735
5.10461 7.24129   1.28866 9.92945
5.10461 7.24129   4.58555 8.28457
5.10461 7.24129   9.87859 6.20456
7.48102 6.92884   1.62712 9.90883
-2.52243 5.29377   1.44769 9.97758
-2.52243 5.29377   -2.7214 5.44785
-2.52243 5.29377   -6.14726 3.92593
-0.243349 8.49774   1.82506 9.95858
-0.243349 8.49774   0.11298 5.12755
1.02355 9.3309   1.54209 9.92987
-1.4213 6.33078   1.72737 9.92961
0.861925 9.34755   1.3401 9.99845
0.861925 9.34755   0.482833 9.10445
-0.398449 7.33388   1.34082 9.90478
0.786224 8.53537   1.47254 9.84726
0.786224 8.53537   1.14584 9.96523
0.786224 8.53537   0.952099 9.87445
0.786224 8.53537   -1.42059 9.20483
0.786224 8.53537   0.375993 5.80261
0.786224 8.53537   8.25675 6.39369
9.21658 5.84601   1.66215 9.93804
9.21658 5.84601   9.97936 2.79217
3.02143 9.91673   2.98753 9.99031
3.02143 9.91673   1.48797 8.47127
4.82918 8.28445   2.83375 9.83463
4.82918 8.28445   8.94033 9.92479
4.82918 8.28445   5.45037 7.8834
4.82918 8.28445   3.76929 6.89796
4.82918 8.28445   5.71982 9.1549
4.82918 8.28445   4.98116 9.98951
4.82918 8.28445   5.10162 9.86822
4.82918 8.28445   -0.848995 2.60674
4.82918 8.28445   -0.931319 2.93744
4.82918 8.28445   9.8102 8.92625
4.82918 8.28445   9.83696 4.00113
2.84778 5.60421   3.02143 9.91673
8.40756 9.71176   2.73294 9.99946
8.40756 9.71176   8.43895 9.91026
8.40756 9.71176   8.57067 9.86008
8.40756 9.71176   8.9614 9.31936
8.40756 9.71176   9.98197 9.02126
8.40756 9.71176   9.88969 9.0569
8.40756 9.71176   8.64222 7.12863
2.68222 9.47463   2.919 9.99756
2.68222 9.47463   2.47919 9.94952
2.68222 9.47463   3.42553 8.33998
2.68222 9.47463   2.97587 7.11582
2.86845 9.85159   1.03899 9.99768
5.19631 4.65959   2.73525 9.83419
5.19631 4.65959   4.29964 6.4112
5.19631 4.65959   9.92128 0.902838
5.19631 4.65959   6.45454 7.44881
5.19631 4.65959   8.75213 -2.98456
5.19631 4.65959   5.33845 0.20935
4.7636 8.69879   3.04163 9.96242
4.7636 8.69879   2.13862 5.58561
4.7636 8.69879   5.13781 8.57898
4.7636 8.69879   7.2977 6.52722
0.0662358 6.37759   2.89026 9.86684
0.0662358 6.37759   -3.69954 3.89678
1.48694 6.55604   3.02942 9.98828
1.48694 6.55604   1.34 7.21763
1.48694 6.55604   2.29126 3.45375
1.95231 8.45215   3.17143 9.97643
1.95231 8.45215   0.242524 6.46904
1.95231 8.45215   4.91747 6.44903
3.89862 7.4779   2.70278 9.96796
3.89862 7.4779   3.35481 7.23253
3.99804 4.0545   2.89381 9.97922
3.99804 4.0545   3.99027 5.17025
3.99804 4.0545   3.34368 0.441318
2.97964 7.79564   3.08988 9.95404
2.97964 7.79564   3.92134 8.1618
2.97964 7.79564   3.81004 9.32896
5.4271 3.07621   2.97619 9.76167
2.97619 9.76167   5.57486 9.34337
2.97619 9.76167   9.99942 3.03518
4.81141 7.76095   3.20669 9.86274
4.81141 7.76095   6.46984 4.44443
-0.00882951 8.14375   3.05658 9.98305
-0.00882951 8.14375   0.147888 9.89787
-0.00882951 8.14375   -2.06652 3.60235
2.5289 6.04855   3.16698 9.94724
2.5289 6.04855   5.97872 7.11905
3.77532 9.48138   3.00784 9.92232
3.77532 9.48138   -1.33725 6.82403
3.77532 9.48138   -1.67607 3.97189
3.04935 9.36979   2.91665 9.92477
6.45761 8.87981   3.07971 9.98402
6.45761 8.87981   5.74962 9.73195
7.50105 7.31628   3.04087 9.99774
6.24261 7.43235   3.07877 9.97212
0.586545 9.22847   2.87429 9.97598
0.586545 9.22847   0.245958 9.21628
0.586545 9.22847   1.08169 9.93901
0.586545 9.22847   0.971124 9.6218
0.586545 9.22847   -0.958798 9.96052
0.586545 9.22847   4.05551 2.11728
1.91756 9.50366   -1.35538 7.08116
4.78705 4.44626   2.15097 9.49943
4.78705 4.44626   3.75693 5.98888
4.78705 4.44626   6.53631 5.83876
4.78705 4.44626   3.24216 2.91944
4.78705 4.44626   5.69294 2.33336
4.78705 4.44626   0.958597 1.25085
3.4699 6.80013   1.89519 9.93151
3.4699 6.80013   6.95878 9.92872
3.4699 6.80013   3.70808 7.16214
3.4699 6.80013   3.99689 6.50216
3.4699 6.80013   5.19312 1.54557
6.97397 4.35464   2.14586 9.33411
6.97397 4.35464   6.55526 5.00007
6.97397 4.35464   9.95664 3.55497
6.97397 4.35464   9.90488 5.92042
6.97397 4.35464   9.88264 5.6545
6.97397 4.35464   7.07591 4.41896
1.47608 5.62298   1.90449 9.73336
1.47608 5.62298   -1.41344 5.81013
1.47608 5.62298   1.36918 5.75547
1.90449 9.73336   1.04174 6.50072
2.10035 9.45697   6.88746 2.86543
-0.130357 5.97723   2.0408 9.67947
4.31856 9.86426   3.03 9.30345
4.31856 9.86426   4.14494 9.8246
3.6771 9.04618   2.68222 9.47463
4.87151 6.96338   2.53385 9.44749
4.87151 6.96338   5.22313 7.3188
4.87151 6.96338   6.1073 3.8883
2.53385 9.44749   2.51867 9.24465
2.53385 9.44749   2.58653 9.97398
2.53385 9.44749   -1.61267 7.64181
2.53385 9.44749   -6.08659 3.50758
-0.235408 5.68902   2.65671 9.42358
-0.235408 5.68902   -0.269159 8.81783
-0.235408 5.68902   -1.02453 6.27495
-0.235408 5.68902   -3.26735 5.5335
2.65671 9.42358   2.64507 9.9889
4.43713 8.60486   3.00117 9.56993
4.43713 8.60486   4.69473 9.99891
4.43713 8.60486   9.88636 7.012
3.00117 9.56993   -1.66676 6.99935
3.00117 9.56993   8.88443 9.25363
2.51867 9.24465   0.450598 6.88867
4.31571 8.63512   3.04935 9.36979
4.31571 8.63512   4.16947 8.44155
4.31571 8.63512   4.28885 9.96649
3.0473 6.64016   2.88412 9.46399
3.0473 6.64016   0.305421 3.39457
3.0473 6.64016   0.705873 5.23469
3.0473 6.64016   3.18463 6.98895
3.0473 6.64016   9.36558 1.54037
3.39089 8.3647   2.77527 9.23199
2.55549 9.28876   4.04294 7.69388
3.70571 8.65477   3.09494 9.52307
3.09494 9.52307   2.59405 9.81176
0.676367 4.39594   2.3578 9.98855
0.676367 4.39594   7.31774 9.67463
0.676367 4.39594   -1.43707 5.52122
0.676367 4.39594   1.12728 4.77362
0.676367 4.39594   1.0141 4.3629
0.676367 4.39594   3.6727 6.20197
3.47415 5.44327   2.30688 9.93951
3.47415 5.44327   3.304 7.4535
3.47415 5.44327   5.01582 9.93905
3.47415 5.44327   -0.941588 2.08608
3.47415 5.44327   4.0883 1.5
3.47415 5.44327   3.89191 5.5068
3.47415 5.44327   2.37561 3.54943
4.86667 3.144   2.11946 9.88406
4.86667 3.144   4.99593 2.99086
4.86667 3.144   9.14258 1.30462
2.11946 9.88406   2.17508 9.99372
2.11946 9.88406   2.0833 9.99421
2.11946 9.88406   2.78882 7.93061
2.17633 6.41111   2.28517 9.96316
2.17633 6.41111   9.96185 9.24553
7.71671 4.15765   2.63625 9.92736
7.71671 4.15765   5.46211 9.19454
7.71671 4.15765   6.97453 4.42176
2.63625 9.92736   7.87223 4.72156
1.44765 7.78284   2.51131 9.95153
1.44765 7.78284   -1.39024 8.33556
1.44765 7.78284   1.16859 9.9518
1.44765 7.78284   2.0417 7.78871
-1.10878 6.69406   2.5936 9.84541
-1.10878 6.69406   1.8946 8.48319
0.594638 5.97588   2.35947 9.65892
0.594638 5.97588   -1.89788 6.73541
0.594638 5.97588   1.66087 5.92157
2.35947 9.65892   2.2759 9.84832
2.35947 9.65892   2.34307 9.92011
2.35947 9.65892   -0.199853 5.78494
6.20542 9.46477   2.62897 9.82231
6.20542 9.46477   6.67473 9.98361
6.20542 9.46477   6.49708 9.96337
6.20542 9.46477   3.35376 5.16121
6.20542 9.46477   6.11923 9.97938
6.20542 9.46477   5.61905 8.93042
6.20542 9.46477   5.52707 9.2671
6.20542 9.46477   8.24979 6.71429
6.20542 9.46477   1.46227 1.01219
-1.73347 5.85471   2.55411 9.93061
-1.73347 5.85471   1.32633 7.79656
-0.678152 6.56196   2.51773 9.92846
-0.678152 6.56196   -2.8602 3.99039
4.76416 9.8506   2.59936 9.61679
4.76416 9.8506   0.113513 8.11957
4.76416 9.8506   6.436 8.6448
1.05645 6.50525   2.10503 9.98515
-0.40254 6.72878   1.95984 9.98562
-0.40254 6.72878   0.95251 8.42291
3.57885 8.5272   2.29988 9.99746
3.57885 8.5272   2.19511 9.89639
3.57885 8.5272   1.73031 8.53206
3.57885 8.5272   8.014 9.21003
3.57885 8.5272   5.55176 9.87689
3.57885 8.5272   7.86984 8.64711
3.57885 8.5272   8.22074 3.03166
3.57885 8.5272   7.68471 4.70743
0.504717 8.84698   2.30261 9.97845
0.504717 8.84698   -0.130486 9.8307
5.77493 5.20139   2.09905 9.78834
5.77493 5.20139   -0.223353 2.01317
-4.83055 2.75535   2.12117 9.81783
-4.83055 2.75535   -1.68658 7.37528
-4.83055 2.75535   -6.73865 1.29085
-0.250312 8.03904   2.03581 9.94849
-0.250312 8.03904   0.0241231 9.94554
-0.250312 8.03904   -0.253932 9.97111
-0.250312 8.03904   0.679469 4.58346
-0.250312 8.03904   4.59337 -0.512253
3.83513 8.49036   2.32799 9.96583
3.83513 8.49036   -0.545652 9.09299
1.10724 8.92616   2.4093 9.99984
1.10724 8.92616   -0.212571 9.92908
1.10724 8.92616   1.10398 8.3096
1.10724 8.92616   4.28414 6.58281
1.10724 8.92616   -0.745569 2.01533
1.9515 8.52467   2.64001 9.9101
3.65988 5.85741   2.11402 9.88408
1.49059 5.55693   2.02535 9.90645
7.75772 8.41634   2.12452 9.96829
7.75772 8.41634   8.02053 8.79687
6.64421 6.33577   2.04255 9.98483
6.64421 6.33577   8.22537 3.35798
2.04255 9.98483   8.22266 9.99984
4.29964 6.4112   2.17906 9.95381
4.29964 6.4112   3.71612 0.173801
3.51778 8.61782   2.17007 9.95106
3.51778 8.61782   4.08097 9.88539
0.84792 9.45165   2.24613 9.94281
0.84792 9.45165   -1.11954 8.05914
-0.976045 7.20062   -1.06144 2.5222
-0.976045 7.20062   8.70913 8.52009
-3.24185 4.94105   -1.39289 7.16891
-0.879086 2.4205   -1.24119 7.19567
-1.36772 7.06219   -0.120912 6.19098
-1.37679 7.19273   0.86004 4.63442
-1.8322 7.27586   -1.51065 7.43047
-1.51065 7.43047   0.758375 8.02824
-1.51065 7.43047   -2.19387 5.54733
3.94755 7.30993   -1.32707 7.32589
3.94755 7.30993   4.48485 9.816
3.94755 7.30993   -1.53813 3.17838
-1.32707 7.32589   -0.374687 6.77469
-0.0597248 7.63483   -1.0335 7.26715
-0.246188 8.77865   -1.28897 7.04438
-0.843457 1.63987   -1.16527 6.9856
-0.843457 1.63987   -0.421197 2.36717
-0.843457 1.63987   -1.24668 3.80761
-0.843457 1.63987   -0.391778 3.47173
-0.843457 1.63987   1.8272 4.16294
-0.843457 1.63987   -0.328646 4.76819
-0.843457 1.63987   -0.474069 5.31694
-0.843457 1.63987   3.29921 8.06172
-0.843457 1.63987   3.00447 3.61733
-0.843457 1.63987   -0.168878 0.7396
-0.843457 1.63987   0.429891 0.280242
-0.843457 1.63987   0.247094 0.239194
-0.843457 1.63987   0.167472 0.280872
-1.90235 6.39006   -1.13208 7.64509
4.56484 2.81433   -1.50059 7.57213
4.56484 2.81433   5.48027 -2.18229
3.67182 0.081831   -0.989106 7.13876
-0.989106 7.13876   0.748623 9.91403
-0.646756 8.96547   -1.09095 7.46305
-0.646756 8.96547   -0.0808099 8.72581
-1.24287 6.61906   -1.46865 7.27858
-0.867805 9.12044   -1.50559 7.64036
-0.389546 6.35893   -2.08265 3.68268
-0.320707 6.74209   2.73749 5.87908
-0.320707 6.74209   -3.41488 3.8106
1.60738 0.437994   -0.407531 6.67468
1.60738 0.437994   0.728504 9.95083
1.60738 0.437994   1.99729 6.36226
1.60738 0.437994   -1.16665 2.47945
1.60738 0.437994   3.85495 1.66695
1.60738 0.437994   1.43363 2.638
0.606878 5.66689   -0.40254 6.72878
0.606878 5.66689   -1.97697 3.72866
1.83835 4.56582   -0.674604 6.61498
1.83835 4.56582   3.65661 9.15027
1.83835 4.56582   2.90441 2.98378
5.93124 -0.0689279   -0.290787 6.53946
5.93124 -0.0689279   9.48089 3.7472
-1.02453 6.27495   -0.428598 6.47611
-1.02453 6.27495   0.5608 9.98087
-1.02453 6.27495   3.78853 7.82486
-0.330824 9.05078   -0.302215 6.33175
-0.468317 7.30901   0.612168 8.36604
-0.468317 7.30901   -1.77542 5.82166
-0.748416 7.15575   -0.224828 7.35302
-0.748416 7.15575   0.369043 5.00079
0.590986 2.84341   -0.620962 7.34666
0.590986 2.84341   -0.725931 2.09752
3.02337 0.158984   -0.753419 7.55053
-0.753419 7.55053   -0.361695 7.35165
1.46417 7.00439   -0.903914 7.61782
-0.742395 6.95224   0.561768 9.91154
-0.742395 6.95224   -0.164303 6.79073
-0.742395 6.95224   -0.220746 6.12735
0.324118 5.65329   -0.873386 7.24836
0.324118 5.65329   -2.01808 6.85609
0.324118 5.65329   -0.112839 4.02742
-0.873386 7.24836   -0.542333 8.19421
-1.18243 6.56096   -1.97757 6.93251
-1.18243 6.56096   1.02972 9.27754
-1.18243 6.56096   -0.304631 9.96909
-1.18243 6.56096   -2.3827 3.85997
-1.18243 6.56096   -1.20575 3.17167
-1.18243 6.56096   -0.907079 2.9135
-0.383885 5.86367   -0.839408 6.49276
-0.383885 5.86367   1.1261 7.39695
3.29155 7.05532   -1.23795 6.71962
3.29155 7.05532   -0.914257 6.50003
3.29155 7.05532   0.00993973 9.7284
3.29155 7.05532   0.567232 9.73842
3.29155 7.05532   3.64831 7.23157
3.29155 7.05532   5.51537 6.88981
3.29155 7.05532   9.94503 4.11837
-0.897845 5.97217   -1.08747 6.86564
-0.897845 5.97217   -7.36171 2.13789
-0.0171529 4.49686   -1.35032 6.69545
-0.0171529 4.49686   -0.546323 2.28249
-0.0171529 4.49686   -0.265777 2.94317
-0.0171529 4.49686   -0.23465 3.9859
-0.0171529 4.49686   2.58635 1.36395
-1.35032 6.69545   6.11907 -0.603616
-0.874772 6.57514   4.19024 6.24132
1.34 7.21763   -1.28963 6.58729
1.34 7.21763   1.65769 7.40166
1.34 7.21763   -0.249599 3.63876
1.34 7.21763   0.401484 5.14121
1.34 7.21763   -3.62951 5.20963
-0.223671 6.82523   -1.04776 6.63938
-1.04776 6.63938   1.3365 8.13306
-1.04776 6.63938   3.85181 6.42435
-1.04776 6.63938   -2.86981 3.74871
-0.849296 6.46719   -0.844679 9.95087
-0.849296 6.46719   4.00682 9.22542
-0.849296 6.46719   6.17655 5.40801
-1.33725 6.82403   1.89656 4.23741
-0.841392 4.89286   -1.24287 6.61906
-0.841392 4.89286   2.9431 3.80234
-0.617057 5.76768   -1.62794 8.43345
-0.617057 5.76768   -0.897845 5.97217
-0.617057 5.76768   0.787547 5.57801
-0.617057 5.76768   -2.46986 3.50099
-1.296 7.91087   -0.40821 9.81984
-1.296 7.91087   -8.27243 3.06079
-1.296 7.91087   -3.71357 3.8165
-1.39024 8.33556   -0.0298745 8.84198
-1.61267 7.64181   -0.590592 8.15167
-6.38031 1.13601   -1.38836 7.87037
-1.60532 8.20586   6.69105 3.68001
-1.60532 8.20586   3.25644 0.184366
-1.48431 7.85794   2.32288 3.06428
-1.79285 7.9717   -1.38642 9.92736
-0.754334 9.41089   -1.64177 8.10023
-0.754334 9.41089   -1.32323 9.97778
-0.754334 9.41089   -1.40378 9.92385
1.51689 5.95149   -1.6806 7.91284
1.51689 5.95149   -2.20753 3.45771
-0.269159 8.81783   -1.88427 8.03841
-3.32378 3.27716   -1.67334 6.8497
-3.32378 3.27716   -3.16834 3.23956
-1.60381 6.8684   -3.55689 3.88833
-1.78027 7.04161   1.32211 7.86734
-1.78027 7.04161   -2.98036 3.91595
-1.66676 6.99935   -0.187156 9.16454
-1.98236 7.35822   -2.3394 5.45911
-0.779338 1.8686   -1.97197 7.43933
4.17865 1.4181   -1.55374 7.16858
-1.35244 6.58982   -1.4213 6.33078
-1.35244 6.58982   -3.25279 3.79095
-0.491901 6.28643   -1.49922 7.14857
6.35109 4.34738   -1.5626 6.7542
6.35109 4.34738   7.09778 9.99821
6.35109 4.34738   9.99552 8.20108
6.35109 4.34738   9.91496 6.64774
0.720816 6.83617   -1.76986 6.89933
0.720816 6.83617   1.67987 0.938326
-0.954736 7.9711   -0.630225 8.02059
-0.630225 8.02059   0.424758 7.81354
-0.630225 8.02059   5.23699 7.68165
-1.21394 8.19101   -1.1605 8.10167
-1.21394 8.19101   -1.05776 9.9991
-1.21394 8.19101   1.39282 5.16156
-1.21394 8.19101   -0.321949 1.73295
4.04716 2.98219   -0.956225 8.14708
4.04716 2.98219   1.28384 8.44434
4.04716 2.98219   2.38922 6.0392
4.04716 2.98219   5.1696 2.24054
4.04716 2.98219   3.69344 2.73406
-1.1605 8.10167   -1.27256 9.70421
5.51781 9.94688   -0.964142 8.12
5.51781 9.94688   6.06227 9.88445
-0.697897 8.46864   -0.850068 8.13676
-0.697897 8.46864   1.05399 3.82514
-0.697897 8.46864   5.85246 8.06061
-0.850068 8.13676   -1.07102 7.99197
-0.850068 8.13676   -1.58032 2.91441
1.99858 4.76685   -1.00295 7.74075
1.99858 4.76685   5.40347 -1.41342
-0.590592 8.15167   -0.297608 8.48742
1.56884 3.56475   -0.983399 7.9075
1.56884 3.56475   0.608826 7.09598
1.56884 3.56475   2.88235 2.16783
1.56884 3.56475   1.16108 3.27702
1.56884 3.56475   -0.248932 1.79106
1.56884 3.56475   -0.317165 1.83541
-1.13718 8.32173   5.10737 0.480172
6.40518 8.41128   -0.713715 7.8662
6.40518 8.41128   6.16954 8.14428
6.40518 8.41128   6.45761 8.87981
6.40518 8.41128   4.26895 3.35681
-0.891484 7.82628   7.85054 9.77427
-0.410518 5.91759   -1.06309 7.77648
-0.410518 5.91759   -0.906948 5.76732
4.37759 5.24347   -0.787413 8.10203
-0.429399 9.82829   -0.469307 9.94397
-0.429399 9.82829   -0.330176 9.96963
-0.534439 8.20056   4.42889 5.70308
-0.162944 8.57926   -1.0085 9.93409
-0.548725 9.01902   -0.720443 8.42867
-0.548725 9.01902   -1.38363 9.87636
-0.548725 9.01902   -2.33571 3.72183
-0.720443 8.42867   -0.616132 9.84084
4.03504 7.41403   -0.440845 8.28011
4.03504 7.41403   6.71061 9.98377
4.03504 7.41403   3.47582 8.18852
4.03504 7.41403   5.45215 7.90032
4.03504 7.41403   3.75392 8.84396
2.63489 7.07256   -0.243349 8.49774
2.63489 7.07256   4.74363 6.72803
2.63489 7.07256   4.83088 9.92395
6.93878 8.44335   -0.0858645 8.50083
6.93878 8.44335   7.83789 9.82332
6.93878 8.44335   5.41914 9.62683
-0.0858645 8.50083   -0.777922 9.67512
-1.92441 4.81115   -0.482623 8.65509
-0.245467 8.19674   -0.274858 8.42073
-0.274858 8.42073   1.60881 7.57111
2.29869 2.94373   -0.773645 8.3228
1.65456 5.21577   -0.221662 8.54426
1.65456 5.21577   2.18847 0.728263
1.15092 6.13889   -0.0873366 9.89647
1.15092 6.13889   2.13076 6.52238
1.15092 6.13889   0.0371351 0.660586
0.160927 9.48113   0.226791 9.88578
0.160927 9.48113   0.493827 9.68717
0.160927 9.48113   2.12067 6.22059
-5.0224 4.74877   -0.0688871 9.84335
-5.0224 4.74877   -5.8248 1.9441
-5.47638 3.23973   -0.147299 9.32854
-5.47638 3.23973   -5.19629 2.74993
7.87223 4.72156   0.053472 9.33837
7.87223 4.72156   9.9216 6.79026
0.053472 9.33837   -0.105612 9.84032
-0.143669 9.54863   0.249981 9.89212
0.226791 9.88578   -0.199208 9.33455
0.226791 9.88578   0.222125 9.95942
-0.130486 9.8307   -0.261633 9.96577
4.91437 8.11555   0.00806215 9.42638
4.91437 8.11555   2.62605 6.72668
1.99188 7.52295   -0.0970812 9.13233
1.99188 7.52295   3.45669 8.54024
1.99188 7.52295   2.65206 7.70495
-0.0970812 9.13233   -0.565449 8.88176
-1.26024 5.88248   0.504717 8.84698
-1.26024 5.88248   -3.42173 3.523
-0.640871 9.88089   -0.0633585 8.90622
-0.0633585 8.90622   -0.223752 9.95572
-0.0633585 8.90622   -0.0995062 9.98576
6.50419 8.02095   0.290436 8.816
0.482833 9.10445   0.333765 8.54151
0.202577 8.8985   -0.297043 1.43142
2.12067 6.22059   0.312725 9.2749
2.12067 6.22059   1.34834 5.75708
-0.891042 9.05056   -0.456996 9.92787
-0.891042 9.05056   -1.44201 9.62618
-0.891042 9.05056   -0.793883 9.81363
7.01382 9.00069   -0.548725 9.01902
1.16613 3.55881   -0.386118 9.30618
3.42338 2.15866   -0.594606 9.48072
3.42338 2.15866   3.20598 1.65837
-0.594606 9.48072   -0.409947 9.84869
5.8697 4.69887   -0.565202 9.34704
-0.565202 9.34704   0.141604 9.93879
7.07591 4.41896   -0.362862 9.0923
7.07591 4.41896   5.77493 5.20139
7.07591 4.41896   5.83558 4.13832
7.07591 4.41896   6.1949 3.45056
-1.51152 9.8294   -0.689736 9.0019
-0.689736 9.0019   -0.0219291 9.97753
-0.796271 9.95884   -0.259636 9.16789
1.52545 4.80691   -0.323841 8.94427
-0.884955 8.56609   -8.93141 2.92706
-0.884955 8.56609   2.20444 2.46285
-2.24229 4.73196   -0.330824 9.05078
1.16859 9.9518   1.38925 8.86856
1.10464 9.3824   1.0738 9.94172
1.10464 9.3824   -0.00882951 8.14375
1.10464 9.3824   -6.5496 3.99241
-0.464474 7.75711   1.03446 9.90124
-0.464474 7.75711   0.0999245 9.95324
-0.464474 7.75711   -0.200098 6.64691
-0.0100946 6.45964   0.568932 9.9662
0.623406 9.8653   1.00553 9.9699
0.623406 9.8653   0.533828 9.95006
0.623406 9.8653   0.590118 9.93615
7.09571 5.38796   1.15067 9.96886
7.09571 5.38796   6.4502 8.25186
7.09571 5.38796   9.09093 7.67015
7.09571 5.38796   9.93854 7.85627
7.09571 5.38796   4.78705 4.44626
4.26407 5.28624   1.06774 9.86672
4.26407 5.28624   1.52293 4.69535
4.26407 5.28624   5.87422 5.80814
4.26407 5.28624   4.44822 5.18197
4.26407 5.28624   6.08591 3.44725
4.26407 5.28624   2.1496 1.19208
4.26407 5.28624   0.393157 1.56821
-0.143043 6.18744   1.11761 9.90897
7.03573 2.77284   0.877181 9.85461
7.03573 2.77284   5.40748 9.93221
7.03573 2.77284   8.42468 -1.72521
0.877181 9.85461   -4.61075 3.6541
0.0769119 8.45383   0.703235 9.92327
0.0769119 8.45383   5.51611 2.79102
0.493827 9.68717   1.08012 9.99004
0.493827 9.68717   0.643791 9.9391
0.493827 9.68717   0.179972 9.99584
0.493827 9.68717   0.443476 9.97941
0.493827 9.68717   -0.156903 7.70589
2.69541 7.58723   0.605428 9.99206
2.69541 7.58723   4.6043 8.83614
6.79092 5.65571   1.14755 9.96276
6.79092 5.65571   4.93414 4.74136
1.61744 1.37743   0.902822 9.91537
2.16799 5.01658   0.858687 9.9957
2.16799 5.01658   1.64318 2.4941
-0.998335 6.18804   0.68046 9.97136
-0.998335 6.18804   0.720816 6.83617
0.748623 9.91403   0.842232 9.97212
1.77591 4.548   0.851681 9.98772
1.77591 4.548   0.764705 4.91562
5.20577 5.18591   1.10853 9.9977
2.58716 8.11239   0.92435 9.76885
2.58716 8.11239   4.72767 6.94215
0.197654 9.95464   2.86084 5.904
-2.58291 4.46077   0.0572466 9.86528
-2.58291 4.46077   -2.33617 3.37143
-2.58291 4.46077   -3.48234 3.54522
0.0572466 9.86528   0.00737108 9.96471
6.12528 4.90075   0.384636 9.92577
6.12528 4.90075   6.53995 8.0519
6.12528 4.90075   9.85421 8.74414
6.12528 4.90075   5.65726 6.18026
6.12528 4.90075   8.21872 6.37666
6.12528 4.90075   7.35265 6.20508
6.12528 4.90075   8.67291 4.58211
6.12528 4.90075   9.93478 5.98669
6.12528 4.90075   2.58641 4.40176
0.585426 7.58687   0.124245 9.84606
0.585426 7.58687   2.56924 7.56625
0.28161 9.94616   3.35254 3.50436
6.00683 2.72718   0.37665 9.80599
6.00683 2.72718   2.69601 5.86171
6.00683 2.72718   9.89983 9.08161
6.00683 2.72718   4.15979 1.81587
6.00683 2.72718   4.39569 1.23213
6.00683 2.72718   6.66399 2.2216
6.00683 2.72718   6.00939 2.09902
1.05777 9.17278   0.173223 9.9751
1.05777 9.17278   6.01516 9.48217
1.05777 9.17278   3.11315 3.48389
1.05777 9.17278   2.14567 3.67331
1.73031 8.53206   0.432041 9.84003
1.31009 8.4303   0.494172 9.91295
-3.87879 4.81719   0.252509 9.89691
7.4474 8.81794   0.272012 9.83951
0.567232 9.73842   -0.224175 9.87668
0.567232 9.73842   5.6754 2.56701
-0.101433 8.27023   0.856124 9.11003
-0.101433 8.27023   2.29988 8.20168
-0.103214 3.66548   0.811292 9.22207
-0.103214 3.66548   2.09531 7.97667
-0.103214 3.66548   2.74187 5.33795
-0.103214 3.66548   -1.92441 4.81115
-0.103214 3.66548   -1.57828 2.8418
-0.103214 3.66548   -1.29255 2.65246
2.97594 8.12108   1.04652 9.54989
2.97594 8.12108   7.15505 9.46804
2.97594 8.12108   7.01382 9.00069
2.97594 8.12108   3.56228 7.83281
2.97594 8.12108   -2.82625 3.78317
2.97594 8.12108   -0.874977 2.5295
2.97594 8.12108   9.36484 1.89442
2.97594 8.12108   3.98348 4.39341
2.97594 8.12108   3.9797 3.82571
6.21395 4.10297   1.02355 9.3309
7.00827 9.3955   0.84792 9.45165
7.00827 9.3955   6.9339 9.9851
7.00827 9.3955   6.82774 9.53746
3.83169 6.12211   0.947307 9.45193
3.83169 6.12211   7.08348 2.09952
0.947307 9.45193   0.880506 9.56309
0.947307 9.45193   -1.89474 5.92758
0.880506 9.56309   0.542595 7.03755
2.87839 5.66774   1.01361 9.50582
2.87839 5.66774   9.77809 -0.209033
2.87839 5.66774   5.20184 1.6103
4.17972 3.60995   0.867421 9.3633
4.17972 3.60995   4.82807 2.92701
4.17972 3.60995   4.18318 3.42655
4.17972 3.60995   6.98959 2.09013
-1.24344 9.95362   0.612792 6.94962
-0.724864 6.19176   -0.466624 9.75582
-0.724864 6.19176   -0.59966 6.04977
-0.724864 6.19176   -2.01974 3.46464
3.304 7.4535   -0.242366 9.94215
3.304 7.4535   1.10724 8.92616
3.304 7.4535   -0.328499 5.82428
3.304 7.4535   3.13906 7.80963
3.304 7.4535   2.80542 7.76584
3.304 7.4535   3.41604 7.27514
3.304 7.4535   2.02343 6.01381
3.304 7.4535   8.6787 7.81434
-0.242366 9.94215   2.46938 7.79762
-0.130148 9.9161   4.10224 9.77209
0.360406 8.29227   -0.614412 9.92456
0.360406 8.29227   0.681165 7.90688
0.302485 5.4256   -0.497016 9.91242
0.302485 5.4256   2.0166 4.92994
0.302485 5.4256   8.26979 5.01851
0.302485 5.4256   0.488547 2.35666
-0.330815 9.85796   -4.88628 3.51453
-1.11196 8.43234   -0.505567 9.94655
3.16498 5.40219   -0.138388 9.90215
3.16498 5.40219   3.22341 3.47748
3.47648 6.58738   -0.314857 9.90428
3.47648 6.58738   4.8736 -1.77063
5.92294 8.19827   -0.291204 9.9745
5.92294 8.19827   7.30829 9.87069
3.38929 7.85856   -0.521199 9.98078
7.83895 7.06836   -0.66393 9.96996
-1.72164 3.43066   -1.51152 9.8294
-1.35771 9.56589   0.0848271 5.56982
-1.44201 9.62618   -1.50819 9.93335
0.0848271 5.56982   -1.25513 9.95455
5.06981 3.44167   -1.50498 9.89113
5.06981 3.44167   5.16348 -3.47468
5.06981 3.44167   4.18584 2.68503
5.06981 3.44167   4.7707 1.80303
5.06981 3.44167   2.82612 3.07013
5.06981 3.44167   4.94448 4.45934
5.06981 3.44167   5.95867 0.688143
5.06981 3.44167   6.048 3.72488
2.08238 2.17908   -1.36077 9.49245
5.97372 9.29907   -1.40505 9.34227
5.97372 9.29907   6.6194 9.92313
5.97372 9.29907   6.49846 9.83968
5.97372 9.29907   5.19631 4.65959
5.97372 9.29907   9.74494 5.05094
5.97372 9.29907   5.25961 0.691943
-1.40505 9.34227   -1.09162 9.87368
-1.09162 9.87368   -0.754334 9.41089
-1.09162 9.87368   -0.90907 9.97446
-1.09162 9.87368   -1.24221 9.99211
6.78871 7.88104   -1.20074 9.29627
6.78871 7.88104   1.01541 3.44839
6.78871 7.88104   4.97612 9.99337
6.78871 7.88104   6.54012 7.28874
-1.18857 9.87112   -1.04806 9.95928
-1.18857 9.87112   -1.23345 9.99079
-0.928283 8.334   -1.1681 9.9129
-1.1681 9.9129   -2.30433 5.42427
0.424758 7.81354   -1.21981 9.95649
-0.793883 9.81363   -0.685452 9.92651
3.33 2.37255   -0.83043 9.95303
3.33 2.37255   4.29316 0.814109
3.33 2.37255   5.24288 1.82575
3.33 2.37255   2.28524 0.851997
0.545356 8.05773   -0.92388 9.95389
1.42709 7.15545   -0.914873 9.96658
1.42709 7.15545   5.55577 9.9237
-1.79785 2.92476   -1.07601 9.87609
-0.992061 9.12989   -0.928283 8.334
-0.985953 8.86552   7.28189 6.48441
-0.116084 8.1172   3.96987 8.33674
-0.116084 8.1172   3.19207 4.80391
-0.116084 8.1172   1.5311 0.934258
4.70505 8.07452   0.334454 7.46473
4.70505 8.07452   -1.16601 5.97501
4.70505 8.07452   4.10476 8.25265
4.70505 8.07452   4.8124 6.42763
3.13906 7.80963   0.54763 7.9429
3.13906 7.80963   3.60608 7.78287
3.13906 7.80963   3.22367 5.9766
3.13906 7.80963   -0.146731 1.70032
4.22384 6.83315   0.585426 7.58687
4.22384 6.83315   4.46285 7.72872
4.22384 6.83315   5.14614 7.53661
4.22384 6.83315   7.62998 8.1079
4.22384 6.83315   7.39405 8.11702
4.22384 6.83315   5.25083 6.38512
4.22384 6.83315   5.14758 5.7683
4.22384 6.83315   7.1648 7.2001
0.392847 7.26931   0.282511 0.36289
0.758375 8.02824   0.0769119 8.45383
0.758375 8.02824   4.69171 9.97326
0.758375 8.02824   -1.73863 3.4748
0.758375 8.02824   2.95299 3.22004
0.758375 8.02824   7.42623 2.13633
5.15888 7.55074   0.897172 7.57165
5.15888 7.55074   5.20576 7.31309
5.15888 7.55074   4.81141 7.76095
5.15888 7.55074   4.47125 8.28468
5.15888 7.55074   9.95753 3.5029
5.15888 7.55074   4.78918 4.53224
0.897172 7.57165   1.60537 7.42232
0.897172 7.57165   -1.15128 3.07843
5.8054 5.67762   1.03857 7.54632
5.8054 5.67762   9.40787 8.16377
5.8054 5.67762   5.98664 6.13274
5.8054 5.67762   6.00241 5.83968
5.8054 5.67762   5.88804 6.46219
5.8054 5.67762   6.177 5.89492
5.8054 5.67762   4.89593 5.45937
5.8054 5.67762   4.84078 5.21927
5.8054 5.67762   5.18617 5.89889
5.8054 5.67762   7.13059 3.99907
5.8054 5.67762   2.82998 0.501064
-2.39932 4.65731   0.380129 7.61727
-2.39932 4.65731   -3.87738 3.94551
-2.39932 4.65731   -4.65798 3.9127
0.380129 7.61727   0.441555 7.24875
0.380129 7.61727   0.350483 8.48457
0.380129 7.61727   0.275809 8.46094
0.441555 7.24875   2.49546 8.23385
0.590003 7.82926   1.20239 4.16859
-0.199853 5.78494   1.08322 7.50222
1.83547 8.41731   1.13805 7.5007
3.32597 2.34713   0.167206 7.24144
4.80247 4.31841   0.42221 7.08853
4.80247 4.31841   6.72626 -2.26165
-1.68901 2.87982   0.103886 7.12746
-1.68901 2.87982   -0.128203 5.91391
-1.68901 2.87982   -1.79785 2.92476
5.49 1.19269   0.892745 7.90546
5.49 1.19269   6.06935 0.480052
0.892745 7.90546   3.22119 6.97967
6.88708 2.62071   0.271832 7.14988
0.955674 7.29827   0.63043 7.42435
7.38023 1.29897   0.742422 7.77783
7.38023 1.29897   7.02783 -3.23797
7.38023 1.29897   8.36245 0.837307
0.113513 8.11957   0.748136 7.83135
4.15776 2.79846   0.84211 7.78621
0.84211 7.78621   0.807383 8.61524
4.15449 3.13282   0.220621 7.69308
4.15449 3.13282   1.43576 7.96337
4.15449 3.13282   4.40401 0.814553
4.15449 3.13282   6.15887 1.86042
-0.328499 5.82428   0.340091 7.90379
0.350483 8.48457   -3.1212 5.24449
6.80162 2.65084   -0.245467 8.19674
6.80162 2.65084   9.98036 3.4602
6.80162 2.65084   9.90508 5.46621
6.80162 2.65084   3.89184 -0.822263
6.80162 2.65084   -0.60123 1.5549
0.341661 8.12789   -1.66411 5.1546
0.341661 8.12789   -2.22772 3.51412
4.79189 3.82678   0.188806 8.09196
1.01585 3.64524   -0.464474 7.75711
1.01585 3.64524   -0.175313 2.53164
1.01585 3.64524   0.40024 3.11105
1.01585 3.64524   2.97594 8.12108
1.01585 3.64524   4.84696 6.89079
1.01585 3.64524   -1.96597 3.20048
1.01585 3.64524   9.18854 4.69931
1.01585 3.64524   2.13369 3.39998
1.01585 3.64524   2.08898 3.11033
1.01585 3.64524   2.79385 0.273458
1.01585 3.64524   -0.544172 1.55767
4.85553 9.94065   -0.273551 7.51827
3.15301 3.66875   -0.318955 7.62906
3.15301 3.66875   0.471417 3.94158
3.15301 3.66875   0.442607 3.62378
3.15301 3.66875   9.52692 -2.1318
3.15301 3.66875   3.27473 3.82108
3.15301 3.66875   0.844289 3.03647
-0.168095 7.6759   -2.07435 4.0838
-0.14044 7.05157   -0.0597248 7.63483
-0.14044 7.05157   -0.223671 6.82523
-0.14044 7.05157   0.56133 4.71976
-0.14044 7.05157   5.8054 5.67762
-0.14044 7.05157   3.3573 0.0655258
-0.14044 7.05157   1.86483 0.706571
1.58274 5.84478   -0.182981 7.36709
1.58274 5.84478   1.26846 6.0356
1.58274 5.84478   3.62589 6.95628
1.58274 5.84478   4.60465 3.31466
4.52368 0.226684   -0.274512 7.43072
4.52368 0.226684   -0.143043 6.18744
4.52368 0.226684   8.65267 3.90197
4.52368 0.226684   8.47176 -5.231
4.52368 0.226684   3.21699 -0.181686
4.52368 0.226684   7.11791 2.14658
4.52368 0.226684   3.95087 -1.07038
4.52368 0.226684   5.77829 -2.53063
7.36251 8.75696   -0.162512 8.06896
7.36251 8.75696   -0.251613 6.88938
-0.070443 5.46327   -0.428866 7.75497
-0.070443 5.46327   -1.79583 6.04102
-5.18332 4.29548   -0.308768 7.95029
-5.18332 4.29548   -4.28838 5.1089
-6.05125 2.85402   -0.480106 7.85264
-2.84227 3.35107   -0.271901 7.54812
-0.894383 2.47055   -0.0360241 7.95361
0.0671597 7.12074   -0.368143 6.19986
0.0671597 7.12074   -3.24827 4.03269
1.28384 8.44434   -0.33093 7.17465
1.28384 8.44434   1.73584 7.2582
1.28384 8.44434   7.80197 6.86796
-0.226117 5.66757   0.0133522 6.86584
-0.226117 5.66757   0.176863 4.08868
0.282927 6.27291   -0.327911 7.11324
9.3708 3.34859   1.94805 7.31161
9.3708 3.34859   0.339683 4.90904
9.3708 3.34859   9.96803 2.63449
9.3708 3.34859   9.9115 2.25512
9.3708 3.34859   6.83964 6.1808
9.3708 3.34859   6.42842 5.21002
9.3708 3.34859   8.84211 3.83536
9.3708 3.34859   8.98331 3.27542
9.3708 3.34859   8.52193 4.9592
9.3708 3.34859   9.98587 0.304346
9.3708 3.34859   4.47973 1.41906
1.94805 7.31161   0.952353 6.50526
1.94805 7.31161   1.97954 4.99594
1.94805 7.31161   -0.426493 5.63389
2.10188 7.64785   4.7071 9.84873
2.76033 5.42081   1.99188 7.52295
4.2258 1.82967   2.58716 8.11239
4.2258 1.82967   0.727282 6.62888
4.2258 1.82967   0.101275 3.63752
4.2258 1.82967   0.324118 5.65329
4.2258 1.82967   5.93343 -0.376978
4.2258 1.82967   2.07472 0.507867
4.2258 1.82967   1.85638 0.627662
-0.668991 4.71482   2.07958 7.48026
-0.668991 4.71482   1.74687 2.47202
2.07958 7.48026   1.58371 6.67895
1.60537 7.42232   2.85524 6.78175
-1.59899 5.10269   2.4071 7.53267
5.12695 9.95053   2.27206 7.79695
4.94448 4.45934   2.2704 7.8927
4.94448 4.45934   1.03214 4.97272
4.94448 4.45934   9.92652 -2.24566
4.94448 4.45934   4.32276 1.52104
2.2704 7.8927   0.726462 4.4382
2.19478 6.90441   2.03451 6.98586
2.19478 6.90441   0.939951 6.53047
7.39127 1.92623   2.18785 7.46713
7.39127 1.92623   6.79035 2.08046
2.36125 8.15353   2.03917 7.74491
3.30904 8.11011   2.38105 7.44773
2.38105 7.44773   5.64389 3.09076
2.21288 1.58543   1.7344 7.86384
1.7344 7.86384   2.18277 8.18189
1.60881 7.57111   1.23014 7.69451
-1.05929 5.6305   1.74865 7.77722
6.02358 6.16728   2.20664 7.66524
1.02836 6.05974   7.29573 8.55386
1.02836 6.05974   -2.02833 4.9664
1.02836 6.05974   3.25121 0.794006
0.524718 6.51066   5.71456 7.51447
0.524718 6.51066   -2.20046 4.42863
0.524718 6.51066   -2.93046 4.57211
0.524718 6.51066   9.20766 -0.704482
-0.0830436 6.3473   5.95739 1.79421
2.75417 4.55009   0.141653 6.34008
2.75417 4.55009   3.74652 0.325765
2.75417 4.55009   5.67737 0.365507
-2.38938 3.92827   0.626147 6.46699
0.438807 6.15684   1.11774 0.513899
-1.62071 3.68074   0.656361 6.47477
0.499886 5.86612   0.227794 6.43958
0.499886 5.86612   0.592404 5.71317
-2.34168 3.50966   -0.249647 6.60458
-0.249647 6.60458   1.11443 2.77128
-8.076 2.03422   -0.21503 6.59467
-8.076 2.03422   -6.52855 1.2039
-0.20192 6.19646   -0.124607 6.53028
1.8325 6.82785   1.84408 6.85022
1.8325 6.82785   1.34817 4.89969
1.8325 6.82785   3.66393 8.29499
1.8325 6.82785   7.78443 2.68543
-2.82625 3.78317   1.46417 7.00439
-2.82625 3.78317   -2.46168 3.58776
9.29951 0.14847   1.80527 6.67158
9.29951 0.14847   8.92461 -4.29647
1.80527 6.67158   4.32875 0.841759
8.63294 5.67901   1.66452 6.99002
8.63294 5.67901   9.96315 3.77997
8.63294 5.67901   9.96024 6.91562
8.63294 5.67901   6.12901 3.03374
1.59018 6.6145   2.73199 5.20598
8.9614 9.31936   1.54135 6.59639
8.9614 9.31936   7.22467 9.96191
8.9614 9.31936   9.06984 9.94045
8.9614 9.31936   3.89003 8.69472
8.9614 9.31936   9.82908 9.9558
8.9614 9.31936   9.21921 9.38851
8.9614 9.31936   9.84336 8.70596
3.25537 3.90594   1.40758 6.56865
1.40758 6.56865   3.16498 5.40219
9.25451 7.22208   1.77777 6.65104
9.25451 7.22208   9.58096 8.25409
9.25451 7.22208   9.97151 8.13086
1.77777 6.65104   1.45248 1.97668
8.29808 8.24115   1.42583 7.19814
8.29808 8.24115   8.42658 9.68644
8.29808 8.24115   8.88395 9.98696
8.29808 8.24115   9.03126 9.96266
8.29808 8.24115   5.16964 9.97959
8.29808 8.24115   8.56908 7.8773
8.29808 8.24115   9.93757 7.85235
8.29808 8.24115   8.08468 6.74159
8.29808 8.24115   8.0232 6.98344
8.29808 8.24115   9.88958 7.16552
8.29808 8.24115   0.411897 0.622199
3.4205 5.42482   1.24999 6.96067
3.4205 5.42482   2.66459 4.96693
3.99623 2.66319   1.43136 6.85193
3.99623 2.66319   3.3091 5.40505
3.99623 2.66319   9.99083 1.74239
3.99623 2.66319   5.84914 2.5733
4.13371 1.39678   1.24519 6.80582
4.13371 1.39678   8.84337 9.01915
4.11998 8.66853   1.93891 6.83569
4.11998 8.66853   4.23408 9.35455
4.11998 8.66853   9.40874 9.31577
1.36264 6.66546   0.68715 1.1291
5.14614 7.53661   1.73422 7.06963
5.14614 7.53661   5.92294 8.19827
3.19257 4.86355   1.49511 6.5678
3.19257 4.86355   -0.878869 2.54191
3.19257 4.86355   6.32444 5.9211
1.19623 6.47271   1.54114 6.57596
1.26066 7.51923   1.63257 6.53973
0.356656 5.18246   1.47934 6.82906
0.356656 5.18246   0.245802 0.619687
1.55013 5.52845   1.55295 6.61548
1.55013 5.52845   0.793061 4.9596
1.55013 5.52845   1.42437 5.5956
0.952353 6.50526   0.606878 5.66689
0.952353 6.50526   2.42037 5.58957
0.0245219 0.15534   0.883965 6.26368
0.0245219 0.15534   1.14056 6.69275
0.0245219 0.15534   0.727191 3.75556
0.0245219 0.15534   4.2258 1.82967
0.0245219 0.15534   2.6303 4.34247
0.0245219 0.15534   2.52379 3.30628
0.0245219 0.15534   2.2517 1.9797
0.0245219 0.15534   -0.556173 0.334781
0.0245219 0.15534   -0.519371 0.306155
0.0245219 0.15534   -0.746034 -0.29321
0.0245219 0.15534   -0.642306 -0.173266
0.0245219 0.15534   -0.668111 -0.158798
0.0245219 0.15534   -0.633186 0.129655
0.0245219 0.15534   0.291503 0.951132
0.0245219 0.15534   -0.474265 0.611119
0.0245219 0.15534   -0.51297 0.505247
0.0245219 0.15534   -0.464313 0.536621
0.0245219 0.15534   -0.550173 0.859827
0.0245219 0.15534   -0.0782535 0.0845119
0.0245219 0.15534   0.0845112 0.166326
0.0245219 0.15534   1.05512 0.788976
0.0245219 0.15534   1.18311 1.56905
0.0245219 0.15534   -0.58232 1.1256
0.0245219 0.15534   -0.281737 0.994218
0.0245219 0.15534   -0.444521 1.22884
0.0245219 0.15534   0.250179 1.22557
-0.609968 0.653952   1.19623 6.47271
-0.609968 0.653952   6.66831 3.92869
-0.609968 0.653952   2.93529 1.9498
-0.609968 0.653952   2.13711 2.88576
-0.609968 0.653952   -0.212494 0.0640425
-0.609968 0.653952   0.266595 0.287088
6.10077 0.534362   1.63259 6.27295
6.10077 0.534362   6.46438 -2.35406
6.10077 0.534362   9.96843 0.390811
0.612792 6.94962   0.685655 6.24467
0.685655 6.24467   -2.22632 4.94752
4.47684 4.11773   1.35891 6.47027
4.47684 4.11773   6.72218 4.97907
2.4526 1.76288   1.28232 6.31538
1.97954 4.99594   1.64104 6.3492
1.97954 4.99594   9.18725 -0.425532
0.191765 4.07403   1.5283 6.15877
0.191765 4.07403   7.01535 9.68791
1.5283 6.15877   1.69197 6.0863
1.5283 6.15877   5.21252 8.92215
-0.64251 6.23216   1.21415 6.55609
7.96904 -3.26941   1.30624 6.45387
7.96904 -3.26941   9.99181 3.68331
7.96904 -3.26941   7.66461 -3.60811
7.96904 -3.26941   9.99737 -0.505873
-5.51208 3.50716   1.42872 6.12593
-5.51208 3.50716   -4.96982 2.73461
-5.51208 3.50716   -4.63222 2.99444
-5.51208 3.50716   -4.1758 5.25719
-0.692831 5.97759   1.20199 6.47081
-0.692831 5.97759   -1.91008 3.50897
6.2567 9.71097   1.56667 6.33841
-1.06087 2.60122   1.18743 6.35128
7.15505 9.46804   0.560251 7.12289
7.15505 9.46804   7.45154 9.93158
7.15505 9.46804   0.808536 5.24198
7.15505 9.46804   9.98932 5.89178
0.560251 7.12289   6.54325 9.99505
0.560251 7.12289   4.07969 9.97865
0.560251 7.12289   4.27925 9.5416
1.39155 8.91334   0.730508 6.83463
1.39155 8.91334   -6.52192 3.59011
1.39155 8.91334   3.48747 4.68684
0.730508 6.83463   6.49956 9.92006
4.4435 5.36945   0.31825 6.8241
4.4435 5.36945   3.89862 7.4779
4.4435 5.36945   5.69123 4.49044
4.4435 5.36945   6.76276 4.23737
4.4435 5.36945   4.42428 4.76973
4.4435 5.36945   4.29589 -1.05692
1.0797 6.7426   9.85286 4.86214
4.61728 -1.62429   0.407629 7.04657
0.407629 7.04657   -5.52141 4.39647
-2.04597 5.91749   1.05854 6.72222
-2.04597 5.91749   -2.80882 3.56288
-2.04597 5.91749   -2.6548 3.63616
3.11315 3.48389   0.955674 7.29827
3.11315 3.48389   3.94087 3.43815
1.54918 4.00065   0.671812 7.0314
-0.185893 0.502967   0.808087 7.19089
-0.185893 0.502967   -0.301928 0.373267
5.04727 4.18412   0.600815 6.73347
4.07969 9.97865   1.44765 7.78284
6.80641 3.90225   0.786224 8.53537
6.80641 3.90225   9.99958 8.04495
6.80641 3.90225   6.64138 3.83912
6.80641 3.90225   6.21395 4.10297
6.80641 3.90225   7.60666 4.33711
7.91775 3.4073   1.4877 7.95879
7.91775 3.4073   -0.0899509 4.86083
7.91775 3.4073   9.93166 2.57724
7.91775 3.4073   7.87633 3.44342
7.91775 3.4073   8.91091 4.28602
7.91775 3.4073   7.90365 3.83596
7.91775 3.4073   9.18907 -1.85132
1.4877 7.95879   2.81657 5.61372
8.53082 1.45797   1.95231 8.45215
8.53082 1.45797   9.89147 2.66199
8.53082 1.45797   9.02326 2.23749
7.70011 2.29897   0.812836 8.33414
7.70011 2.29897   4.02851 4.3994
7.70011 2.29897   7.65099 2.11653
0.812836 8.33414   0.944198 8.90757
0.812836 8.33414   1.45924 7.52274
6.48416 9.35096   1.50147 8.9981
6.48416 9.35096   6.98338 9.9196
6.48416 9.35096   6.24385 9.95995
6.48416 9.35096   3.04389 8.00844
6.48416 9.35096   8.62545 6.93742
0.95251 8.42291   1.06123 8.55152
0.95251 8.42291   1.67472 2.12604
5.47575 8.05107   1.14497 7.79553
-2.22632 4.94752   1.83547 8.41731
2.36208 7.14463   1.40752 7.9443
2.36208 7.14463   2.69518 1.97767
1.95195 0.81877   0.829764 8.85173
0.829764 8.85173   8.98888 0.573832
0.734926 5.48984   1.00533 8.4877
1.00533 8.4877   -0.26305 1.37567
5.48631 2.08343   0.866279 8.4329
5.48631 2.08343   2.45329 0.76978
5.48631 2.08343   6.28851 -0.987582
1.54987 8.20127   1.66537 8.29612
8.27286 5.05266   1.30038 7.72124
3.58622 7.96345   1.00873 8.80296
0.723062 4.06602   0.908949 8.36621
9.97104 8.36222   9.24469 9.91558
9.97104 8.36222   9.3708 3.34859
9.24469 9.91558   9.89578 9.24075
7.67383 9.80484   7.9764 9.95291
7.67383 9.80484   8.02718 9.9728
7.67383 9.80484   7.64979 9.63778
7.67383 9.80484   7.62327 9.91307
7.67383 9.80484   6.3248 8.22552
8.90336 8.26898   8.06691 9.8878
8.90336 8.26898   9.90675 6.41069
8.6787 7.81434   8.27695 9.97946
8.6787 7.81434   9.13311 9.9272
8.6787 7.81434   5.33235 9.98952
8.6787 7.81434   9.42 9.81973
8.6787 7.81434   9.46104 9.89007
8.6787 7.81434   9.90691 7.89966
8.41074 8.1788   7.67383 9.80484
8.41074 8.1788   9.96315 7.9046
8.41074 8.1788   9.92189 5.23201
7.43512 7.86456   8.09659 9.97082
7.43512 7.86456   6.38859 9.92872
7.43512 7.86456   9.14975 8.2064
7.43512 7.86456   6.11959 6.59882
7.43512 7.86456   8.86042 6.07105
7.43512 7.86456   9.91483 6.43709
7.43512 7.86456   9.98405 6.26481
7.43512 7.86456   7.38388 -0.91027
6.629 8.16119   7.88609 9.98296
6.629 8.16119   7.15428 8.98129
6.629 8.16119   9.93971 8.98875
6.629 8.16119   9.3327 8.80426
8.69072 7.67607   8.41602 9.93439
8.69072 7.67607   7.80961 8.63316
8.69072 7.67607   8.41074 8.1788
8.69072 7.67607   7.30932 7.96625
8.69072 7.67607   9.97104 8.36222
8.69072 7.67607   7.36043 5.89331
9.90778 7.27327   8.05423 9.82117
8.05423 9.82117   5.20678 7.48578
7.86402 9.46069   8.48948 9.98471
7.86402 9.46069   8.04334 9.97714
7.86402 9.46069   7.97497 9.48677
7.86402 9.46069   9.55584 9.98196
7.86402 9.46069   4.91712 8.81588
7.86402 9.46069   7.5661 3.07166
6.87847 7.86571   7.83738 9.91872
6.87847 7.86571   5.88797 7.42587
6.87847 7.86571   3.27037 5.68957
6.87847 7.86571   5.92297 9.95594
6.87847 7.86571   5.779 9.84679
6.87847 7.86571   6.11346 9.8633
6.87847 7.86571   5.63829 8.66404
6.87847 7.86571   7.43512 7.86456
6.87847 7.86571   8.68299 5.18621
6.87847 7.86571   7.3049 6.5567
6.87847 7.86571   8.0465 6.57738
6.87847 7.86571   9.93209 6.27843
6.87847 7.86571   7.47464 5.47236
6.87847 7.86571   3.40377 1.76506
7.86984 8.64711   8.10215 9.91316
7.86984 8.64711   7.37591 8.5782
7.86984 8.64711   9.98404 9.79979
7.86984 8.64711   7.97692 6.88147
7.86984 8.64711   3.57128 4.07471
8.10215 9.91316   9.84587 9.01136
9.17032 9.2092   7.86506 9.98103
9.17032 9.2092   8.42899 9.94927
9.17032 9.2092   9.50789 9.99964
7.49176 9.69352   7.62764 9.88406
7.49176 9.69352   7.71594 9.8465
7.92867 9.16289   7.89149 9.99564
7.92867 9.16289   7.57772 9.57842
7.92867 9.16289   8.51915 9.9306
7.92867 9.16289   7.77777 9.09408
7.92867 9.16289   7.26228 9.12479
7.77777 9.09408   8.09478 9.83218
7.77777 9.09408   9.83783 7.48018
7.77777 9.09408   9.90582 7.33139
8.09478 9.83218   8.04582 9.94412
8.09478 9.83218   8.06479 9.91986
8.09478 9.83218   8.53515 9.9409
7.77059 7.21953   8.13497 9.96774
7.77059 7.21953   6.26107 9.96989
3.51373 5.02391   8.19737 9.94983
3.51373 5.02391   7.0823 5.4273
3.51373 5.02391   3.14272 2.64679
8.19737 9.94983   7.86872 9.04057
9.02645 7.89227   8.04404 9.98298
9.02645 7.89227   6.16485 2.34872
8.014 9.21003   8.20978 9.898
8.014 9.21003   8.86284 6.37259
8.014 9.21003   3.15559 0.681012
8.00779 8.25875   8.37649 9.94537
8.00779 8.25875   6.89743 9.65831
8.00779 8.25875   9.48275 9.94141
8.00779 8.25875   6.2567 9.71097
9.67274 8.40224   7.84773 9.95945
9.67274 8.40224   9.9966 8.33236
7.84773 9.95945   6.62478 8.7899
8.5187 9.95733   7.96315 9.72202
5.20576 7.31309   8.18051 9.89054
6.05064 7.88263   8.18845 9.95566
6.05064 7.88263   7.09879 9.71122
6.05064 7.88263   6.97722 8.7913
6.05064 7.88263   6.16244 7.13197
7.71594 9.8465   7.42766 9.95972
7.75387 8.89043   8.38046 9.89839
7.75387 8.89043   7.4474 8.81794
7.75387 8.89043   7.77035 8.7638
9.75367 8.04034   7.98448 9.95925
9.75367 8.04034   9.88024 7.85348
9.75367 8.04034   9.85137 6.95096
7.62803 9.55575   7.73072 9.87563
5.22163 7.87339   8.02568 9.97582
7.62998 8.1079   7.98198 9.83677
7.62998 8.1079   9.40713 7.87833
7.62998 8.1079   5.71548 6.30566
8.99904 9.06136   8.27284 9.95045
8.99904 9.06136   8.80956 9.03412
8.99904 9.06136   9.17032 9.2092
8.99904 9.06136   7.78887 6.21388
6.69364 4.24487   7.14457 9.99329
6.69364 4.24487   7.11894 5.29318
6.69364 4.24487   7.35236 3.90934
9.63526 8.26202   7.14926 9.97311
9.63526 8.26202   4.22384 6.83315
9.63526 8.26202   9.56644 9.84582
9.63526 8.26202   6.1625 6.95184
9.47943 5.68581   7.55151 9.85344
9.47943 5.68581   5.68067 9.9964
9.47943 5.68581   9.55756 6.11155
9.47943 5.68581   2.90979 0.737629
7.09847 7.33506   7.46789 9.96923
7.09847 7.33506   5.93069 6.5446
7.09847 7.33506   6.601 7.59719
7.09847 7.33506   6.96186 7.39332
7.09847 7.33506   9.84691 4.55134
7.31774 9.67463   7.36251 8.75696
7.31774 9.67463   4.01251 6.35994
7.31774 9.67463   8.55885 7.76973
7.57772 9.57842   7.59834 9.93044
7.57772 9.57842   7.5746 9.91205
7.57772 9.57842   7.44666 8.34908
4.72506 7.56207   7.49176 9.69352
4.72506 7.56207   5.09437 7.31938
4.72506 7.56207   5.11033 9.99669
4.72506 7.56207   6.4483 7.06909
6.12686 7.44032   7.39147 9.88457
6.12686 7.44032   5.78525 9.94526
7.51524 9.45182   7.2703 9.81938
7.51524 9.45182   9.88795 8.88814
7.51524 9.45182   9.97091 8.78726
5.4975 8.53458   7.14338 9.9032
5.4975 8.53458   7.1337 9.95227
5.4975 8.53458   6.05077 9.04697
5.4975 8.53458   4.66056 9.93381
5.4975 8.53458   6.59718 5.58213
8.42658 9.68644   7.47198 9.89532
6.68302 9.53227   7.37713 9.98339
6.68302 9.53227   9.87734 8.40205
3.6727 6.20197   7.30632 9.87009
3.6727 6.20197   9.97393 0.672213
7.22467 9.96191   7.36228 9.99455
7.52745 9.2317   7.37825 9.93451
7.52745 9.2317   9.95881 8.71345
4.13858 5.0131   7.30286 9.93791
8.0961 6.2322   7.53402 9.98907
8.0961 6.2322   9.94797 8.12049
9.73357 6.5429   7.47179 9.87704
9.73357 6.5429   9.96159 6.66812
6.97722 8.7913   7.39712 9.8491
6.97722 8.7913   6.80373 8.94655
7.80961 8.63316   7.92867 9.16289
7.80961 8.63316   9.84506 6.99104
7.80961 8.63316   6.81959 2.54534
7.53175 9.46293   6.03809 9.36879
6.29502 6.59292   7.51524 9.45182
6.29502 6.59292   6.13494 6.66791
7.97497 9.48677   7.0436 7.51596
6.80902 5.8245   7.62803 9.55575
8.10184 8.52129   8.14893 9.28711
8.10184 8.52129   9.27527 8.66558
6.0168 8.43717   7.74407 9.28948
6.0168 8.43717   9.96833 1.96506
6.0168 8.43717   7.26114 5.07026
5.39028 9.08067   7.99899 9.4048
8.88443 9.25363   8.56308 9.53199
8.56308 9.53199   8.73004 9.99596
8.56308 9.53199   6.15888 6.42058
7.34773 3.32473   8.40756 9.71176
7.34773 3.32473   6.59416 3.80226
7.34773 3.32473   9.93384 4.29729
7.34773 3.32473   3.82895 -0.150255
8.5786 9.62005   6.40518 8.41128
8.5786 9.62005   9.74037 5.47184
2.5487 6.25222   8.51375 9.70691
2.5487 6.25222   3.47415 5.44327
2.5487 6.25222   -1.68162 3.37748
8.51375 9.70691   5.80413 9.56442
4.75843 5.9774   8.5187 9.95733
4.75843 5.9774   3.29171 6.46022
4.75843 5.9774   5.75828 6.57727
4.75843 5.9774   6.09255 1.51861
8.57067 9.86008   6.48805 1.74423
3.71071 2.92278   8.47617 9.92381
3.71071 2.92278   7.80546 2.61379
6.78085 7.3863   8.36796 9.55418
6.78085 7.3863   6.34783 7.93518
6.78085 7.3863   4.40361 9.99639
6.78085 7.3863   9.86629 9.53337
6.78085 7.3863   7.3983 3.27172
6.2226 9.93868   6.3104 9.97054
6.436 8.6448   6.817 9.91453
6.71098 9.88078   6.20542 9.46477
6.95878 9.92872   3.2832 8.46831
6.95878 9.92872   9.98781 7.41308
6.95878 9.92872   5.98288 1.9775
3.96987 8.33674   6.70088 9.96835
3.96987 8.33674   1.70852 6.33783
6.70088 9.96835   5.64605 9.5232
6.27631 9.87618   6.76327 9.99893
6.27631 9.87618   6.2226 9.93868
6.27631 9.87618   4.93367 3.39973
6.57878 9.84156   6.46526 9.96069
6.57878 9.84156   9.99959 7.91841
9.01659 3.40536   7.01196 9.93642
9.01659 3.40536   9.96352 2.02723
9.01659 3.40536   8.34991 6.3912
4.89593 5.45937   6.62173 9.92651
4.89593 5.45937   6.36558 5.06957
5.56744 7.55849   6.86262 9.99209
5.56744 7.55849   5.99456 9.93081
5.56744 7.55849   7.80681 7.11878
7.26228 9.12479   6.8259 9.94262
7.26228 9.12479   8.46914 8.37675
4.45182 9.15572   7.0465 9.94238
4.45182 9.15572   5.87138 9.68581
8.1804 8.49801   6.67549 9.97105
8.1804 8.49801   9.92565 9.70718
8.1804 8.49801   9.86631 8.49125
4.34736 6.0559   6.88551 9.97353
4.34736 6.0559   4.32528 5.89703
6.3015 8.71637   6.61064 9.82895
6.3015 8.71637   9.91418 7.24023
8.28108 7.55415   6.92816 9.98976
9.27527 8.66558   6.60888 9.94652
9.27527 8.66558   1.12752 0.983631
9.08455 8.25878   6.98784 9.99785
9.25963 8.05042   7.06605 9.96794
9.25963 8.05042   9.33354 4.61355
7.37591 8.5782   6.76183 9.98626
7.37591 8.5782   6.26751 9.04978
7.37591 8.5782   5.06847 6.18642
6.38859 9.92872   9.63508 6.39318
6.36298 9.98454   -0.226743 4.98501
6.83964 6.1808   6.33858 9.91669
6.83964 6.1808   9.41378 9.85697
6.83964 6.1808   6.54091 5.95104
6.83964 6.1808   4.88128 4.97756
6.83964 6.1808   7.16976 6.16448
6.83964 6.1808   7.09847 7.33506
6.83964 6.1808   7.41092 6.94848
6.83964 6.1808   6.84089 3.60171
6.83964 6.1808   6.97397 4.35464
6.83964 6.1808   2.65014 0.767603
8.86042 6.07105   6.47816 9.91242
8.86042 6.07105   0.594638 5.97588
8.86042 6.07105   9.97217 8.26169
8.86042 6.07105   8.23786 6.40601
8.86042 6.07105   8.57236 4.7132
8.86042 6.07105   8.70763 5.99614
8.86042 6.07105   9.81419 6.14056
8.86042 6.07105   7.49181 5.57198
6.47816 9.91242   6.47127 8.62316
6.47816 9.91242   9.96637 7.60515
8.04158 8.22558   6.4357 9.85284
6.4357 9.85284   9.87255 9.35267
6.82337 8.19245   6.29896 9.95088
6.07941 9.4995   6.30232 9.92272
6.07941 9.4995   5.05124 8.23447
9.07968 8.91026   6.32583 9.99613
9.07968 8.91026   9.10053 9.91377
9.07968 8.91026   5.98024 9.96654
9.07968 8.91026   9.02645 7.89227
9.07968 8.91026   8.04158 8.22558
9.07968 8.91026   8.54794 7.75889
9.07968 8.91026   9.67274 8.40224
9.07968 8.91026   9.94838 8.35879
9.07968 8.91026   9.33503 5.22469
6.23249 5.91106   6.51216 9.89619
6.23249 5.91106   7.30555 0.523072
6.51216 9.89619   8.16745 5.38078
5.06066 9.27722   6.32677 9.99534
5.06066 9.27722   6.17969 9.98071
5.06066 9.27722   -2.94718 3.92836
5.06066 9.27722   8.32652 4.20824
5.27014 8.95244   6.26187 9.95437
5.22102 8.3927   6.68302 9.53227
5.22102 8.3927   -0.168737 4.5078
5.22102 8.3927   5.37165 7.9111
5.22102 8.3927   5.13645 9.93522
5.22102 8.3927   5.88047 5.60678
7.11993 6.94571   6.70631 9.39907
7.11993 6.94571   5.39028 9.08067
7.11993 6.94571   8.1804 8.49801
6.97868 9.82683   0.0929874 4.1067
6.97868 9.82683   9.99812 7.31736
5.49094 7.0801   7.13237 9.9459
7.86872 9.04057   6.98281 9.81224
6.98281 9.81224   4.66897 9.10281
5.37442 5.43745   7.10669 9.59666
5.37442 5.43745   6.02358 6.16728
7.10669 9.59666   9.9617 6.88516
7.3044 6.78738   7.03541 9.89848
7.29573 8.55386   6.40893 8.41447
7.29573 8.55386   6.54965 3.9361
7.29573 8.55386   7.75434 3.15668
8.44765 4.77242   6.89597 9.24605
8.44765 4.77242   3.57885 8.5272
8.44765 4.77242   9.93805 7.64823
8.44765 4.77242   7.17532 7.49493
8.44765 4.77242   8.06202 5.24765
8.44765 4.77242   8.34395 4.82914
8.44765 4.77242   7.09571 5.38796
8.44765 4.77242   6.83723 2.83032
8.44765 4.77242   8.26571 1.26734
6.89597 9.24605   7.75387 8.89043
6.89597 9.24605   5.68728 9.98817
6.89597 9.24605   6.92479 6.40553
6.45324 8.21551   7.52745 9.2317
6.45324 8.21551   7.29874 6.94085
6.45324 8.21551   2.96701 2.85059
4.80825 9.93131   7.53229 8.46786
7.53229 8.46786   7.23768 8.49807
7.53229 8.46786   6.53565 8.45759
7.53229 8.46786   9.84051 9.94404
3.38865 7.87871   7.06853 8.93185
3.38865 7.87871   3.86887 7.19198
3.38865 7.87871   1.8823 6.54616
3.38865 7.87871   5.51781 9.94688
3.38865 7.87871   3.92628 2.87831
5.68173 5.16763   7.89751 8.78302
5.68173 5.16763   5.59481 7.34235
5.68173 5.16763   4.81094 4.98633
7.89751 8.78302   7.81705 8.95673
7.89751 8.78302   6.24261 7.43235
7.89751 8.78302   9.92994 8.68989
7.89751 8.78302   9.9785 4.04533
8.86657 7.81677   7.04423 8.92494
8.86657 7.81677   8.52565 8.29465
8.86657 7.81677   7.81853 5.83595
8.86657 7.81677   7.35479 5.75811
7.15428 8.98129   5.22163 7.87339
8.28873 7.80371   7.19371 8.7114
8.28873 7.80371   7.30805 7.98832
8.28873 7.80371   8.46621 3.45427
5.02055 9.88258   7.14391 9.09062
4.37664 1.32996   7.47678 8.71884
4.37664 1.32996   6.62301 1.93873
4.37664 1.32996   -0.271322 1.55827
9.08432 9.2767   9.29353 9.92442
9.08432 9.2767   5.91064 9.8148
9.08432 9.2767   9.92484 9.52804
9.08432 9.2767   9.99457 7.59258
9.08432 9.2767   9.94233 9.18731
9.08432 9.2767   7.20219 7.441
9.08432 9.2767   9.21658 5.84601
9.93596 7.50368   9.14886 9.93717
9.93596 7.50368   8.59163 4.28576
6.34783 7.93518   8.64731 9.75244
6.34783 7.93518   7.03442 8.65079
8.64731 9.75244   3.90796 6.68071
8.64731 9.75244   3.65692 2.10623
9.13311 9.9272   9.82674 9.35454
7.30932 7.96625   8.71995 9.86002
7.30932 7.96625   8.00779 8.25875
7.30932 7.96625   9.8981 6.78374
5.33452 5.58617   8.66971 9.84897
5.33452 5.58617   4.74231 9.9939
5.33452 5.58617   3.1107 4.41616
5.33452 5.58617   4.68003 4.89648
9.89578 9.24075   8.6476 9.92876
9.89578 9.24075   6.84856 7.92312
9.89578 9.24075   9.87189 9.95981
9.89578 9.24075   9.75946 9.61737
9.02272 5.49403   9.23568 9.88776
9.02272 5.49403   9.86634 5.5341
9.23568 9.88776   9.53885 9.481
9.23568 9.88776   9.92739 8.76264
8.8278 7.14264   9.26811 9.99371
8.8278 7.14264   9.98381 9.31902
7.16976 6.16448   9.1441 9.94243
7.16976 6.16448   8.6599 7.00016
9.06984 9.94045   9.17251 9.97945
9.02326 2.23749   8.84365 9.829
9.02326 2.23749   9.9862 4.04462
9.02326 2.23749   5.90954 -4.7421
8.84365 9.829   9.15351 9.69401
8.96934 2.49199   9.07145 9.93566
8.96934 2.49199   9.9283 3.42644
8.96934 2.49199   7.93946 4.73094
8.96934 2.49199   6.95681 -5.70601
8.96934 2.49199   8.14248 1.20945
3.68447 5.236   8.76326 9.95137
8.68761 9.28815   8.94584 9.96582
8.68761 9.28815   9.98549 7.00577
8.71706 7.09722   8.76432 9.94879
8.71706 7.09722   9.89569 7.54127
9.85421 8.74414   8.97949 9.95644
9.85421 8.74414   9.82853 9.93258
7.6901 7.33953   9.17806 9.88335
7.6901 7.33953   2.39139 2.95112
7.6901 7.33953   0.926876 1.91498
8.38774 7.63587   8.83082 9.91724
8.38774 7.63587   8.24392 1.71228
7.45791 6.19272   9.32017 9.84375
8.81111 9.12882   8.9785 9.92008
8.81111 9.12882   6.62439 5.67619
6.52978 6.19105   8.87761 9.95899
6.70453 6.1567   9.23525 9.97021
6.70453 6.1567   8.37101 6.17372
9.82857 9.50956   9.38523 9.96034
-1.00719 2.08993   -0.266607 2.41979
-1.00719 2.08993   -0.619432 3.36692
-1.00719 2.08993   -0.491973 2.11235
-1.00719 2.08993   1.01585 3.64524
-1.00719 2.08993   -0.103214 3.66548
-1.00719 2.08993   2.57479 5.69357
-1.00719 2.08993   -1.15687 2.2299
-1.00719 2.08993   -2.96077 4.79475
-1.00719 2.08993   2.49585 1.62045
-1.00719 2.08993   0.663595 1.31493
-0.619432 3.36692   -0.525222 3.91437
-0.619432 3.36692   -1.108 2.41286
-0.619432 3.36692   -0.567548 2.10982
-0.619432 3.36692   3.91493 5.4929
-0.619432 3.36692   -0.211324 0.146887
-0.619432 3.36692   -0.672242 1.53454
0.442607 3.62378   -0.522796 2.22206
0.442607 3.62378   0.389126 3.68942
-0.408939 2.71375   -1.29526 4.31601
-0.408939 2.71375   4.22236 9.84323
-0.408939 2.71375   -1.00719 2.08993
-0.408939 2.71375   -0.924067 1.97213
-0.408939 2.71375   -1.59136 3.05537
-0.408939 2.71375   -1.34421 2.65246
-0.408939 2.71375   2.08294 2.02105
-0.175313 2.53164   -1.39351 4.98847
-0.801018 -0.399298   0.169032 2.66524
-0.801018 -0.399298   3.30922 4.62763
-0.801018 -0.399298   2.82266 4.06605
-0.801018 -0.399298   1.27751 2.77771
-0.801018 -0.399298   -0.822065 -0.382561
-0.801018 -0.399298   -0.431902 0.843826
-0.801018 -0.399298   1.43003 1.32214
-0.801018 -0.399298   -0.354527 0.950372
-0.546323 2.28249   -0.57363 2.27781
2.49209 1.74446   -0.612122 2.90413
2.49209 1.74446   2.7884 0.459675
2.49209 1.74446   2.48336 0.564823
-0.612122 2.90413   5.06 -0.492879
1.03214 4.97272   -0.278946 2.71058
-0.278946 2.71058   -0.836867 3.1674
-0.278946 2.71058   0.0286234 2.91656
-0.597017 2.89798   -0.791991 2.97134
0.116916 3.24538   -0.822934 2.81559
0.116916 3.24538   -0.449834 2.90618
0.116916 3.24538   -1.29858 5.1039
0.116916 3.24538   -1.35101 3.31661
-0.329907 2.27082   -0.31908 1.71058
-0.715898 2.92031   3.23161 3.01129
4.91297 9.63373   -0.16842 2.46322
4.91297 9.63373   4.23911 9.95888
4.91297 9.63373   7.09784 7.73291
-0.16842 2.46322   -0.894383 2.47055
0.146373 1.73863   -0.30336 2.31972
0.146373 1.73863   4.65193 -0.744561
1.28292 3.62273   -0.355677 2.56965
-0.683454 3.02362   -0.768156 2.84673
1.46501 1.77254   -0.542778 2.88022
-0.158656 3.5594   -0.492619 2.32198
-0.158656 3.5594   -0.197369 3.47246
-0.158656 3.5594   1.94014 1.42293
1.68129 0.376271   -0.583056 2.51717
1.68129 0.376271   -1.26396 5.40388
1.68129 0.376271   3.30904 8.11011
1.68129 0.376271   4.37397 5.61854
1.68129 0.376271   2.29415 0.533596
1.68129 0.376271   1.86599 0.338786
3.74652 0.325765   -0.840969 2.9446
3.74652 0.325765   6.16127 5.10568
3.74652 0.325765   2.20084 1.59981
0.729264 3.07256   -0.680117 2.50789
0.729264 3.07256   2.22334 2.94632
0.729264 3.07256   2.53666 2.37863
0.729264 3.07256   6.24334 2.22939
0.729264 3.07256   0.908384 3.01072
0.729264 3.07256   0.866572 1.49588
-0.592575 4.28047   -1.52478 3.05632
-0.592575 4.28047   3.81993 0.566672
-0.934975 4.41506   -1.67573 3.05904
-0.934975 4.41506   0.809551 0.515904
-0.425241 4.43626   -1.06087 2.60122
-0.425241 4.43626   5.57339 4.30873
-0.425241 4.43626   -0.337177 1.94193
-0.817831 4.02761   -0.129618 3.89109
-0.817831 4.02761   2.2317 2.74034
-1.36026 4.475   -2.36205 3.25477
0.0131369 3.5168   -0.935038 3.77891
-0.935038 3.77891   4.06592 7.87664
0.743366 2.04517   -1.2712 4.12563
-1.2712 4.12563   2.6213 0.733769
6.27699 8.85888   -0.740032 4.52425
6.27699 8.85888   4.92074 8.74728
6.27699 8.85888   3.63077 4.90974
-0.740032 4.52425   -1.90159 6.44754
-0.740032 4.52425   -0.934606 2.72354
-0.740032 4.52425   -1.69653 3.52642
-0.908257 5.09789   -1.3222 4.42815
7.09764 2.23445   -0.986901 3.78159
7.09764 2.23445   9.90039 0.92242
7.09764 2.23445   9.9377 2.57703
7.09764 2.23445   8.09756 3.21862
7.09764 2.23445   9.20689 4.62103
7.09764 2.23445   3.05239 0.599686
7.09764 2.23445   2.55875 0.763802
7.09764 2.23445   6.3144 -1.2118
-0.986901 3.78159   -1.09081 3.83152
-0.986901 3.78159   -1.83699 4.52721
0.701406 1.88659   -1.51901 4.37277
0.701406 1.88659   -1.07803 2.96212
-1.51901 4.37277   0.339908 5.935
-1.51901 4.37277   -1.7454 3.48251
-0.168737 4.5078   -1.03714 3.82383
-0.168737 4.5078   -0.726282 4.54493
-1.23052 4.30065   -2.66959 4.41555
-1.68162 3.37748   -0.704437 4.12224
-3.4166 4.74867   -1.36112 4.54288
-0.605328 5.01019   -0.733037 3.92185
-0.605328 5.01019   0.635436 5.25981
-0.848946 5.49079   -1.04969 4.16682
-0.848946 5.49079   -3.4241 4.09212
-1.04969 4.16682   -0.183851 3.22996
3.48691 5.87726   -1.47764 4.65135
3.48691 5.87726   2.00732 5.51514
3.48691 5.87726   4.56251 9.72427
3.48691 5.87726   9.51498 9.91544
4.58555 8.28457   -0.902956 3.91925
-0.902956 3.91925   -2.17921 5.37957
-0.902956 3.91925   1.6494 0.985661
-0.585667 5.45198   -1.08382 4.50752
0.471417 3.94158   0.00467372 3.56641
0.471417 3.94158   0.164925 3.52572
0.471417 3.94158   1.13956 1.06782
2.30689 2.37023   0.60296 3.5881
2.30689 2.37023   4.47952 6.1573
2.30689 2.37023   4.61382 3.74629
2.30689 2.37023   3.99894 0.526425
2.30689 2.37023   2.32072 2.20046
2.30689 2.37023   2.70197 0.768549
0.60296 3.5881   -0.981035 5.52686
0.60296 3.5881   -1.28327 3.18658
0.60296 3.5881   2.97245 2.01544
0.727191 3.75556   8.8058 6.66259
5.57973 8.79146   0.781549 3.20534
5.57973 8.79146   5.22102 8.3927
5.57973 8.79146   3.68962 6.80038
5.57973 8.79146   3.87058 6.70288
5.57973 8.79146   8.52451 4.52994
1.18311 1.56905   0.509579 3.14144
1.09763 3.38972   -3.65833 5.3585
7.13059 3.99907   0.773309 3.49788
7.13059 3.99907   9.87878 2.01113
7.13059 3.99907   9.94223 2.58192
7.13059 3.99907   9.97781 5.92931
7.13059 3.99907   7.60649 1.83055
0.773309 3.49788   4.19387 6.00948
0.773309 3.49788   -2.56313 3.83239
0.773309 3.49788   2.44929 1.75784
0.491125 3.27092   3.97987 6.82994
0.491125 3.27092   -4.43217 4.50177
0.491125 3.27092   -2.87544 4.46409
-0.907079 2.9135   0.877178 3.65116
1.01541 3.44839   -0.681371 2.44393
8.631 6.69701   0.789498 3.54738
8.631 6.69701   4.50385 5.80173
8.631 6.69701   8.05888 6.34503
8.631 6.69701   9.95888 6.76289
0.629639 3.21039   1.83584 0.633541
0.612598 3.57842   3.09002 0.64272
-0.808871 5.59384   0.422543 3.77932
-0.808871 5.59384   -1.05394 5.54083
-0.808871 5.59384   -2.60098 3.95185
-0.808871 5.59384   0.0414352 0.742059
0.496308 4.03254   -1.51154 3.36552
0.0129422 2.98646   0.582434 3.23265
0.0129422 2.98646   -0.412156 3.40881
0.0129422 2.98646   -1.26024 5.88248
0.0129422 2.98646   -1.57307 5.29039
0.0398377 2.76012   0.799784 3.43421
0.0398377 2.76012   -0.257379 1.48754
1.06384 1.50023   0.926194 3.29694
-0.791991 2.97134   0.671631 0.913565
-1.06667 3.02875   -0.944374 3.20489
-0.944374 3.20489   -1.01664 2.40753
-0.265777 2.94317   1.13013 4.49823
-0.265777 2.94317   1.93379 3.7383
-0.265777 2.94317   0.493839 1.46881
-0.294434 3.15024   0.206484 0.493972
-0.672325 3.18222   -1.42988 3.09177
1.22616 0.467609   -0.924271 3.12126
1.22616 0.467609   6.42291 1.63929
1.22616 0.467609   1.24849 0.307082
1.22616 0.467609   -0.613793 1.1922
0.769171 1.92061   -0.279673 3.35301
0.769171 1.92061   -0.769601 2.02019
0.769171 1.92061   0.664772 0.570343
0.550315 4.68981   -0.962061 3.10088
0.550315 4.68981   5.23382 -1.61797
-4.23358 3.48257   -0.843649 3.0677
-4.23358 3.48257   -4.03161 3.21196
-1.0152 3.37165   0.103851 -0.103614
-0.183851 3.22996   1.8553 4.66577
-0.331298 5.31425   -0.694012 2.98062
2.2865 0.302562   -0.568347 3.12002
2.2865 0.302562   0.337818 3.36551
2.2865 0.302562   2.53413 4.98299
2.2865 0.302562   -3.72921 5.19596
2.2865 0.302562   9.8787 6.43589
2.2865 0.302562   3.68911 1.15968
2.2865 0.302562   3.75859 1.72109
2.2865 0.302562   2.31561 3.41076
2.2865 0.302562   4.47657 0.160839
2.2865 0.302562   6.5298 3.08942
2.2865 0.302562   5.8149 2.03088
2.2865 0.302562   1.07955 2.86192
2.2865 0.302562   2.56232 0.480541
2.2865 0.302562   2.6243 0.401287
2.2865 0.302562   1.49083 0.584197
-0.568347 3.12002   -1.33126 2.87642
-0.327851 4.024   -0.962815 3.09304
-0.327851 4.024   -0.240778 5.93245
-0.327851 4.024   -1.00788 2.91161
-0.327851 4.024   -1.60337 3.46304
-0.211324 0.146887   0.349677 3.73671
-0.211324 0.146887   0.0211547 4.4714
-0.211324 0.146887   0.676367 4.39594
-0.211324 0.146887   6.37443 7.9114
-0.211324 0.146887   2.41854 5.65235
-0.211324 0.146887   7.50637 3.6288
-0.211324 0.146887   3.4588 3.15783
-0.211324 0.146887   2.9999 2.63492
-0.211324 0.146887   2.82988 2.55528
-0.211324 0.146887   -0.617388 -0.129834
-0.211324 0.146887   -0.534903 0.180716
-0.211324 0.146887   -0.397334 0.118904
-0.211324 0.146887   -0.440796 0.444175
-0.211324 0.146887   -0.48441 0.281287
-0.211324 0.146887   -0.395057 0.285317
-0.211324 0.146887   -0.47243 0.227364
-0.211324 0.146887   -0.536776 0.345584
-0.211324 0.146887   -0.50778 0.29466
-0.211324 0.146887   -0.583042 -0.0274904
-0.211324 0.146887   -0.544184 0.0222735
-0.211324 0.146887   -0.551773 0.193841
-0.211324 0.146887   -0.395643 0.0161721
-0.211324 0.146887   -0.489989 0.207384
-0.211324 0.146887   -0.524423 0.171822
-0.211324 0.146887   -0.497736 0.136031
-0.211324 0.146887   -0.405298 0.131733
-0.211324 0.146887   -0.53105 0.0860896
-0.211324 0.146887   -0.532927 -0.0679183
-0.211324 0.146887   -0.0315888 0.777816
-0.211324 0.146887   -0.47896 0.843399
-0.211324 0.146887   -0.513485 0.47852
-0.211324 0.146887   -0.289926 0.842869
-0.211324 0.146887   -0.443674 0.648341
-0.211324 0.146887   -0.159418 0.150645
-0.211324 0.146887   -0.150148 0.314964
-0.211324 0.146887   1.50077 1.29211
-0.211324 0.146887   -0.504698 1.05477
0.349677 3.73671   -0.641898 2.19701
-0.159418 0.150645   0.106353 3.90467
-0.159418 0.150645   -0.158656 3.5594
-0.159418 0.150645   1.99858 4.76685
-0.159418 0.150645   -1.72043 5.22547
-0.159418 0.150645   0.805343 4.90997
-0.159418 0.150645   4.08824 7.91817
-0.159418 0.150645   7.05704 8.56193
-0.159418 0.150645   3.209 5.06074
-0.159418 0.150645   1.86349 2.64827
-0.159418 0.150645   3.06675 2.68987
-0.159418 0.150645   3.68865 3.84675
-0.159418 0.150645   1.85685 2.41074
-0.159418 0.150645   -0.290606 0.292264
-0.159418 0.150645   -0.43756 0.357981
-0.159418 0.150645   -0.470219 0.376384
-0.159418 0.150645   -0.519687 0.430131
-0.159418 0.150645   -0.447776 0.475985
-0.159418 0.150645   -0.51001 0.441834
-0.159418 0.150645   -0.496884 0.234554
-0.159418 0.150645   -0.347158 0.287887
-0.159418 0.150645   -0.511186 0.226271
-0.159418 0.150645   -0.490521 0.218108
-0.159418 0.150645   -0.527276 0.300509
-0.159418 0.150645   -0.557043 -0.0668287
-0.159418 0.150645   -0.545867 0.123863
-0.159418 0.150645   -0.338375 0.0726094
-0.159418 0.150645   -0.493679 -0.0335401
-0.159418 0.150645   -0.454971 0.630352
-0.159418 0.150645   -0.419036 0.545099
-0.159418 0.150645   -0.435977 0.588423
-0.159418 0.150645   -0.509951 0.475026
-0.159418 0.150645   -0.382285 0.771153
-0.159418 0.150645   0.769171 1.92061
-0.159418 0.150645   0.410421 1.97758
-0.159418 0.150645   1.14466 1.25836
-0.159418 0.150645   -0.528931 1.13318
-0.159418 0.150645   -0.472598 1.58048
0.00467372 3.56641   0.116916 3.24538
0.00467372 3.56641   -1.74347 3.52528
0.171231 3.89059   6.30711 -2.93974
-0.112839 4.02742   2.28352 1.80206
-0.848995 2.60674   0.155189 3.70407
0.155189 3.70407   -2.00772 3.52804
0.155189 3.70407   4.27317 4.89438
0.155189 3.70407   2.88729 2.51646
-1.40332 2.90567   -0.101592 3.3852
-1.40332 2.90567   4.75034 1.60982
-0.650377 -0.295355   -0.0983775 3.5291
-0.650377 -0.295355   1.51516 5.20374
-0.650377 -0.295355   2.08238 2.17908
-0.650377 -0.295355   1.64504 2.03502
-0.650377 -0.295355   -0.817285 -0.416049
-0.650377 -0.295355   -0.641978 0.122442
-0.650377 -0.295355   -0.481959 -0.11564
-0.650377 -0.295355   -0.23773 0.364065
0.164925 3.52572   0.0095209 3.34627
-0.278717 4.33173   -1.52507 5.78043
-0.783323 5.15388   0.0705933 3.50842
-1.67607 3.97189   -0.177303 4.23459
-1.67607 3.97189   -1.69331 3.53506
-0.00580955 3.92864   -7.98803 3.51299
-2.11721 3.26943   0.153878 4.07727
0.40024 3.11105   0.646091 2.7115
0.246956 3.09994   -0.721305 3.81567
-0.0720056 3.21562   0.0129422 2.98646
-0.00520246 3.26023   1.00181 2.59714
-0.0531039 3.37683   -2.67589 4.01675
-0.0531039 3.37683   -1.19957 2.72929
0.258069 2.62497   0.0398377 2.76012
0.258069 2.62497   1.04313 0.649463
-0.412156 3.40881   -0.154638 2.97101
-0.412156 3.40881   0.634139 3.9859
-0.412156 3.40881   -1.68901 2.87982
-0.154638 2.97101   -0.850837 2.00366
2.00396 2.78133   0.0686372 2.78214
2.00396 2.78133   -0.250397 1.83192
2.00732 5.51514   0.410931 2.98958
2.00732 5.51514   -0.817932 2.69123
-1.39351 4.98847   0.422678 3.03589
-1.39351 4.98847   -3.90856 3.63293
3.9381 0.948992   0.248474 3.38747
3.9381 0.948992   1.44182 2.78231
3.9381 0.948992   5.51581 -2.68863
0.248474 3.38747   -0.75386 2.62022
0.562585 0.261915   0.325998 3.39572
0.562585 0.261915   -0.556788 4.09827
0.562585 0.261915   -1.78131 5.06857
0.562585 0.261915   6.19629 5.59768
0.562585 0.261915   2.11937 2.84278
0.562585 0.261915   2.81762 2.77336
0.562585 0.261915   5.44609 2.40311
0.562585 0.261915   0.945388 3.221
0.562585 0.261915   -0.679691 0.0456911
0.562585 0.261915   -0.619455 0.164707
0.562585 0.261915   0.700848 2.16876
0.562585 0.261915   0.996116 0.730195
0.562585 0.261915   0.58438 0.409785
0.562585 0.261915   0.749865 0.45742
0.562585 0.261915   1.44715 0.932816
0.562585 0.261915   -0.630043 1.03159
0.0095209 3.34627   3.86736 7.63242
2.92538 4.45253   -0.0442224 2.91989
0.945388 3.221   0.155491 3.08988
0.945388 3.221   2.74722 0.705439
1.8553 4.66577   -0.121611 3.14064
-0.391778 3.47173   -0.136231 3.25564
-0.721305 3.81567   -0.790014 3.82214
-0.721305 3.81567   -1.48823 3.28249
-0.721305 3.81567   5.13373 1.40719
-0.721305 3.81567   0.666094 1.0456
-0.349683 3.41122   0.958089 4.76479
-0.525222 3.91437   -2.31053 3.38939
-0.525222 3.91437   -1.10976 2.49867
5.25609 -0.0875507   -0.786959 3.48983
5.25609 -0.0875507   4.69766 -1.50446
-0.786959 3.48983   3.25883 7.22369
-0.786959 3.48983   -1.15148 3.13746
-0.786959 3.48983   1.71836 0.954965
-0.786959 3.48983   0.701406 1.88659
-0.583832 3.89832   1.53713 0.612847
-0.249599 3.63876   -1.52629 3.28709
-2.38988 5.72522   -0.872734 3.68934
2.37561 3.54943   2.39911 4.6198
2.37561 3.54943   2.95676 6.00723
2.37561 3.54943   4.33747 2.56052
2.37561 3.54943   -0.556181 1.03388
2.39911 4.6198   3.77628 5.51976
4.28496 -0.810489   1.16613 3.55881
-0.672242 1.53454   1.2644 3.53411
-0.672242 1.53454   -0.0897679 0.255592
1.2644 3.53411   1.19384 4.25393
1.2644 3.53411   3.34174 -0.00845872
1.43363 2.638   1.53465 3.98049
1.53465 3.98049   1.6744 6.07844
1.53465 3.98049   8.50861 -1.0896
1.53465 3.98049   0.553904 2.90943
1.05399 3.82514   0.359083 5.79499
4.18099 4.68921   1.47802 3.68736
1.47802 3.68736   1.88562 3.48357
7.38632 5.96433   1.19769 3.46032
1.19769 3.46032   3.07586 3.27637
-0.608586 0.901448   1.28292 3.62273
-0.608586 0.901448   -0.455081 -0.0580452
-0.608586 0.901448   -0.383697 0.110701
-0.608586 0.901448   0.905289 0.509073
2.27094 4.91536   1.37847 3.92176
1.37847 3.92176   -0.297991 2.12353
2.63964 3.47849   1.15392 3.45581
2.63964 3.47849   1.34915 4.76152
2.63964 3.47849   2.09928 3.78922
1.39562 3.39925   1.14938 3.63897
1.39562 3.39925   1.31051 3.97469
2.92001 5.08712   1.54918 4.00065
2.92001 5.08712   6.93949 5.54499
-0.630043 1.03159   1.56666 3.77489
-4.78026 3.82645   1.98296 5.30656
-4.78026 3.82645   -4.64456 3.78754
0.844289 3.03647   1.55114 5.05673
1.55114 5.05673   -1.95316 3.65085
7.60025 -4.60526   2.02414 5.12873
7.60025 -4.60526   6.18385 -4.44395
7.60025 -4.60526   3.94417 -4.71496
7.60025 -4.60526   4.21186 -6.5154
7.60025 -4.60526   6.60039 -6.16678
7.60025 -4.60526   9.94154 -5.58561
2.58641 4.40176   1.46596 5.16068
2.58641 4.40176   5.9918 3.4478
1.46596 5.16068   1.49059 5.55693
1.80688 4.98021   4.37283 6.4991
0.805343 4.90997   2.03554 5.01534
0.805343 4.90997   0.269311 5.24708
0.805343 4.90997   4.1551 6.72551
0.805343 4.90997   3.47648 6.58738
0.805343 4.90997   -1.85875 4.13564
0.805343 4.90997   -0.420086 1.46397
2.00655 4.32224   1.51588 5.07882
2.00655 4.32224   0.734926 5.48984
2.00655 4.32224   -4.47695 4.57555
2.00655 4.32224   1.3164 0.656219
2.04602 5.27505   3.68549 6.28517
6.43697 4.68166   1.57905 5.11124
6.43697 4.68166   7.38632 5.96433
6.43697 4.68166   3.80506 3.40005
1.78548 3.11115   2.20357 4.92129
1.89729 5.07005   4.44685 9.94412
1.58383 4.94692   2.06748 6.87128
-5.29707 4.19565   1.72627 4.6223
-5.29707 4.19565   -5.46145 4.91485
1.39282 5.16156   1.83835 4.56582
1.39282 5.16156   -1.3061 3.26112
1.39282 5.16156   0.887564 0.972621
2.33453 4.48565   3.2885 5.96496
2.33453 4.48565   -2.01144 4.41384
2.33453 4.48565   2.16015 4.01959
2.33453 4.48565   1.36131 0.656133
4.70785 2.06438   1.77591 4.548
8.6599 7.00016   1.64236 3.9421
8.6599 7.00016   4.46502 9.4085
8.6599 7.00016   8.39025 5.44181
1.64236 3.9421   0.723062 4.06602
1.64236 3.9421   -1.84804 3.68413
1.64236 3.9421   2.33916 3.35814
1.64236 3.9421   1.13955 3.22649
1.64236 3.9421   0.510197 0.801108
2.27 4.6232   3.14196 3.09495
0.319795 2.43878   2.39721 4.65483
0.319795 2.43878   -0.469323 1.93976
-1.57307 5.29039   1.59062 4.09034
2.46084 4.3687   2.26373 4.59718
2.26373 4.59718   2.13603 5.46278
1.59357 1.6427   2.5148 4.70093
1.59357 1.6427   2.25781 0.664302
3.574 -0.0969577   2.34053 4.35379
3.574 -0.0969577   2.56096 3.84109
2.34053 4.35379   1.33402 4.60559
-0.853861 -0.472016   1.81184 4.36822
-0.853861 -0.472016   3.31154 7.3105
-0.853861 -0.472016   3.53038 5.96391
-0.853861 -0.472016   3.25287 5.36704
-0.853861 -0.472016   2.02315 5.84325
-0.853861 -0.472016   2.92001 5.08712
-0.853861 -0.472016   7.75772 8.41634
-0.853861 -0.472016   4.02364 5.26911
-0.853861 -0.472016   3.68863 5.0843
-0.853861 -0.472016   2.57409 4.12487
-0.853861 -0.472016   2.16358 3.62031
-0.853861 -0.472016   2.17247 3.22476
-0.853861 -0.472016   2.06473 2.52076
-0.853861 -0.472016   2.2247 2.81395
-0.853861 -0.472016   2.14413 2.91149
-0.853861 -0.472016   2.36502 2.74051
-0.853861 -0.472016   1.47506 2.12662
-0.853861 -0.472016   -0.735368 -0.29927
-0.853861 -0.472016   -0.61499 -0.0871492
-0.853861 -0.472016   -0.618405 -0.0824667
-0.853861 -0.472016   -0.417767 0.0590304
-0.853861 -0.472016   0.331959 0.715037
-0.853861 -0.472016   0.365787 0.90756
-0.853861 -0.472016   -0.0591729 0.586057
-0.853861 -0.472016   -0.265162 0.329983
-0.853861 -0.472016   1.09493 1.89792
-0.853861 -0.472016   0.96992 2.28374
-0.853861 -0.472016   1.0943 2.16183
-0.853861 -0.472016   0.679708 2.26334
-0.853861 -0.472016   1.06384 1.50023
-0.853861 -0.472016   0.457908 1.00631
-0.853861 -0.472016   0.451114 1.23016
-0.853861 -0.472016   0.370901 1.38948
1.81184 4.36822   9.92777 1.1729
4.39388 -1.24349   1.62407 4.16483
4.39388 -1.24349   8.76552 -5.38575
4.58467 4.82492   1.2133 4.41341
4.58467 4.82492   5.19209 7.73161
4.58467 4.82492   2.51118 5.09362
4.58467 4.82492   5.6547 5.75066
4.58467 4.82492   4.13404 4.47892
4.58467 4.82492   4.17979 4.35769
-2.52759 5.72699   1.1566 4.05587
1.1566 4.05587   -0.136573 4.63306
1.1566 4.05587   -1.1195 2.65857
1.1566 4.05587   7.81937 3.88915
1.1566 4.05587   2.00279 0.807765
1.1566 4.05587   0.0868889 0.473764
2.00279 0.807765   1.28562 4.52029
1.52293 4.69535   5.3975 3.92134
-0.817427 -0.423431   1.54171 4.64491
-0.817427 -0.423431   1.82714 6.46426
-0.817427 -0.423431   4.87543 6.01241
-0.817427 -0.423431   4.18635 5.73793
-0.817427 -0.423431   3.42153 5.13811
-0.817427 -0.423431   1.28921 2.62612
-0.817427 -0.423431   -0.536782 -0.00618484
-0.817427 -0.423431   0.162793 0.587578
-0.817427 -0.423431   0.258069 2.62497
1.54171 4.64491   9.88481 -0.939585
2.04481 6.35804   1.29167 4.38775
2.04481 6.35804   7.73734 0.715989
1.49617 4.58881   2.15904 0.477017
0.805259 0.465028   1.24402 4.00209
1.32538 4.07184   0.507036 0.809744
-2.95585 4.72328   1.45144 4.52832
-2.95585 4.72328   -3.46217 3.975
1.45144 4.52832   3.57211 9.18996
1.45144 4.52832   3.6786 3.61584
1.49949 4.03049   0.521008 5.62891
3.20016 4.06474   1.43134 4.32844
1.43134 4.32844   0.525488 4.86183
1.43134 4.32844   3.3737 5.17688
1.43134 4.32844   1.67066 0.740458
1.40546 4.04498   6.37382 4.4293
1.19384 4.25393   7.1631 0.674702
8.24267 2.09219   1.4957 4.16299
2.16015 4.01959   1.44668 4.16788
2.16015 4.01959   6.58672 8.25354
2.16015 4.01959   6.97273 0.861199
5.71456 7.51447   1.53469 4.21879
5.71456 7.51447   7.3044 6.78738
5.71456 7.51447   9.97758 4.03175
0.0536006 4.47897   -0.724864 6.19176
0.0536006 4.47897   5.4271 3.07621
1.94014 1.42293   -0.808871 5.59384
1.94014 1.42293   0.867173 4.3279
1.94014 1.42293   5.2444 3.08133
1.94014 1.42293   -0.185893 0.502967
-1.05394 5.54083   -9.10868 1.81582
-1.05394 5.54083   7.52672 6.49566
-2.70672 5.75014   -0.848946 5.49079
-1.22672 6.21508   -2.80181 4.96749
3.72756 4.26802   -0.692831 5.97759
3.72756 4.26802   2.66278 6.27982
2.3199 3.17847   -1.17909 5.96263
-3.87165 3.95686   -0.935787 5.69233
-1.24302 5.96437   -2.11721 3.26943
-0.526836 5.89284   -0.809489 5.51813
-0.526836 5.89284   2.07596 5.78331
-1.02558 5.2176   -0.809726 5.82249
-1.02558 5.2176   -1.30657 6.39675
-1.52507 5.78043   -1.06122 5.80212
-8.94239 2.76586   -1.68104 4.68951
-8.94239 2.76586   -8.96237 2.9526
-8.94239 2.76586   -5.97485 1.63782
-8.94239 2.76586   -7.13735 0.715168
-8.94239 2.76586   -6.63686 0.99865
-8.94239 2.76586   -7.4771 2.85376
-8.94239 2.76586   -6.51996 3.18838
2.12125 1.82382   -1.1087 4.9866
2.12125 1.82382   -0.258451 1.34268
0.299203 5.11918   -1.41543 4.81865
0.299203 5.11918   0.382919 5.03749
0.299203 5.11918   2.20971 6.43441
-1.64609 4.71213   4.13398 9.92636
-1.64609 4.71213   4.91297 9.63373
3.83254 4.30493   -1.47752 4.89852
3.83254 4.30493   6.06357 9.95775
3.83254 4.30493   4.31749 5.32792
3.83254 4.30493   6.01184 5.08777
3.83254 4.30493   4.45871 3.93938
3.83254 4.30493   8.53233 0.986661
-1.47752 4.89852   -2.34168 3.50966
-1.47752 4.89852   -2.39024 5.38682
3.90834 5.81355   -1.52922 5.01518
3.90834 5.81355   4.64706 6.14734
3.90834 5.81355   3.30198 4.39268
-2.20575 5.9175   -2.89069 4.921
-2.14739 6.01287   -5.33064 4.3261
-1.74769 6.1995   -9.83823 3.23635
2.3081 2.89108   -1.99122 5.8971
-1.10432 4.95227   -2.02946 5.55281
-1.77206 6.09007   -2.7234 3.31936
-1.90159 6.44754   -5.49701 4.70276
1.24246 3.13294   -2.14489 6.32833
-2.14489 6.32833   0.3832 0.495268
2.09835 2.89628   -1.86508 5.20731
2.09835 2.89628   3.54402 6.31321
2.09835 2.89628   3.12773 6.33273
2.09835 2.89628   2.43276 3.29259
2.09835 2.89628   -0.459662 1.40073
-1.5429 5.0599   -3.78818 4.04515
-3.46439 3.99156   -1.84916 5.11617
-1.29687 5.71217   -1.57212 5.17914
2.73145 6.06469   -1.43809 5.20828
-1.43809 5.20828   -2.89837 3.72349
-1.07176 5.03683   -0.673556 5.22091
-1.29858 5.1039   -4.63108 4.52877
-0.900136 1.80038   -1.02558 5.2176
5.24015 9.92371   -1.43903 5.19682
0.0211547 4.4714   0.905041 4.62165
0.0211547 4.4714   -1.30424 2.90557
-1.03759 2.43594   0.0536006 4.47897
-1.03759 2.43594   -1.09138 2.39927
-1.03759 2.43594   -1.03583 3.11731
-2.41954 5.84313   0.494861 4.87201
-2.41954 5.84313   -7.23434 3.44647
-2.41954 5.84313   0.878653 1.90356
0.72291 4.55713   -0.218458 5.41338
2.9548 3.90955   0.383333 4.2607
2.9548 3.90955   3.06241 3.25956
0.383333 4.2607   4.38163 2.69054
-2.2096 3.60849   -0.155586 4.69707
-0.155586 4.69707   -0.513441 4.93493
-0.155586 4.69707   0.562334 0.946814
-0.155586 4.69707   1.35158 1.48862
0.18869 5.20188   0.185162 4.82071
0.185162 4.82071   2.69496 0.667159
-3.31813 3.3597   0.135004 4.97745
0.339683 4.90904   0.0400401 5.09988
0.339683 4.90904   -0.00602268 4.98994
0.339683 4.90904   3.20254 5.60181
0.339683 4.90904   2.63133 4.78229
2.30281 2.59149   0.55661 4.39118
2.30281 2.59149   6.04709 5.7193
2.30281 2.59149   2.67891 2.4111
2.30281 2.59149   2.3081 2.89108
2.30281 2.59149   3.72351 -0.331159
1.43003 1.32214   0.135301 4.35983
1.43003 1.32214   0.232369 0.743483
0.906624 4.34486   0.716423 4.81906
0.906624 4.34486   0.524794 4.49401
6.64138 3.83912   0.219611 4.88553
6.64138 3.83912   4.96895 6.96599
6.64138 3.83912   6.74112 2.82653
7.71162 -3.94803   -0.23148 4.66078
7.71162 -3.94803   4.83825 -2.94629
1.12728 4.77362   1.22028 5.22565
1.12728 4.77362   3.78248 8.13759
1.12728 4.77362   -5.52722 4.94604
1.12728 4.77362   7.91775 3.4073
1.12728 4.77362   4.999 3.82861
1.12728 4.77362   -0.282435 1.29912
1.05043 5.62201   0.719916 5.50659
0.808536 5.24198   2.63964 3.47849
0.808536 5.24198   2.57847 2.86286
2.03515 3.89209   0.65446 5.34731
2.03515 3.89209   5.13762 2.55354
2.03515 3.89209   4.70785 2.06438
2.03515 3.89209   1.54203 2.19337
0.938268 5.29928   4.12193 9.84622
0.592404 5.71317   3.38684 8.45609
0.764705 4.91562   -0.0322732 5.89484
0.540187 5.51236   -1.55467 3.18597
0.401484 5.14121   -1.31365 3.32394
2.72451 6.69023   0.705017 5.2932
2.72451 6.69023   9.85243 2.92439
2.72451 6.69023   4.54264 4.08583
0.958089 4.76479   0.0252894 0.387953
4.85144 8.14198   0.865023 5.34615
4.85144 8.14198   6.68029 5.08357
0.705873 5.23469   4.78371 0.418372
1.1264 1.94511   0.530125 5.49587
1.09096 4.93587   -1.25246 3.13269
3.27844 8.27053   0.748073 5.43939
3.27844 8.27053   4.26363 9.96315
1.38391 5.25007   0.862723 4.88378
1.06665 5.2046   0.88428 5.38935
1.06665 5.2046   1.62083 0.698351
-1.96597 3.20048   0.522435 5.27701
-1.96597 3.20048   -3.15816 4.81509
3.43645 3.67606   0.526234 5.56166
3.43645 3.67606   5.55348 6.24413
0.867173 4.3279   0.759995 4.40974
0.867173 4.3279   1.85936 0.932043
0.86004 4.63442   6.8279 -0.181693
1.01309 4.20617   -1.3011 2.78954
1.01309 4.20617   4.88554 0.338074
3.61626 5.495   0.941553 3.92398
9.11787 6.38668   0.652662 4.16299
9.11787 6.38668   6.01822 1.31681
5.46634 -1.18252   0.935119 4.06009
0.269311 5.24708   0.225599 5.45741
0.269311 5.24708   -3.05508 3.75999
0.269311 5.24708   4.01161 1.84705
3.5054 3.77856   -0.070443 5.46327
3.5054 3.77856   2.33281 0.722611
3.5054 3.77856   7.79291 -0.384987
-1.57767 2.84195   -0.000928596 5.09972
-1.57767 2.84195   1.23538 0.541336
-0.244416 4.92902   -1.37825 2.92366
0.072376 5.15609   -2.17191 3.49024
2.82889 0.357716   0.187968 5.17041
-2.78417 3.19896   0.336095 5.32816
-2.78417 3.19896   -2.74615 3.17782
3.80618 3.66564   -0.144763 5.17888
2.35237 5.20172   -0.668991 4.71482
2.35237 5.20172   -1.96992 3.64333
2.35237 5.20172   -0.151817 0.796909
-0.929317 4.82431   -1.85294 4.06566
-0.316205 4.81772   -0.626083 5.24962
-0.316205 4.81772   -0.398726 5.87731
-0.990512 5.06422   1.19936 2.0313
-0.990512 5.06422   5.75491 -1.22735
4.13906 -0.358853   -1.10432 4.95227
3.8212 4.44787   -0.839123 4.84068
-0.440839 4.73893   -3.5878 4.76748
-0.440839 4.73893   4.17972 3.60995
7.32287 3.04974   -0.57343 4.83309
2.69601 5.86171   -0.349595 5.24092
2.69601 5.86171   8.41519 4.81525
-1.6855 4.24358   -0.571977 4.95742
3.96676 3.85142   -0.677083 4.75476
3.96676 3.85142   3.15 7.09464
3.96676 3.85142   2.30281 2.59149
3.04389 8.00844   -0.479138 4.67896
3.04389 8.00844   3.10445 5.1707
3.04389 8.00844   6.03272 3.53031
4.35478 3.4573   -0.783323 5.15388
4.35478 3.4573   4.95764 3.80916
4.35478 3.4573   6.2421 3.22711
2.96553 3.0043   -0.618035 5.30914
2.96553 3.0043   9.61398 -0.986722
-4.06684 3.31023   -0.235408 5.68902
-4.06684 3.31023   1.55013 5.52845
-4.06684 3.31023   -5.35476 2.91318
0.375993 5.80261   6.59067 1.53574
4.08824 7.91817   -0.526836 5.89284
4.08824 7.91817   5.15888 7.55074
4.08824 7.91817   4.25107 8.29997
4.08824 7.91817   4.34736 6.0559
4.08824 7.91817   6.9821 7.95743
1.50183 3.18445   -0.331018 5.68023
1.50183 3.18445   0.892827 2.84892
1.50183 3.18445   0.878568 1.76061
-0.120912 6.19098   1.86409 6.31237
9.09763 0.347584   0.374731 5.79989
9.09763 0.347584   8.72913 6.37355
9.09763 0.347584   7.8462 5.06083
9.09763 0.347584   7.02602 2.127
9.09763 0.347584   7.35358 0.467151
-0.426493 5.63389   -1.51513 3.51992
-3.72118 3.78511   -0.417133 6.23501
-3.72118 3.78511   -4.87934 4.34184
-0.417133 6.23501   1.17289 5.71005
-0.417133 6.23501   -3.03503 4.91046
-2.82992 5.12065   -0.508026 5.87485
-2.82992 5.12065   -8.96541 2.65652
-2.82992 5.12065   -7.37646 2.72343
-2.82992 5.12065   0.952546 3.04213
2.57847 2.86286   -0.20192 6.19646
2.57847 2.86286   1.56884 3.56475
-0.30568 6.06393   4.99652 2.06755
-2.37075 5.3432   -0.226117 5.66757
2.81654 7.41478   0.355704 5.76611
-1.23835 3.55604   -0.181534 6.0398
-1.23835 3.55604   -1.15672 3.0439
-0.240778 5.93245   2.88962 3.60943
0.861705 0.35725   -0.0946549 5.50944
0.861705 0.35725   5.44425 2.69738
2.79385 0.273458   -0.448636 6.06919
2.79385 0.273458   2.98984 0.0938256
2.79385 0.273458   2.98996 0.0907793
2.79385 0.273458   2.41361 0.451631
2.79385 0.273458   1.66823 0.594417
5.73696 -0.307216   0.432244 5.84485
5.73696 -0.307216   9.81877 1.57926
5.73696 -0.307216   6.02129 -1.17129
1.33202 4.95273   4.84344 9.98269
1.22028 5.22565   -0.462426 1.88865
1.74687 2.47202   1.50903 5.47336
1.74687 2.47202   1.50962 2.57821
2.23093 3.69925   1.47608 5.62298
2.23093 3.69925   3.03687 4.3974
2.23093 3.69925   2.16854 2.48084
1.17289 5.71005   7.3384 5.77307
1.17289 5.71005   5.1299 3.48436
1.34834 5.75708   1.83061 5.65471
2.58209 5.23664   1.38391 5.25007
4.63586 6.92072   1.19211 5.66956
4.63586 6.92072   5.9173 8.35105
-0.469323 1.93976   1.41722 5.52327
5.24892 5.72795   1.10016 5.40946
5.24892 5.72795   3.16501 7.05992
1.39703 3.04136   0.800876 5.82901
3.35981 7.74617   0.868795 5.88885
0.646091 2.7115   1.13856 5.43181
0.646091 2.7115   -1.84828 3.22973
4.55641 4.14367   5.23759 7.10223
4.55641 4.14367   6.67606 3.21278
3.78248 8.13759   3.34957 8.19682
3.78248 8.13759   4.05128 9.88356
3.78248 8.13759   4.80825 9.93131
3.78248 8.13759   7.96672 -1.02304
3.38684 8.45609   3.478 8.12796
5.53392 2.27832   3.27844 8.27053
5.53392 2.27832   4.56589 -1.29866
2.98964 8.00704   3.35981 7.74617
3.66393 8.29499   4.04023 9.1998
6.4502 8.25186   3.39089 8.3647
4.28414 6.58281   3.31917 7.86334
4.28414 6.58281   7.97252 8.02233
3.31917 7.86334   -1.14522 2.7732
7.95279 1.50517   3.38709 8.36764
6.89901 0.94561   3.38929 7.85856
6.89901 0.94561   5.89221 6.33803
6.89901 0.94561   5.73165 -5.02648
6.89901 0.94561   4.87988 -6.86532
6.89901 0.94561   3.93335 2.23009
6.89901 0.94561   6.48516 2.83936
6.89901 0.94561   6.6173 -1.71564
6.89901 0.94561   4.59396 -1.22549
-0.822065 -0.382561   3.27562 7.85757
-0.822065 -0.382561   2.22642 2.03834
-0.822065 -0.382561   -0.79813 -0.422405
-0.822065 -0.382561   -0.602475 -0.23843
-0.822065 -0.382561   -0.705938 -0.326953
-0.822065 -0.382561   -0.539605 -0.185601
8.31323 3.31483   2.2141 7.15089
8.31323 3.31483   9.37122 2.11677
8.31323 3.31483   9.98298 4.8716
8.31323 3.31483   7.88704 4.296
2.5956 7.46927   -1.89533 3.61861
2.32278 6.32788   2.63489 7.07256
2.32278 6.32788   2.43142 6.18869
2.32278 6.32788   2.06639 6.71531
4.0641 7.06778   2.42552 7.42399
2.66278 6.27982   2.82193 7.42426
-1.46613 3.74779   2.75241 7.54077
9.18033 6.24728   2.81862 7.47092
9.18033 6.24728   9.1018 9.26045
9.18033 6.24728   9.57411 4.48439
9.18033 6.24728   9.9989 3.79209
9.18033 6.24728   9.31513 7.15688
9.18033 6.24728   9.89236 6.27969
9.18033 6.24728   9.87839 6.77982
3.62589 6.95628   9.97095 7.78252
3.33502 7.63723   3.80603 6.59256
2.97587 7.11582   9.20259 5.64871
3.97558 6.14804   3.51833 7.19019
3.97558 6.14804   3.57275 7.71754
3.97558 6.14804   2.19478 6.90441
3.97558 6.14804   4.86628 5.75676
3.51833 7.19019   3.49825 7.10429
3.51833 7.19019   6.37324 9.2219
3.51833 7.19019   7.14314 7.38082
5.65321 0.889855   3.00888 7.02012
7.10735 6.27549   3.55092 7.50861
3.55092 7.50861   5.86609 9.91256
3.55092 7.50861   5.40818 5.1952
4.1551 6.72551   3.37955 6.85752
4.1551 6.72551   4.04321 7.08531
4.1551 6.72551   4.24037 5.87292
4.1551 6.72551   5.69437 4.17117
4.04973 7.3101   2.29942 5.52684
0.485903 2.38498   3.70044 7.17379
-2.7674 3.65503   2.99812 7.58939
3.3737 5.17688   3.01883 6.93696
6.96186 7.39332   3.4458 7.43821
6.96186 7.39332   5.70019 7.12093
5.58268 7.30461   3.25291 6.93629
-2.56051 3.6228   4.03504 7.41403
3.78853 7.82486   3.14619 5.95471
7.03781 3.17712   3.98078 8.02749
7.03781 3.17712   5.62923 5.55986
7.03781 3.17712   3.31512 0.0310336
2.79547 5.13295   4.02789 7.92295
2.79547 5.13295   3.04788 5.13842
2.79547 5.13295   3.29901 0.961034
5.68311 2.00178   3.88885 7.90008
5.68311 2.00178   6.84658 4.4551
5.68311 2.00178   2.27428 2.85339
5.68311 2.00178   5.48631 2.08343
5.68311 2.00178   3.06057 0.472165
5.63829 8.66404   3.85723 7.73308
4.92544 6.83459   4.22746 7.31397
4.73406 6.66033   4.16246 7.8567
4.16246 7.8567   9.97661 4.66042
4.16246 7.8567   4.41971 2.97562
6.31041 4.71559   4.16392 7.52308
6.31041 4.71559   3.70417 9.1703
6.31041 4.71559   3.40082 8.93243
8.08468 6.74159   3.89757 7.70496
8.08468 6.74159   9.60222 5.32169
7.5661 3.07166   4.46574 7.62946
7.5661 3.07166   5.16308 6.65315
4.94008 7.68969   4.27756 7.44491
4.94008 7.68969   4.72823 7.41328
5.51537 6.88981   6.45943 6.4741
5.51537 6.88981   7.4891 4.40307
5.51537 6.88981   4.82762 -1.13827
6.91461 6.86182   5.40636 6.99604
6.91461 6.86182   5.54862 8.29358
6.91461 6.86182   5.56744 7.55849
6.91461 6.86182   4.31856 9.86426
6.91461 6.86182   5.97372 9.29907
6.91461 6.86182   6.23307 6.03869
6.91461 6.86182   3.18125 0.354479
6.91461 6.86182   7.95852 2.31291
1.75867 1.47557   5.10461 7.24129
2.01872 6.49668   5.26829 6.81968
5.26829 6.81968   6.39362 6.6726
-1.5131 2.69377   5.1972 7.18477
-1.5131 2.69377   -1.52205 2.67693
2.06712 3.49185   4.94223 7.03548
4.94223 7.03548   2.75856 1.37395
5.23699 7.68165   5.16418 7.15789
6.31061 -0.448561   5.50817 7.34422
6.31061 -0.448561   9.99328 3.77506
6.31061 -0.448561   5.71456 -3.91954
6.31061 -0.448561   9.96778 -1.8812
6.31061 -0.448561   4.01384 -0.80991
6.31061 -0.448561   6.50771 -0.0371601
6.31061 -0.448561   6.14928 0.133181
6.31061 -0.448561   8.12717 0.100463
6.31061 -0.448561   5.85119 -2.43787
5.50817 7.34422   4.768 6.70944
4.96895 6.96599   9.98047 7.0789
5.01357 2.36327   5.41976 6.76922
5.01357 2.36327   7.40172 6.6727
7.60049 6.00638   5.49094 7.0801
7.60049 6.00638   3.987 6.65237
7.60049 6.00638   9.58073 8.01651
7.60049 6.00638   6.31041 4.71559
7.60049 6.00638   8.76577 5.79076
7.60049 6.00638   9.66625 -0.313116
7.60049 6.00638   2.50842 2.56087
8.47427 3.37865   5.53615 6.91929
7.1648 7.2001   5.45433 8.01223
5.45215 7.90032   9.82925 4.42234
5.45037 7.8834   2.55595 5.14242
5.45037 7.8834   4.79591 9.99316
5.37165 7.9111   9.96929 9.57439
6.3248 8.22552   5.17906 7.56701
6.3248 8.22552   9.83211 9.53953
5.17906 7.56701   4.56152 6.37398
6.22159 6.51491   5.43893 7.72134
8.4139 2.85706   4.55966 7.44858
8.4139 2.85706   7.98833 2.59491
8.4139 2.85706   9.61393 2.15435
8.4139 2.85706   9.41736 5.24377
8.4139 2.85706   7.89743 5.32747
8.4139 2.85706   7.14002 3.4382
8.4139 2.85706   6.20942 3.07875
8.4139 2.85706   6.82314 0.220174
4.3336 7.96332   4.95557 7.42368
4.3336 7.96332   4.07919 9.3658
4.3336 7.96332   4.70505 8.07452
4.3336 7.96332   5.24892 5.72795
4.3336 7.96332   5.38122 4.54759
4.3336 7.96332   6.70131 4.59181
4.3336 7.96332   9.00948 6.16702
4.3336 7.96332   9.92578 4.93503
4.3336 7.96332   8.79577 5.74608
4.95557 7.42368   4.63586 6.92072
5.43157 3.95436   4.72506 7.56207
5.43157 3.95436   3.81162 5.56431
5.43157 3.95436   6.27631 9.87618
5.43157 3.95436   6.38348 4.41587
5.43157 3.95436   5.50278 3.7777
5.43157 3.95436   5.5082 3.9613
9.92639 3.3272   4.81368 7.59625
4.81368 7.59625   5.58268 7.30461
4.81368 7.59625   5.27014 8.95244
4.68963 6.98674   2.32557 6.67659
4.68963 6.98674   2.42149 3.85523
4.68963 6.98674   3.57361 3.07456
3.99573 3.54684   4.80504 7.20579
5.9707 2.96   5.0504 7.45579
5.9707 2.96   9.52348 -3.76643
3.97172 6.85024   4.94008 7.68969
9.48478 6.08213   4.86968 7.38175
9.48478 6.08213   9.93928 6.33502
9.48478 6.08213   9.47943 5.68581
9.48478 6.08213   6.29453 3.08755
-0.79813 -0.422405   4.85681 6.4737
-0.79813 -0.422405   3.91664 8.6889
-0.79813 -0.422405   2.46187 6.30025
-0.79813 -0.422405   3.45178 3.79827
-0.79813 -0.422405   4.74954 4.84736
-0.79813 -0.422405   -0.817427 -0.423431
-0.79813 -0.422405   -0.804989 -0.371495
-0.79813 -0.422405   -0.853861 -0.472016
-0.79813 -0.422405   -0.780725 -0.322
4.81466 6.58233   5.68192 4.58492
3.09366 5.89199   4.87151 6.96338
3.09366 5.89199   4.43713 8.60486
4.84696 6.89079   9.94524 2.2658
4.84696 6.89079   8.905 6.78196
4.91747 6.44903   3.3983 6.50708
4.91747 6.44903   3.7784 2.92991
4.91747 6.44903   4.16696 5.35531
5.52707 9.2671   4.73871 6.93195
5.52707 9.2671   5.86697 9.9358
5.52707 9.2671   5.75766 8.96351
5.52707 9.2671   5.37274 9.85866
7.35265 6.20508   4.92544 6.83459
6.59718 5.58213   4.92954 6.84494
4.57637 8.92491   4.61085 9.27179
4.57637 8.92491   8.71339 6.12698
4.16947 8.44155   4.42721 8.11481
-2.04118 4.7031   4.25192 8.31029
3.91664 8.6889   4.19746 8.98479
3.42153 5.13811   4.11518 8.5029
3.42153 5.13811   8.10184 8.52129
4.11518 8.5029   4.1605 8.5094
4.47125 8.28468   5.71547 6.80994
3.54402 6.31321   3.83513 8.49036
4.2375 8.74763   4.33407 8.40724
4.22236 9.84323   3.51778 8.61782
4.22236 9.84323   4.07816 9.98852
4.22236 9.84323   5.22655 9.98454
4.22236 9.84323   9.93596 7.50368
-4.3928 5.0912   3.70571 8.65477
3.65661 9.15027   4.52953 9.9104
3.75392 8.84396   9.94573 2.32797
3.40082 8.93243   7.7416 6.3779
7.45086 3.28167   3.77599 9.40735
7.45086 3.28167   9.98288 -2.59897
5.14758 5.7683   5.2631 8.16693
7.63706 6.01246   4.85144 8.14198
7.8967 6.48522   4.95958 8.42333
7.8967 6.48522   7.8546 6.41144
5.779 9.84679   4.31571 8.63512
5.779 9.84679   5.62352 9.99119
8.82187 8.65856   4.41726 9.12207
8.82187 8.65856   8.90336 8.26898
8.82187 8.65856   9.97154 9.42262
7.29874 6.94085   4.38297 8.66002
3.2885 5.96496   4.2375 8.74763
3.2885 5.96496   6.96171 0.0357239
5.50144 9.39885   4.59428 8.77968
4.01251 6.35994   2.14451 6.11275
4.01251 6.35994   9.33351 0.0199342
4.01251 6.35994   0.994474 3.08761
3.68962 6.80038   6.79092 5.65571
3.76929 6.89796   4.48327 9.81067
3.76929 6.89796   5.292 9.05845
3.76929 6.89796   -3.87411 4.86168
3.76929 6.89796   7.76834 4.11474
3.99689 6.50216   4.47213 6.33365
3.99689 6.50216   4.24901 6.24649
3.99689 6.50216   4.54757 5.70149
8.80783 6.94607   4.51795 6.49554
8.80783 6.94607   9.87124 2.78377
8.80783 6.94607   8.8278 7.14264
8.80783 6.94607   8.60975 6.55893
8.80783 6.94607   9.82969 5.79078
8.80783 6.94607   1.32592 3.2181
4.51795 6.49554   -0.86374 2.60185
4.51795 6.49554   0.478507 2.36763
5.29364 5.04854   3.91187 6.99729
5.29364 5.04854   9.97445 -0.500117
4.19024 6.24132   7.47396 0.0912338
4.64706 6.14734   6.70732 1.23905
4.47952 6.1573   5.47407 5.33948
3.27037 5.68957   4.36745 7.28944
3.27037 5.68957   -3.22677 4.15119
3.27037 5.68957   4.92824 4.88225
3.27037 5.68957   1.91237 0.65265
4.36745 7.28944   5.95778 9.88959
2.6474 4.69672   3.76814 6.72663
2.6474 4.69672   3.05249 4.98962
2.6474 4.69672   2.75656 4.65775
2.6474 4.69672   -1.00038 2.69938
2.6474 4.69672   1.21842 3.08331
2.6474 4.69672   7.28625 1.40237
0.399437 2.42798   3.43753 6.53515
0.399437 2.42798   1.30693 1.734
5.80789 6.8505   4.73406 6.66033
5.80789 6.8505   3.50436 4.90045
3.08749 -0.114082   3.97172 6.85024
3.08749 -0.114082   8.5956 6.74914
3.08749 -0.114082   9.49605 5.06182
3.08749 -0.114082   7.63886 -1.11667
3.08749 -0.114082   3.63782 1.25354
3.08749 -0.114082   2.06591 2.08273
3.08749 -0.114082   3.25282 0.577219
3.08749 -0.114082   2.2471 0.806466
3.08749 -0.114082   2.53965 1.25678
5.41846 3.61607   4.31831 6.11125
2.5399 3.31117   4.14483 6.41953
2.5399 3.31117   9.96442 -1.29159
2.5399 3.31117   3.84772 4.09753
7.05704 8.56193   8.63294 5.67901
3.0732 -0.0977048   5.71648 8.04138
3.0732 -0.0977048   8.19452 4.86088
3.0732 -0.0977048   4.55551 1.78597
3.0732 -0.0977048   3.08749 -0.114082
3.0732 -0.0977048   6.63921 1.06531
3.0732 -0.0977048   6.31061 -0.448561
5.71648 8.04138   5.9229 9.38036
9.97228 2.96143   6.45324 8.21551
8.93292 4.44329   6.05064 7.88263
8.93292 4.44329   9.9358 4.46643
8.93292 4.44329   8.81432 4.77366
8.93292 4.44329   9.01114 -2.47102
8.93292 4.44329   4.73295 2.94073
6.16954 8.14428   6.93058 8.16673
6.16954 8.14428   8.23645 7.81944
6.16954 8.14428   2.75417 4.55009
4.44822 5.18197   5.72949 8.02544
4.44822 5.18197   4.58824 5.3439
4.44822 5.18197   5.58591 3.6843
5.85246 8.06061   6.22758 8.02503
6.84856 7.92312   6.50419 8.02095
6.84856 7.92312   9.94979 8.01918
5.80413 9.56442   5.69537 8.24889
5.80413 9.56442   1.68984 6.09753
5.80413 9.56442   5.83984 9.92242
9.93332 3.29917   5.47575 8.05107
1.60584 0.40614   5.55698 7.70103
1.60584 0.40614   5.60395 8.95594
1.60584 0.40614   8.82187 8.65856
1.60584 0.40614   3.53231 2.09679
1.60584 0.40614   1.56765 0.403152
1.60584 0.40614   0.1306 1.96563
5.97036 6.43079   5.53162 8.03627
6.29647 5.48724   5.61724 7.65287
5.54862 8.29358   5.85863 6.43498
4.8501 9.04203   5.55879 7.73197
7.42953 7.78598   6.32294 8.28246
6.32294 8.28246   9.05427 8.31532
6.2286 5.82941   7.12085 8.48885
6.2286 5.82941   9.99943 3.56021
6.2286 5.82941   7.71671 4.15765
6.2286 5.82941   3.92019 3.06094
6.2286 5.82941   3.16257 4.58749
6.2286 5.82941   1.63996 2.25355
7.12085 8.48885   5.98266 9.87619
7.12085 8.48885   5.63613 5.50615
9.40787 8.16377   6.80648 8.41948
9.40787 8.16377   9.97673 7.56082
9.40787 8.16377   8.60453 7.41394
9.40787 8.16377   9.93796 7.21551
6.80648 8.41948   7.77059 7.21953
6.80648 8.41948   0.871205 0.916245
7.8001 7.58455   7.22743 8.47158
7.8001 7.58455   9.66253 9.8593
7.8001 7.58455   9.86409 9.03554
7.8001 7.58455   9.61288 9.00135
7.8001 7.58455   7.94488 7.2896
7.8001 7.58455   9.99802 4.79683
7.22743 8.47158   9.56199 9.98285
7.22743 8.47158   7.79062 7.72961
7.22743 8.47158   6.86339 5.78054
6.43656 8.40793   5.09033 9.87983
6.05077 9.04697   7.03398 8.6961
6.05077 9.04697   6.83225 9.02782
6.05077 9.04697   5.40367 5.80858
5.56697 6.08146   6.75958 8.763
5.56697 6.08146   5.4975 8.53458
5.56697 6.08146   3.46796 3.07884
6.71049 7.04949   6.47832 8.55464
6.71049 7.04949   4.76416 9.8506
6.71049 7.04949   6.52058 3.93858
6.71049 7.04949   6.84038 5.98942
6.71049 7.04949   -0.0324138 0.475511
6.47832 8.55464   3.27772 0.325651
6.53565 8.45759   9.96101 7.79781
5.63639 9.87571   6.7089 8.75102
6.93058 8.16673   4.69856 2.93607
3.09646 3.68489   7.02756 8.66166
8.23466 7.1806   6.93878 8.44335
8.23466 7.1806   3.5525 6.08043
7.50036 7.64046   6.59515 8.39292
7.50036 7.64046   5.99085 9.09018
7.50036 7.64046   9.98971 7.29772
-0.60123 1.5549   6.97122 8.22496
9.14975 8.2064   6.48416 9.35096
9.14975 8.2064   9.08455 8.25878
9.14975 8.2064   9.71061 9.18884
9.14975 8.2064   6.64421 6.33577
9.14975 8.2064   9.943 7.12007
6.83225 9.02782   9.93332 3.29917
6.26751 9.04978   9.25947 7.46134
6.26751 9.04978   9.9303 5.86994
6.80373 8.94655   9.06812 9.41765
5.39036 9.95654   6.3015 8.71637
9.71371 7.79549   6.26097 8.63664
9.71371 7.79549   9.9616 2.8249
9.28253 4.49385   6.4606 9.00378
5.50278 3.7777   6.33896 8.9075
5.50278 3.7777   9.87193 8.41532
5.50278 3.7777   9.95082 -1.69551
5.50278 3.7777   5.52589 3.87511
9.87189 9.95981   5.66752 7.22158
7.41092 6.94848   5.78673 7.61552
5.78673 7.61552   9.88509 4.2664
-0.733212 1.56816   6.12686 7.44032
-0.733212 1.56816   0.387778 0.369428
-0.733212 1.56816   -0.295418 1.98268
5.86658 1.49507   5.88303 7.38194
5.86658 1.49507   3.86742 -0.225455
5.86658 1.49507   6.81057 0.584936
5.88303 7.38194   6.66295 6.81155
9.01744 4.07209   6.08807 7.51954
9.01744 4.07209   6.72206 6.795
5.70019 7.12093   9.97744 9.56842
9.87878 2.01113   5.92326 7.55909
-6.29507 4.24753   2.35237 5.20172
6.2614 5.06369   3.75633 5.86251
8.9462 1.56217   3.97558 6.14804
8.9462 1.56217   9.99756 0.830225
8.9462 1.56217   9.89128 1.15474
8.9462 1.56217   9.8996 1.86765
8.9462 1.56217   9.99004 1.717
8.9462 1.56217   9.9434 2.70377
8.9462 1.56217   9.18618 2.27094
8.9462 1.56217   8.74147 2.03468
8.9462 1.56217   5.17621 5.84645
8.9462 1.56217   9.20849 6.87766
8.9462 1.56217   7.12414 -1.69086
8.9462 1.56217   9.99648 -3.87464
8.9462 1.56217   9.96387 -0.0566465
8.9462 1.56217   8.14995 -1.91417
8.9462 1.56217   5.32114 2.97537
8.9462 1.56217   9.09763 0.347584
8.9462 1.56217   8.6667 1.19284
3.74332 5.82875   6.93047 3.04618
3.74332 5.82875   0.960218 0.695105
9.60772 8.84807   3.48691 5.87726
9.60772 8.84807   9.78375 8.93024
9.60772 8.84807   9.91886 8.6235
9.60772 8.84807   6.23249 5.91106
5.13285 4.13493   3.81488 6.04211
5.13285 4.13493   9.89825 5.69148
5.13285 4.13493   9.96371 5.96965
5.13285 4.13493   7.05431 5.89472
5.13285 4.13493   7.37403 5.52307
5.13285 4.13493   9.97886 -0.594718
5.13285 4.13493   5.29893 2.85984
5.13285 4.13493   2.55522 1.56491
5.13285 4.13493   7.88681 -0.888984
4.53447 4.42307   3.90834 5.81355
4.53447 4.42307   9.9339 3.12947
4.53447 4.42307   5.00435 4.72662
4.53447 4.42307   9.86845 5.61728
4.53447 4.42307   4.2488 4.76476
4.87543 6.01241   3.77161 6.07657
4.87543 6.01241   4.87367 9.70008
4.87543 6.01241   7.0042 2.56319
4.18635 5.73793   3.61626 5.495
4.18635 5.73793   3.44073 5.64244
4.18635 5.73793   3.76126 5.82767
4.18635 5.73793   4.87923 5.68045
2.13603 5.46278   3.75418 5.92394
-1.52669 2.67603   3.82496 5.75449
-1.52669 2.67603   3.60151 4.68313
-1.52669 2.67603   2.86021 1.6937
-2.93586 5.4069   4.1386 5.93102
-2.93586 5.4069   3.64492 3.91346
2.57479 5.69357   3.09366 5.89199
2.57479 5.69357   4.47943 9.9461
2.57479 5.69357   5.96834 2.05842
5.98944 4.0281   3.18171 5.90727
5.98944 4.0281   6.00683 2.72718
5.98944 4.0281   5.00082 1.23731
3.18171 5.90727   9.86521 5.062
2.19106 6.26015   2.84778 5.60421
2.19106 6.26015   -1.72164 3.43066
2.19106 6.26015   2.88383 3.18358
2.95676 6.00723   3.01454 5.83051
2.95676 6.00723   2.87839 5.66774
2.95676 6.00723   3.96676 3.85142
3.11203 5.87603   4.21735 4.25809
6.4483 7.06909   2.99683 5.97944
6.4483 7.06909   4.97478 6.18489
5.66078 4.74579   3.29886 5.45163
5.66078 4.74579   9.89834 7.9628
5.66078 4.74579   8.11694 5.67179
3.29886 5.45163   3.57278 5.45005
3.29886 5.45163   2.76033 5.42081
3.29886 5.45163   5.80789 6.8505
3.9128 5.34456   3.51425 5.53901
3.9128 5.34456   -0.0853978 0.326949
3.22941 4.96588   3.4205 5.42482
3.22941 4.96588   5.53595 5.26337
6.21484 1.59106   3.36065 5.57006
6.21484 1.59106   6.02011 1.3912
6.49616 3.3974   3.53226 5.41966
6.49616 3.3974   9.89025 6.87864
-0.755732 -0.212908   3.30776 6.21268
-0.755732 -0.212908   2.27262 5.08399
-0.755732 -0.212908   -0.610185 -0.205575
-0.755732 -0.212908   -0.532617 -0.147123
1.66087 5.92157   -2.95585 4.72328
9.81648 8.67121   2.19106 6.26015
9.81648 8.67121   9.07968 8.91026
9.81648 8.67121   3.75242 1.89354
1.73143 6.23847   3.46156 4.78039
9.89765 2.21763   1.73473 6.2088
2.07596 5.78331   2.5289 6.04855
2.14567 3.67331   2.03646 6.41753
1.68984 6.09753   5.60774 9.82026
1.68984 6.09753   8.10671 0.806905
4.75267 -1.47658   1.70307 6.29802
4.75267 -1.47658   9.85624 -4.70648
1.85548 5.64212   -2.31985 5.8563
2.74187 5.33795   1.51689 5.95149
4.96975 3.17849   1.64335 6.13712
2.50913 5.88626   2.59259 5.74855
2.50913 5.88626   3.0473 6.64016
1.57319 6.02205   5.76915 9.77406
2.02343 6.01381   1.76324 6.11385
6.85388 2.09181   1.92334 6.12335
6.85388 2.09181   7.60313 3.47368
1.48524 3.2432   2.12996 5.90556
3.27549 4.42646   2.92174 4.8502
4.2488 4.76476   3.2847 5.10959
4.2488 4.76476   3.19257 4.86355
4.2488 4.76476   4.31541 4.36252
4.2488 4.76476   5.58943 1.19895
3.2847 5.10959   8.12499 5.61639
3.19207 4.80391   2.79547 5.13295
3.19207 4.80391   7.5012 8.11439
3.19207 4.80391   3.04986 2.30548
3.19207 4.80391   6.45193 1.66718
3.05249 4.98962   5.26735 1.50558
5.19501 2.47364   2.58209 5.23664
5.19501 2.47364   7.06096 -0.554235
2.75656 4.65775   4.72705 3.23677
7.56361 1.68031   3.13086 5.19378
7.56361 1.68031   9.95189 2.60765
7.56361 1.68031   9.82714 -0.677859
7.56361 1.68031   6.13785 -0.163249
7.56361 1.68031   7.70011 2.29897
9.52692 -2.1318   2.6234 5.0622
9.52692 -2.1318   9.97889 1.09812
9.52692 -2.1318   9.99536 -3.22066
9.52692 -2.1318   5.33737 -2.13232
2.6234 5.0622   2.42907 5.13003
3.74133 4.47414   2.66967 5.19894
3.74133 4.47414   4.41093 4.59443
3.0117 5.15129   2.46084 4.3687
2.40177 3.62136   2.91169 5.21571
3.43021 5.16529   3.25172 5.15967
3.97172 4.96361   2.77036 5.44933
-0.725931 2.09752   2.39899 5.19618
-0.725931 2.09752   0.663826 0.627521
8.81432 4.77366   2.32278 6.32788
2.46187 6.30025   3.89824 4.91323
4.35389 3.03024   2.61345 6.25519
4.35389 3.03024   4.80092 4.26225
4.35389 3.03024   4.84454 3.30242
4.35389 3.03024   1.42043 2.59275
2.61345 6.25519   -2.187 3.85777
2.58243 6.55173   2.56183 6.41249
9.63508 6.39318   3.13068 6.41008
9.63508 6.39318   6.12376 9.86268
9.63508 6.39318   8.65771 7.22369
2.09928 3.78922   2.73424 5.85961
6.0304 3.41766   3.12047 6.23009
6.0304 3.41766   6.2006 3.18556
3.3983 6.50708   4.3511 2.48458
2.62605 6.72668   -2.26823 4.66183
2.62605 6.72668   -1.09953 3.16011
5.57234 6.46376   2.79218 6.28903
5.57234 6.46376   5.89281 6.49642
5.57234 6.46376   5.33452 5.58617
5.57234 6.46376   9.89661 5.05906
5.57234 6.46376   6.87888 5.07645
5.57234 6.46376   4.49828 2.57221
3.59195 5.23229   3.36798 6.5068
5.69123 4.49044   4.09014 9.9929
4.10224 9.77209   4.24248 9.97085
8.76577 5.79076   4.19421 9.94687
8.76577 5.79076   9.97518 4.99997
2.13369 3.39998   4.03792 9.87492
2.13369 3.39998   5.43157 3.95436
2.13369 3.39998   4.50457 0.707686
2.13369 3.39998   2.07237 0.630249
2.13369 3.39998   2.66203 1.17336
7.03168 6.32124   4.27363 9.94688
7.03168 6.32124   7.02619 6.16938
7.03168 6.32124   3.95201 3.7623
4.13398 9.92636   4.9102 9.39428
7.50574 6.3307   4.04126 9.8578
7.50574 6.3307   8.76579 5.62793
4.5195 9.15371   4.1202 9.95037
8.15938 6.50481   4.45872 9.9802
8.15938 6.50481   8.15931 6.34107
8.15938 6.50481   8.49838 5.98507
8.15938 6.50481   8.04379 3.98569
5.2165 3.5272   4.66248 9.14123
5.2165 3.5272   6.89183 4.33518
5.2165 3.5272   6.06062 3.05288
5.2165 3.5272   8.15925 0.562354
-0.0315888 0.777816   4.69689 9.25495
-0.0315888 0.777816   2.12666 0.956629
-0.0315888 0.777816   -0.518633 0.0424429
8.25638 2.50509   4.5195 9.15371
8.25638 2.50509   9.98863 1.73752
8.25638 2.50509   8.61055 2.43069
8.25638 2.50509   9.37661 5.68096
8.25638 2.50509   7.90949 1.91679
5.93403 2.16589   4.58537 9.43965
5.93403 2.16589   6.74173 5.37836
5.93403 2.16589   8.12963 6.22754
9.09093 7.67015   4.60191 9.73406
9.09093 7.67015   8.80783 6.94607
9.09093 7.67015   9.99749 6.88502
2.82266 4.06605   4.80103 9.95091
2.82266 4.06605   8.59585 -1.74468
2.82266 4.06605   6.21396 3.52037
6.00241 5.83968   4.72697 9.68274
6.00241 5.83968   5.34028 6.12846
4.72697 9.68274   4.48118 9.93601
5.08309 8.72071   4.66346 9.90499
8.89086 4.90032   4.77662 9.9919
8.89086 4.90032   5.52057 9.85191
8.89086 4.90032   9.031 5.06727
8.89086 4.90032   7.2912 2.80896
5.1444 9.18798   4.81979 9.98596
5.1444 9.18798   5.39434 9.96759
4.54793 9.93843   5.97564 7.12314
-1.3061 3.26112   3.94842 9.61786
-1.3061 3.26112   0.942457 0.88982
9.07452 7.46749   4.36038 9.34552
9.07452 7.46749   9.97723 8.57289
9.07452 7.46749   9.86532 7.29346
9.07452 7.46749   9.8684 5.34624
5.91064 9.8148   5.86025 9.96798
6.11346 9.8633   8.29808 8.24115
6.12376 9.86268   6.05302 9.96183
6.12376 9.86268   5.98029 9.9994
6.06227 9.88445   6.10927 9.96194
6.85877 -0.047865   6.07941 9.4995
6.85877 -0.047865   9.92068 -4.13634
6.35961 9.56768   5.75635 9.96197
5.83984 9.92242   9.92416 8.0706
6.89185 7.07061   6.19639 9.84985
7.61855 6.67065   5.89936 9.96071
7.61855 6.67065   7.8967 6.48522
6.56267 7.57924   6.12122 9.96192
6.56267 7.57924   9.93162 9.42233
6.56267 7.57924   9.86311 5.88089
6.56267 7.57924   5.63701 0.793309
6.56267 7.57924   8.80668 1.6008
5.87138 9.68581   9.88496 9.05903
8.18806 5.65602   6.19132 9.90682
8.18806 5.65602   9.97512 4.13391
5.65726 6.18026   6.27891 9.87795
6.03809 9.36879   6.12908 9.88531
7.3049 6.5567   5.57973 8.79146
7.3049 6.5567   5.73776 9.94313
7.3049 6.5567   9.08432 9.2767
7.3049 6.5567   6.91461 6.86182
7.3049 6.5567   9.98121 0.579148
5.71982 9.1549   5.44764 9.94553
5.71982 9.1549   5.12695 9.95053
5.71982 9.1549   6.43843 4.34576
5.71982 9.1549   9.82833 5.01572
5.71982 9.1549   2.68266 2.35664
5.67765 3.65601   5.44341 8.68104
5.67765 3.65601   5.98944 4.0281
5.67765 3.65601   9.07452 7.46749
5.67765 3.65601   5.69944 3.64652
5.44341 8.68104   5.12708 9.92275
5.292 9.05845   8.88957 6.47388
5.292 9.05845   2.44143 1.0994
5.292 9.05845   7.39127 1.92623
5.60395 8.95594   9.17895 8.56958
4.91712 8.81588   9.94057 5.76751
7.45651 4.78238   5.08309 8.72071
7.45651 4.78238   5.78756 6.14447
7.45651 4.78238   7.89886 3.50685
7.45651 4.78238   9.92292 6.9913
7.45651 4.78238   7.46552 4.64428
7.45651 4.78238   7.61639 5.26097
7.45651 4.78238   7.29336 4.60704
8.68299 5.18621   5.28546 9.67871
8.68299 5.18621   9.99566 7.78221
8.68299 5.18621   9.92937 4.29495
8.68299 5.18621   9.83228 4.3627
8.68299 5.18621   9.92099 3.69522
8.68299 5.18621   9.91575 4.87589
8.68299 5.18621   9.90255 4.91145
8.68299 5.18621   9.98873 4.807
8.68299 5.18621   9.91973 6.79705
8.68299 5.18621   9.95451 5.73997
8.68299 5.18621   8.40652 5.62108
8.68299 5.18621   7.88636 6.06199
8.68299 5.18621   2.05249 2.78147
8.68299 5.18621   7.46295 2.60584
5.52057 9.85191   5.18534 9.99964
5.63433 9.99637   5.71848 9.99861
5.37274 9.85866   4.99542 3.89996
7.80681 7.11878   5.5525 9.96733
7.80681 7.11878   9.69753 9.91799
7.80681 7.11878   6.73896 6.04452
7.80681 7.11878   7.65813 7.3141
7.80681 7.11878   9.18033 6.24728
6.98437 4.82613   5.63639 9.87571
6.98437 4.82613   9.98863 1.74117
6.98437 4.82613   9.85643 4.20882
6.98437 4.82613   5.67765 3.65601
6.98437 4.82613   6.79493 1.64504
7.29165 7.0996   5.30373 9.94818
7.29165 7.0996   7.0496 5.76044
6.29781 5.65489   5.25483 9.96455
6.29781 5.65489   4.42162 5.55703
8.8058 6.66259   5.24015 9.92371
8.8058 6.66259   7.23614 8.01529
5.46211 9.19454   5.28375 9.94415
6.70995 6.96322   5.06066 9.27722
6.70995 6.96322   6.89185 7.07061
6.70995 6.96322   9.61015 5.46404
4.87367 9.70008   4.91179 9.44929
8.15931 6.34107   4.85936 9.92948
8.15931 6.34107   9.25963 8.05042
8.15931 6.34107   9.95234 8.37751
8.91411 4.77181   5.02055 9.88258
8.91411 4.77181   9.60392 4.84175
0.892827 2.84892   5.13649 9.94462
9.89526 5.7149   5.81882 9.5528
5.81882 9.5528   9.03353 5.60636
5.64605 9.5232   9.8533 7.58425
-5.53002 1.82023   -5.56061 1.71554
-5.53002 1.82023   -5.58307 1.66568
-5.53002 1.82023   -5.3571 3.32302
-5.53002 1.82023   -4.2623 5.20853
-2.46986 3.50099   -2.54418 3.41828
-2.46986 3.50099   -2.56027 3.45012
-2.54418 3.41828   -2.36582 3.33615
-2.19195 3.49476   -2.10072 3.39708
-2.19195 3.49476   2.06467 0.641835
-2.10072 3.39708   -2.72351 3.97936
-2.10072 3.39708   -2.56051 3.6228
-1.94652 3.52769   -1.27367 2.89139
-1.79069 4.11935   -2.03761 3.81014
-1.85294 4.06566   -1.92841 3.34406
-2.28606 3.42309   -2.45394 3.25126
-3.61015 5.01937   -2.2112 3.37766
-3.61015 5.01937   -7.79282 1.38813
-3.61015 5.01937   -3.03632 4.83576
-3.61015 5.01937   -4.3928 5.0912
-2.75401 4.18842   -2.04491 3.64005
-2.75401 4.18842   -3.32917 4.86919
-2.80882 3.56288   -2.28142 3.79105
-2.80882 3.56288   -2.82403 3.86228
-2.17191 3.49024   -3.27974 5.25527
-3.15816 4.81509   -2.18819 3.47651
-3.15816 4.81509   -3.46517 4.51314
-2.187 3.85777   -2.42528 3.9726
-3.00125 3.97642   -3.28394 3.57359
-3.00125 3.97642   -2.765 3.47916
-3.00125 3.97642   -2.99898 3.57817
-3.18316 3.71777   -3.33685 3.57311
-6.86048 4.16808   -3.63017 3.06845
-6.86048 4.16808   -8.03072 3.65385
-2.69809 4.17709   -2.45836 3.78613
-2.69809 4.17709   -2.41954 5.84313
-2.69809 4.17709   -7.04584 3.61184
-2.91485 3.96698   -2.28416 4.21218
-3.08705 3.86675   -3.0065 3.75677
0.0859564 1.00974   -2.31671 3.9154
-2.31671 3.9154   -2.53518 3.44857
-2.31671 3.9154   2.54243 3.77259
-2.67589 4.01675   -2.7674 3.65503
-3.47987 4.5455   -2.38938 3.92827
-3.47987 4.5455   -6.70855 3.02664
-3.47987 4.5455   -3.13415 3.87594
-3.47987 4.5455   3.2603 3.3863
-4.34426 4.69383   -2.75557 4.08583
-4.34426 4.69383   -6.36103 3.30932
-5.94472 3.35354   -2.36107 4.06895
-3.06815 4.29806   -2.51228 3.97956
-3.06815 4.29806   -4.64692 5.1073
-3.06815 4.29806   3.06191 3.34339
-2.72281 3.51589   -1.51806 3.80932
-3.15476 3.75523   -3.76461 3.55188
-3.15476 3.75523   -2.96637 5.613
-2.92111 4.54419   -3.0131 3.42168
-2.92111 4.54419   -2.99768 4.29998
1.86001 3.06255   -2.45867 3.50035
1.86001 3.06255   2.4456 2.90095
1.86001 3.06255   6.85103 1.56358
1.86001 3.06255   0.577088 0.492711
-2.44132 3.68428   -3.55532 4.75044
-2.91083 3.24578   -1.11948 3.20285
-2.87544 4.46409   -2.46991 3.64133
-2.67145 5.36824   -2.45829 3.63424
-2.67145 5.36824   -3.46636 5.43265
2.08294 2.02105   -1.03759 2.43594
2.08294 2.02105   4.90406 5.10482
2.08294 2.02105   1.71019 1.63692
2.08294 2.02105   0.26965 0.307888
-0.0504255 2.08673   -0.803005 1.85653
-0.0504255 2.08673   -0.779338 1.8686
-0.0504255 2.08673   -0.620604 0.0596986
-0.0504255 2.08673   -0.437494 0.166175
-0.0504255 2.08673   1.41062 0.570714
-0.0504255 2.08673   -0.631267 1.32689
-0.0504255 2.08673   -0.0806527 1.98551
-0.0504255 2.08673   -0.0358231 2.23137
-0.567548 2.10982   5.77884 3.36609
-0.874977 2.5295   -1.16724 2.83456
-0.874977 2.5295   3.48304 4.4105
-0.0340706 1.73751   -1.13328 2.51422
-0.0340706 1.73751   -0.526612 0.784209
3.81206 4.50183   -0.660566 2.28689
-0.45976 -0.126481   -0.547157 2.13866
-0.45976 -0.126481   -0.244519 0.181669
-0.45976 -0.126481   -0.586227 -0.0826212
-0.547157 2.13866   -0.771546 2.05746
-0.547157 2.13866   0.618957 0.639214
6.54426 5.77193   -0.871266 2.3086
6.54426 5.77193   6.36252 5.96692
-0.850837 2.00366   0.0349478 1.73988
-0.752597 1.99253   8.23772 5.84518
-0.752597 1.99253   -0.784561 1.82159
-0.86374 2.60185   0.596942 2.89755
0.112721 1.96216   -0.883889 2.10324
0.639956 2.26079   -0.912353 2.18953
5.48163 1.49984   -0.583451 2.2728
1.24849 0.307082   -1.24149 2.47996
1.24849 0.307082   8.4945 6.24833
1.24849 0.307082   0.287979 0.840292
1.24849 0.307082   0.161148 0.787733
1.24849 0.307082   -0.478087 1.23405
3.35254 3.50436   -0.610936 2.12154
3.35254 3.50436   5.37442 5.43745
3.35254 3.50436   4.10901 4.08689
-4.48284 3.30052   -2.04118 4.7031
-4.48284 3.30052   -5.32809 3.88902
-4.48284 3.30052   -4.46087 4.86899
1.05512 0.788976   -2.58207 4.39801
1.05512 0.788976   1.46112 1.21878
-2.07435 4.0838   -2.18048 4.94098
-2.07435 4.0838   -9.7216 2.79905
-2.07435 4.0838   2.61742 0.52288
-2.14241 5.25856   -3.49484 3.96573
-3.1936 3.97076   -2.36888 4.65486
-1.85875 4.13564   2.44027 0.690411
6.52098 6.20402   -2.46054 4.61444
6.52098 6.20402   3.01407 4.39194
2.96701 2.85059   -2.15976 5.04923
2.96701 2.85059   4.18422 0.789494
2.96701 2.85059   6.11041 1.43253
-2.15976 5.04923   -4.70582 4.89919
2.48148 1.88599   -1.92682 5.00784
-2.99768 4.29998   -2.4724 4.18265
-2.94676 4.6114   -2.24229 4.73196
-2.94676 4.6114   -3.71277 3.45848
-7.01998 4.59036   -2.55888 4.60975
5.53426 0.0122557   -1.99672 4.98748
5.53426 0.0122557   9.85395 -4.34404
5.53426 0.0122557   5.1528 0.351
5.53426 0.0122557   2.9386 0.927558
1.93379 3.7383   -1.67284 4.48691
-1.45811 3.1262   -3.18698 4.66866
-1.48823 3.28249   -3.85574 4.3298
-1.51513 3.51992   -1.48319 3.38148
-1.51513 3.51992   -1.73773 3.48824
-1.51513 3.51992   -1.62071 3.68074
-1.20575 3.17167   -1.48292 3.31198
2.45928 0.732479   -1.23835 3.55604
-1.42988 3.09177   -1.13149 2.82745
3.16257 4.58749   -1.52638 3.32577
3.16257 4.58749   4.21924 -0.71596
-0.931319 2.93744   1.68591 2.30271
-0.931319 2.93744   0.174164 1.22844
-1.10117 2.74781   -1.30001 2.79589
-1.10117 2.74781   6.46963 -0.536143
-1.30001 2.79589   1.59357 1.6427
2.4456 2.90095   -1.17143 2.7139
1.19936 2.0313   -1.1235 2.74212
1.19936 2.0313   1.33079 2.19815
0.493839 1.46881   -1.01502 2.93613
-1.42492 3.98157   6.40622 5.48641
4.96052 3.913   -1.63765 3.24548
4.96052 3.913   9.92097 7.55483
4.96052 3.913   4.30911 0.338774
4.96052 3.913   2.30101 0.528213
-9.10624 4.01762   -9.93411 3.57449
-9.10624 4.01762   -7.31106 0.63077
-4.16684 3.31025   -8.40149 3.54221
-4.16684 3.31025   -8.0924 2.51699
-4.16684 3.31025   -4.31047 3.43463
-4.16684 3.31025   -4.04677 3.34046
-4.16684 3.31025   -4.06684 3.31023
-4.16684 3.31025   -5.01793 2.99331
-4.16684 3.31025   -2.52759 5.72699
-8.29927 3.48429   -8.6577 3.28654
-8.55651 3.57354   -9.82638 3.39501
-5.57471 2.83842   -8.33542 3.84531
-7.65312 3.70508   -8.16642 4.25585
-7.25807 2.31124   -8.40748 3.44402
-7.25807 2.31124   -9.1925 1.34632
-7.25807 2.31124   -6.30035 1.86666
-7.25807 2.31124   -6.73662 1.58357
-7.25807 2.31124   -6.70914 1.55249
-7.25807 2.31124   -6.44493 1.58986
-7.25807 2.31124   -8.24152 1.69333
-5.36167 2.196   -9.88035 3.69029
-5.36167 2.196   -5.26255 2.21078
-7.82553 1.73446   -9.96708 3.60819
-7.82553 1.73446   -7.74882 3.71913
-9.18873 3.90438   -9.93416 3.59862
-9.64684 3.63793   -9.8914 3.75513
-9.27156 3.46123   -9.95866 3.73852
-9.46338 3.61914   -9.79673 2.36331
-9.46338 3.61914   -6.58953 1.90496
-9.09475 3.82645   -9.98972 2.85641
-9.00415 4.07898   -5.28217 2.94376
-6.36068 1.59039   -9.14169 3.50367
-6.36068 1.59039   -5.6723 2.87132
-8.71616 3.1777   -7.7582 3.90958
-8.71616 3.1777   -6.33303 4.15463
-9.53611 2.66868   -8.83592 3.13198
-9.53611 2.66868   -9.85409 2.41854
-9.53611 2.66868   -9.9728 3.06787
-9.53611 2.66868   -7.89154 0.770705
-8.49903 2.9836   -9.045 3.20666
-8.49903 2.9836   -5.16186 3.82
-7.29604 1.96956   -9.30286 3.16932
-7.29604 1.96956   -6.65659 0.994662
-8.66159 1.37483   -6.17295 1.57693
-8.5142 2.08535   -7.33603 0.851401
-8.91715 1.96031   -7.48341 0.105862
-7.04438 2.07165   -8.2003 2.14368
-9.09059 1.9305   -9.87465 2.36033
-9.38283 1.85959   -9.49979 1.60021
-9.38283 1.85959   -9.96232 3.53861
-7.12535 3.46573   -8.34944 1.99345
-9.29509 2.86551   -8.27245 2.22169
-6.69822 1.31429   -8.75427 1.73632
-9.91967 3.03058   -9.04416 1.77047
-8.27243 3.06079   -7.85801 3.01114
-8.27243 3.06079   -8.29955 3.68908
-8.27243 3.06079   -9.80837 3.42741
-8.16018 3.77801   -4.43559 4.99489
-7.36171 2.13789   -8.49903 2.9836
-7.36171 2.13789   -8.87834 2.43387
-7.36171 2.13789   -7.22244 1.98045
-8.33338 3.46566   -6.01565 1.10309
-6.00957 3.01877   -8.17793 3.3023
-5.92123 3.34002   -8.11103 3.90733
-5.92123 3.34002   -7.80418 1.13774
-5.92123 3.34002   -5.92609 2.69112
-5.92123 3.34002   -5.74122 3.04553
-7.9366 3.24063   -5.04541 3.1751
-6.56826 4.08138   -8.34967 2.93424
-8.0924 2.51699   -9.89238 2.89484
-8.0924 2.51699   -6.69822 1.31429
-8.0924 2.51699   -7.73537 1.71087
-8.0924 2.51699   -7.51782 0.668362
-8.22425 2.77971   -7.72732 2.35525
-8.64491 2.57423   -8.32316 2.3637
-8.32316 2.3637   -8.0138 2.12111
-7.99693 2.61408   -7.79282 2.24749
-5.9924 4.36279   -7.71775 2.74807
-6.50048 3.18087   -7.86682 4.38129
-6.50048 3.18087   -4.69411 3.45636
-7.86682 4.38129   -5.66957 2.16942
-7.4064 3.42029   -6.24944 1.48632
-7.5115 3.75244   -7.50645 3.70162
-4.36038 3.37507   -7.56713 2.95448
-6.78854 3.52307   -7.48129 3.40887
-6.78854 3.52307   -5.9924 4.36279
-7.55683 3.27336   -7.79419 3.4066
-7.65464 3.39349   -6.74559 0.711108
-7.69187 3.64477   -7.65312 3.70508
-7.48495 3.26293   -7.5521 2.89334
-8.60527 2.58622   -9.92828 2.55895
-8.60527 2.58622   -9.92226 2.78826
-9.92828 2.55895   -9.9881 2.03791
-7.44068 0.419134   -9.91354 2.9264
-7.44068 0.419134   -8.15137 1.7257
-9.91354 2.9264   -9.99435 3.03566
-8.24584 0.992605   -9.9333 2.83995
-8.24584 0.992605   -7.95043 0.776085
-8.24584 0.992605   -8.1966 0.927015
-8.24584 0.992605   -8.14152 1.24948
-9.7216 2.79905   -8.05011 0.533384
-7.52334 2.10853   -9.8768 2.89417
-7.52334 2.10853   -6.61373 1.3666
-9.20157 2.67854   -9.92962 1.98936
-9.20157 2.67854   -9.85734 3.35426
-5.55076 3.42364   -9.94276 1.99855
-5.55076 3.42364   -6.35977 1.90334
-5.55076 3.42364   -6.70009 2.73022
-5.55076 3.42364   -4.89703 2.87777
-5.55076 3.42364   -5.22406 2.78335
-9.45327 2.15396   -9.99081 2.12593
-9.45327 2.15396   -9.95237 2.52322
-9.45327 2.15396   -5.81406 1.28068
-9.45327 2.15396   -6.31146 0.955892
-6.0349 1.04999   -9.86068 2.1929
-9.95477 2.15189   -7.121 0.462238
-7.16806 3.13917   -9.99432 2.07303
-7.16806 3.13917   -5.60303 2.68031
-5.87809 2.77095   -9.86187 2.02826
-9.86187 2.02826   -8.17305 1.5395
-9.98197 2.38158   -7.74112 0.439518
-9.92756 2.35739   -8.65813 0.816662
-7.33066 0.394684   -9.98232 2.4079
-9.0956 2.91891   -9.96622 2.43422
-9.0956 2.91891   -9.92911 3.10493
-9.0956 2.91891   -9.45327 2.15396
-9.0956 2.91891   -6.2117 1.00724
-5.82266 1.64819   -8.88657 2.17599
-9.17221 2.53601   -9.3795 2.1428
-9.12066 2.69031   -6.60029 0.989276
-9.95623 3.41734   -7.14917 0.657524
-9.83973 3.30449   -9.97313 3.46747
-9.80837 3.42741   -9.99522 3.42281
-6.92448 2.78077   -9.97643 3.53709
-9.96201 3.27125   -6.27997 2.99538
-9.56946 3.10927   -5.50363 2.64433
-9.22495 2.4913   -6.41213 4.51815
-5.86001 0.992838   -5.80092 1.00424
-6.85003 1.69348   -6.39491 2.02374
-6.11596 1.76957   -6.20317 2.20345
-6.11596 1.76957   -6.0483 1.81218
-5.69032 2.9357   -5.73474 1.60921
-5.91565 1.23033   -5.73119 1.75468
-6.36493 2.3372   -5.64963 1.73899
-6.58953 1.90496   -6.42396 1.91238
-6.42396 1.91238   -6.56218 1.73519
-6.17295 1.57693   -6.68785 1.5659
-6.91746 2.20959   -6.13825 1.74887
-6.91746 2.20959   -6.20873 1.79804
-6.20873 1.79804   -5.89776 2.07154
-7.72732 2.35525   -6.33156 1.7165
-5.8589 3.4475   -5.85576 1.79379
-5.85576 1.79379   -6.00211 1.82885
-6.0483 1.81218   -7.291 2.2223
-6.82638 1.11395   -6.03849 1.70537
-6.11547 1.87971   -6.39979 1.41602
-7.291 2.2223   -6.14052 1.97682
-7.291 2.2223   -6.20393 1.89724
-6.86258 0.898022   -6.68582 0.804081
-6.50494 0.832908   -5.91565 1.23033
-5.62217 4.13504   -7.03393 1.08575
-5.62217 4.13504   -7.12535 3.46573
-7.4771 2.85376   -7.1491 0.799486
-7.4771 2.85376   -7.8127 0.553644
-7.4771 2.85376   -7.63062 1.04863
-7.121 0.462238   -7.13768 0.307926
-6.74559 0.711108   -7.54702 0.456721
-9.57941 -3.28216   -6.87013 0.650933
-5.72258 1.3662   -5.97495 1.01823
-5.6076 2.09672   -6.17118 1.25939
-6.12309 1.34822   -6.58188 2.12945
-7.29202 2.54461   -6.27156 1.32312
-7.29202 2.54461   -5.78553 3.13039
-6.04942 0.992933   -5.90259 1.13355
-6.3584 2.68689   -5.77774 1.05674
-6.82155 2.03273   -6.8604 1.44297
-6.82155 2.03273   -6.8611 1.48582
-6.82155 2.03273   -6.47435 1.59459
-6.82155 2.03273   -5.80207 3.4992
-6.75353 1.19016   -6.63863 1.23707
-7.10761 1.37742   -6.45749 1.45247
-7.10761 1.37742   -8.06153 1.93365
-7.84576 1.74158   -6.618 1.61545
-7.84576 1.74158   -7.48799 1.41434
-6.89745 1.56397   -7.07293 1.78623
-6.24944 1.48632   -7.3301 1.47486
-6.29963 1.43078   -6.95419 3.57651
-6.96702 2.1105   -6.29453 1.42094
-6.96702 2.1105   -8.54991 1.2522
-6.45749 1.45247   -8.46088 1.21601
-5.46034 2.82134   -6.53569 1.50552
-6.61579 1.80455   -6.80686 2.19371
-6.61579 1.80455   -5.10976 2.33554
-6.52341 1.19609   -6.45193 1.25809
-7.3796 1.17356   -7.52334 2.10853
-6.27997 2.99538   -6.11036 2.61411
-6.70855 3.02664   -5.64757 3.09986
-7.21092 0.589249   -6.68912 2.79626
-6.68912 2.79626   -5.46955 2.93486
-6.6634 3.01986   -4.99113 4.74366
-6.6634 3.01986   -5.93299 4.20061
-6.70009 2.73022   -7.56533 4.20741
-6.12976 2.72637   -6.5684 2.74092
-6.12976 2.72637   -5.62748 2.72595
-6.12976 2.72637   -5.97745 2.26109
-8.43518 1.01321   -6.57278 2.67833
-3.46636 5.43265   -7.84022 2.29755
-3.46636 5.43265   -3.04148 4.56696
-4.73047 3.67815   -6.55182 2.15963
-6.64416 2.20071   -6.0901 3.00013
-7.78224 0.719223   -6.97713 1.82039
-7.78224 0.719223   -7.70384 1.14988
-6.93879 2.15464   -7.45138 0.19887
-4.47695 4.57555   -7.0114 2.29455
-4.47695 4.57555   -3.09393 3.9179
-4.47695 4.57555   -4.49112 3.58347
-4.47695 4.57555   -4.09808 4.69274
-7.74112 0.439518   -7.56587 0.449243
-7.89154 0.770705   -8.09152 0.633626
-7.93742 0.430663   -7.1788 0.38529
-7.56855 0.574218   -7.68624 0.869265
-7.31106 0.63077   -7.32232 0.528681
-8.261 0.346473   -7.57969 -0.261899
-8.261 0.346473   -4.09644 4.63218
-6.05617 2.96349   -8.38866 0.364883
-8.15137 1.7257   -8.18247 1.72793
-7.94138 1.43141   -8.44078 1.15902
-7.57067 4.46551   -7.29799 0.939771
-7.57067 4.46551   -5.29952 2.90513
-7.57067 4.46551   -3.40156 3.5659
-7.57067 4.46551   1.48437 3.40005
-5.69336 2.55186   -5.63904 2.39216
-5.69336 2.55186   -5.53355 2.58231
-7.35696 4.25544   -5.55295 2.36503
-7.35696 4.25544   -7.02044 4.44728
-5.81712 2.27759   -5.63901 2.13991
-5.81712 2.27759   -5.69826 4.72565
-5.31463 1.97514   -4.76126 2.90626
-5.34651 2.4503   -3.22185 5.16343
-5.18382 2.58005   -5.33476 2.47187
-5.10806 2.59339   -5.15134 2.51462
-5.54689 2.65274   -3.88161 4.28258
-7.1613 3.65961   -5.59742 2.66042
-6.36103 3.30932   -5.63435 2.46228
-6.46693 3.78744   -5.69032 2.9357
-6.46693 3.78744   -7.3471 4.15982
-5.84077 2.6027   -6.12976 2.72637
-4.96046 2.68259   -4.83055 2.75535
-4.96046 2.68259   -3.82335 4.8217
-5.7264 3.47871   -5.12218 2.84747
-6.11193 3.82635   -5.01986 2.71588
-3.40813 3.82025   -4.16055 3.84686
-3.83914 3.32545   -3.66239 3.27751
-3.83914 3.32545   -3.81474 3.43937
-3.83914 3.32545   -3.75331 5.46389
-5.02222 3.46833   -3.7586 3.20102
-5.02222 3.46833   -5.07903 3.43431
-5.02222 3.46833   -4.92361 4.0365
-3.81474 3.43937   -3.61743 3.62975
-3.34039 4.35082   -3.34613 3.94043
-2.96637 5.613   -3.62991 3.71433
-3.48234 3.54522   -3.41871 4.12554
-3.48234 3.54522   -6.89569 4.46277
2.94943 2.07239   -3.34039 4.35082
2.94943 2.07239   5.32838 5.29491
2.94943 2.07239   3.14045 2.13274
2.94943 2.07239   2.0176 2.60563
2.94943 2.07239   2.30834 0.662079
-3.4241 4.09212   -3.26552 4.0679
-2.45845 5.23609   -3.19194 4.17074
-4.18079 3.27709   -4.33995 3.12173
-3.88161 4.28258   -3.96073 3.65476
-4.87934 4.34184   -4.10844 3.69169
-3.82079 4.1046   -4.53422 5.13974
-5.69991 3.17285   -5.62217 4.13504
-4.95077 3.21596   -4.60647 3.844
-5.22252 3.41466   -5.04937 3.26377
-5.22252 3.41466   -5.14261 3.08301
-6.41638 4.29853   -5.74308 3.23247
-5.14261 3.08301   -5.19762 3.12947
-5.07903 3.43431   -5.18888 3.14621
-6.90601 3.97134   -5.25598 3.34571
-3.04048 4.59376   -4.32072 3.5297
-3.04048 4.59376   -3.95921 4.64192
-4.16055 3.84686   -4.51875 3.58757
-4.16055 3.84686   -3.1807 4.73704
-2.89069 4.921   -4.22038 3.85719
-4.65798 3.9127   -3.11423 4.74058
-3.84821 4.55772   -4.40743 3.81925
-6.33303 4.15463   -4.53326 3.65344
-5.05592 3.63812   -4.63479 3.72016
-5.8376 4.45572   -4.91422 3.53862
-5.8376 4.45572   -5.25386 4.13019
-4.41174 4.31825   -4.27675 4.45195
-2.85032 5.62811   -4.18316 4.9157
-2.85032 5.62811   -2.70672 5.75014
-2.85032 5.62811   -2.76831 4.38788
-2.85032 5.62811   3.16606 0.322711
2.33281 0.722611   -3.79226 4.87518
-3.79226 4.87518   -5.30175 5.04956
-3.70171 4.90788   -3.87879 4.81719
-5.30175 5.04956   -2.71338 4.98831
2.9386 0.927558   -3.30271 4.86188
-3.34687 5.06562   -3.01096 5.29744
-3.1212 5.24449   -6.87503 3.91486
-6.81847 4.19515   -6.66008 4.53363
-7.43602 3.73446   -6.50048 3.18087
-4.87301 4.5544   -5.32826 4.9517
-4.406 5.18335   -4.91367 4.42866
-5.10053 5.07864   -5.09163 5.03402
-4.54344 4.86795   2.27527 1.70654
3.63782 1.25354   -4.4883 5.1229
-7.99002 -9.91023   -6.5507 -9.88698
-6.58522 -9.83307   -7.05371 -9.51015
-6.58522 -9.83307   -6.42745 -9.63828
-6.58522 -9.83307   -6.22504 -9.61375
-6.75203 -9.16309   -7.07634 -9.51461
-6.75203 -9.16309   -7.10576 -9.84854
-6.75203 -9.16309   -6.68596 -9.4443
-9.84107 -9.40992   -7.11781 -9.58162
-9.84107 -9.40992   -9.78574 -9.90208
-7.17458 -9.94395   -7.05073 -9.77849
-7.95734 -9.83938   -6.87849 -9.50044
-7.95734 -9.83938   -8.03367 -9.96561
-7.95734 -9.83938   -9.33836 -9.10432
-7.95734 -9.83938   -9.97935 -8.74516
-6.87849 -9.50044   -7.2979 -9.98031
-9.03865 -8.78161   -7.0653 -9.51326
-9.03865 -8.78161   -8.83522 -9.23814
-9.03865 -8.78161   -9.9593 -7.7508
-9.03865 -8.78161   -9.72549 -9.95419
-8.48921 -8.30547   -7.0127 -9.82436
-8.48921 -8.30547   -9.03284 -9.98033
-8.48921 -8.30547   -9.97125 -9.20946
-8.48921 -8.30547   -9.96661 -8.97115
-8.48921 -8.30547   -7.17197 -8.03263
-8.48921 -8.30547   -7.28123 -8.6768
-8.07999 -9.7316   -7.19616 -9.3956
-6.31895 -9.63899   -6.32772 -9.94766
-6.31895 -9.63899   -6.43401 -9.96707
-6.31895 -9.63899   -6.69395 -9.8959
-6.31895 -9.63899   -6.47569 -9.92257
-6.31895 -9.63899   -6.34749 -9.51295
-6.31895 -9.63899   -6.56015 -9.96521
-6.31895 -9.63899   -6.17151 -9.7648
-6.31895 -9.63899   -6.19039 -9.77026
-6.32772 -9.94766   -6.13899 -9.88206
-7.85128 -9.48119   -6.68579 -9.90869
-7.85128 -9.48119   -7.12309 -9.97152
-7.85128 -9.48119   -7.09935 -9.18844
-7.85128 -9.48119   -8.06707 -9.95942
-7.85128 -9.48119   -7.80406 -9.93552
-7.85128 -9.48119   -7.20967 -8.79638
-6.67204 -9.7057   -7.51439 -9.99957
-7.10161 -9.13907   -6.68319 -9.90145
-6.53006 -9.98576   -6.59879 -9.81644
-6.53006 -9.98576   -6.53998 -9.91142
-6.42745 -9.63828   -6.31895 -9.63899
-6.34749 -9.51295   -6.73686 -9.89862
-6.34749 -9.51295   -7.48499 -9.73046
-6.34749 -9.51295   -9.98051 -9.97311
-6.34749 -9.51295   -7.29502 -8.94897
-6.22504 -9.61375   -6.7008 -9.96928
-6.22504 -9.61375   -6.38583 -9.95185
-6.22504 -9.61375   -6.96267 -9.98426
-6.22504 -9.61375   -9.02177 -9.42131
-6.13899 -9.88206   -6.69609 -9.94771
-7.04579 -8.54643   -7.34616 -9.98023
-7.04304 -9.92553   -7.06693 -9.98848
-8.60884 -8.22343   -7.27978 -9.88184
-8.60884 -8.22343   -9.37879 -9.84103
-8.60884 -8.22343   -7.47439 -9.89295
-8.60884 -8.22343   -7.01293 -6.47271
-8.60884 -8.22343   -9.05931 -8.94403
-8.60884 -8.22343   -9.86014 -9.25981
-8.60884 -8.22343   -8.55357 -8.40721
-8.60884 -8.22343   -7.15285 -8.26265
-8.60884 -8.22343   -6.93936 -8.51953
-8.60884 -8.22343   -6.90089 -8.86491
-8.60884 -8.22343   -8.14058 -6.35738
-7.27978 -9.88184   -7.36435 -9.95686
-7.27978 -9.88184   -7.46817 -9.98221
-8.26839 -9.38206   -7.21927 -9.92854
-8.26839 -9.38206   -8.26979 -9.97763
-8.26839 -9.38206   -8.05888 -9.92877
-8.26839 -9.38206   -9.86799 -9.49494
-8.26839 -9.38206   -9.81294 -8.12027
-8.12995 -8.64675   -7.17458 -9.94395
-8.12995 -8.64675   -7.31812 -9.93418
-8.12995 -8.64675   -6.87745 -9.9553
-8.12995 -8.64675   -9.84305 -8.16726
-8.12995 -8.64675   -7.18453 -7.88209
-8.12995 -8.64675   -7.241 -8.67523
-8.05962 -7.83457   -6.87267 -9.96288
-7.31067 -8.88831   -7.03449 -9.92371
-7.31067 -8.88831   -6.94793 -6.75091
-9.43663 -8.65287   -7.18495 -9.94736
-9.43663 -8.65287   -9.97663 -8.04108
-9.43663 -8.65287   -9.92186 -9.14538
-9.43663 -8.65287   -9.94224 -8.39987
-9.43663 -8.65287   -8.60884 -8.22343
-9.95783 -8.23194   -6.81122 -9.07496
-9.95783 -8.23194   -8.31112 -9.07073
-9.95783 -8.23194   -9.98734 -8.30631
-9.95783 -8.23194   -9.99134 -8.35021
-9.95783 -8.23194   -9.98135 -8.31429
-8.08801 -8.55325   -6.85477 -9.32561
-8.08801 -8.55325   -8.26839 -9.38206
-8.08801 -8.55325   -9.57475 -9.95749
-8.08801 -8.55325   -9.90897 -8.09339
-8.08801 -8.55325   -6.88597 -7.85024
-8.06347 -9.35343   -7.11016 -9.11004
-8.06347 -9.35343   -9.17641 -9.81162
-8.06347 -9.35343   -8.24297 -9.14613
-8.06347 -9.35343   -8.43472 -9.99655
-8.06347 -9.35343   -8.53265 -8.1656
-8.06347 -9.35343   -7.24476 -8.88427
-8.06347 -9.35343   -7.21176 -8.99159
-9.11127 -9.98947   -6.75203 -9.16309
-7.90199 -8.40442   -7.12346 -9.09893
-7.90199 -8.40442   -8.31469 -9.93071
-7.90199 -8.40442   -7.71475 -6.61818
-7.90199 -8.40442   -8.60539 -6.33828
-9.37879 -9.84103   -9.37435 -9.97465
-9.37879 -9.84103   -6.54194 -6.5387
-9.37879 -9.84103   -9.97182 -9.07301
-5.97292 -6.22202   -9.15776 -9.85359
-5.97292 -6.22202   -9.07984 -9.89692
-5.97292 -6.22202   -8.40609 -9.97855
-5.97292 -6.22202   -6.33649 -7.00708
-5.97292 -6.22202   -5.96992 -6.69134
-5.97292 -6.22202   -5.87904 -6.59481
-5.97292 -6.22202   -5.867 -6.60177
-5.97292 -6.22202   -5.86149 -6.69605
-5.97292 -6.22202   -5.81653 -6.71463
-5.97292 -6.22202   -5.99579 -6.753
-5.97292 -6.22202   -6.11693 -6.8478
-5.97292 -6.22202   -5.90742 -6.33291
-5.97292 -6.22202   -5.92469 -6.29169
-5.97292 -6.22202   -5.88872 -6.31679
-5.97292 -6.22202   -5.89656 -6.37488
-5.97292 -6.22202   -5.88506 -6.35509
-5.97292 -6.22202   -5.89108 -6.36975
-5.97292 -6.22202   -5.90455 -6.26665
-5.97292 -6.22202   -5.92804 -6.22461
-5.97292 -6.22202   -9.99349 -9.17752
-5.97292 -6.22202   -9.9041 -8.59931
-5.97292 -6.22202   -7.58889 -8.26841
-5.97292 -6.22202   -8.12995 -8.64675
-5.88872 -6.31679   -9.12325 -9.90003
-5.88872 -6.31679   -6.46649 -6.53749
-5.88872 -6.31679   -5.99025 -6.78513
-5.88872 -6.31679   -6.27497 -6.91111
-5.88872 -6.31679   -6.01137 -6.31308
-5.88872 -6.31679   -6.05508 -6.34147
-5.88872 -6.31679   -5.97166 -6.27416
-5.88872 -6.31679   -9.47212 -8.54494
-5.88872 -6.31679   -9.8389 -8.63651
-9.12325 -9.90003   -9.186 -9.95044
-8.28919 -9.74594   -9.11127 -9.98947
-8.28919 -9.74594   -8.23273 -9.95422
-8.28919 -9.74594   -8.03895 -9.99128
-8.28919 -9.74594   -8.60304 -9.95893
-8.28919 -9.74594   -9.91627 -9.18938
-9.07984 -9.89692   -9.23171 -9.99462
-9.07984 -9.89692   -9.0168 -9.95102
-9.0168 -9.95102   -9.51335 -9.20414
-8.31112 -9.07073   -9.29971 -9.96725
-8.31112 -9.07073   -7.88271 -9.13921
-8.31112 -9.07073   -7.95734 -9.83938
-8.31112 -9.07073   -8.5861 -9.97122
-8.31112 -9.07073   -6.65444 -7.22577
-8.31112 -9.07073   -5.9255 -6.50715
-8.31112 -9.07073   -9.93907 -9.94315
-9.29971 -9.96725   -8.53245 -6.46731
-9.91429 -9.66353   -9.25661 -9.97152
-5.83686 -6.07329   -8.94681 -9.86396
-5.83686 -6.07329   -8.82674 -9.88455
-5.83686 -6.07329   -5.84066 -6.66478
-5.83686 -6.07329   -5.88553 -6.66245
-5.83686 -6.07329   -5.91135 -6.84386
-5.83686 -6.07329   -6.31481 -6.75734
-5.83686 -6.07329   -5.99984 -6.83761
-5.83686 -6.07329   -6.15773 -6.94031
-5.83686 -6.07329   -6.04124 -6.83172
-5.83686 -6.07329   -6.0286 -6.8326
-5.83686 -6.07329   -6.49984 -7.22473
-5.83686 -6.07329   -5.91664 -6.41622
-5.83686 -6.07329   -6.11905 -6.20945
-5.83686 -6.07329   -6.02126 -6.26483
-5.83686 -6.07329   -6.00148 -6.13196
-5.83686 -6.07329   -5.90943 -6.06463
-5.83686 -6.07329   -5.91763 -6.06721
-5.83686 -6.07329   -5.91383 -6.07683
-5.83686 -6.07329   -9.96772 -9.75518
-5.83686 -6.07329   -9.94117 -9.07396
-5.83686 -6.07329   -9.95204 -8.73048
-5.83686 -6.07329   -8.43189 -7.94266
-5.83686 -6.07329   -7.6537 -8.15198
-5.83686 -6.07329   -7.86962 -7.96724
-5.83686 -6.07329   -6.87772 -7.43316
-8.94681 -9.86396   -9.98344 -8.93825
-6.60991 -6.32535   -9.25863 -9.91556
-6.60991 -6.32535   -8.69531 -8.95701
-6.60991 -6.32535   -6.38283 -7.11689
-6.60991 -6.32535   -5.84962 -6.89313
-6.60991 -6.32535   -5.9726 -6.92903
-6.60991 -6.32535   -9.84845 -9.91157
-6.60991 -6.32535   -6.84883 -7.39248
-6.37621 -7.36456   -8.8397 -9.98445
-6.37621 -7.36456   -6.49424 -6.43215
-6.37621 -7.36456   -8.07669 -6.68295
-8.82674 -9.88455   -8.763 -9.99886
-9.07439 -9.9617   -7.14967 -8.71222
-6.88597 -7.85024   -9.04258 -9.99969
-7.58889 -8.26841   -9.38015 -9.86136
-7.58889 -8.26841   -6.74106 -6.78156
-7.58889 -8.26841   -9.88973 -5.07631
-7.58889 -8.26841   -9.2158 -7.41458
-7.58889 -8.26841   -9.91429 -9.66353
-7.58889 -8.26841   -7.26866 -8.41684
-8.51865 -9.83236   -8.91373 -9.95963
-6.29302 -6.19352   -9.18625 -9.90837
-5.74642 -5.80064   -9.32492 -9.93397
-5.74642 -5.80064   -6.00262 -6.97017
-5.74642 -5.80064   -5.80217 -6.77507
-5.74642 -5.80064   -5.72583 -5.75445
-5.74642 -5.80064   -9.54528 -9.89131
-5.74642 -5.80064   -8.0015 -8.29596
-5.74642 -5.80064   -8.68983 -8.16544
-9.61848 -9.66099   -9.05478 -9.96634
-9.79583 -8.51177   -8.91738 -9.47728
-9.79583 -8.51177   -9.69471 -8.34252
-9.79583 -8.51177   -9.46249 -8.32425
-8.91738 -9.47728   -7.61743 -6.76647
-5.72583 -5.75445   -9.33004 -9.93806
-5.72583 -5.75445   -8.94344 -9.88537
-5.72583 -5.75445   -8.3882 -9.92026
-5.72583 -5.75445   -8.37595 -9.96796
-5.72583 -5.75445   -8.47836 -9.91468
-5.72583 -5.75445   -6.38571 -6.5301
-5.72583 -5.75445   -5.76627 -6.71264
-5.72583 -5.75445   -5.80888 -6.79314
-5.72583 -5.75445   -9.58397 -9.98956
-5.72583 -5.75445   -9.61848 -9.66099
-5.72583 -5.75445   -6.76226 -7.72197
-7.07182 -7.3382   -8.06506 -8.98358
-7.07182 -7.3382   -5.87661 -6.64533
-7.07182 -7.3382   -6.8061 -7.57266
-6.73322 -7.56304   -7.85128 -9.48119
-6.73322 -7.56304   -7.97641 -8.86807
-6.73322 -7.56304   -6.79117 -7.96813
-6.73322 -7.56304   -6.63905 -7.63119
-6.73322 -7.56304   -6.64421 -7.72737
-6.73322 -7.56304   -7.20235 -6.49254
-8.69296 -8.97952   -9.97005 -8.42686
-8.69296 -8.97952   -9.87384 -8.9051
-5.94216 -6.2169   -8.06347 -9.35343
-5.94216 -6.2169   -5.96408 -6.60014
-5.94216 -6.2169   -5.8575 -6.58636
-5.94216 -6.2169   -5.91343 -6.27497
-5.94216 -6.2169   -7.15394 -7.50698
-7.26272 -7.54139   -7.69301 -9.37662
-8.69531 -8.95701   -8.81316 -8.80666
-7.46116 -9.86064   -7.86663 -9.49991
-7.46116 -9.86064   -7.642 -9.7531
-8.86252 -7.60917   -7.40368 -9.12248
-8.86252 -7.60917   -8.56874 -6.33693
-7.92204 -8.66476   -7.44175 -9.03326
-7.46196 -7.69027   -7.56237 -9.53303
-7.28123 -8.6768   -7.93911 -9.95489
-7.28123 -8.6768   -9.92454 -8.95273
-8.40151 -9.98182   -8.07999 -9.7316
-6.83369 -8.5624   -7.80506 -9.97329
-8.55357 -8.40721   -8.13474 -9.90809
-8.55357 -8.40721   -9.99562 -9.45638
-8.55357 -8.40721   -7.40753 -7.35271
-8.55357 -8.40721   -7.66433 -6.57511
-8.55357 -8.40721   -8.72377 -6.16588
-8.13474 -9.90809   -8.19243 -9.96184
-5.87462 -6.03859   -8.1509 -9.94157
-5.87462 -6.03859   -8.74315 -9.93019
-5.87462 -6.03859   -5.87888 -6.67024
-5.87462 -6.03859   -5.85003 -6.6687
-5.87462 -6.03859   -5.95071 -6.82632
-5.87462 -6.03859   -6.05262 -6.86875
-5.87462 -6.03859   -6.05187 -6.89469
-5.87462 -6.03859   -6.01505 -6.78867
-5.87462 -6.03859   -6.14072 -6.9029
-5.87462 -6.03859   -6.14057 -6.85261
-5.87462 -6.03859   -6.1862 -6.92718
-5.87462 -6.03859   -6.10301 -6.79618
-5.87462 -6.03859   -5.90478 -6.24441
-5.87462 -6.03859   -6.261 -6.35772
-5.87462 -6.03859   -6.02783 -6.23846
-5.87462 -6.03859   -5.8278 -6.13676
-5.87462 -6.03859   -5.84175 -6.13685
-5.87462 -6.03859   -8.9705 -9.19876
-5.87462 -6.03859   -9.1266 -8.92343
-5.87462 -6.03859   -9.94172 -9.72072
-5.87462 -6.03859   -9.94388 -9.39826
-5.87462 -6.03859   -9.93571 -9.30596
-5.87462 -6.03859   -9.68836 -9.98654
-5.87462 -6.03859   -9.92862 -9.86626
-5.87462 -6.03859   -9.92845 -9.21247
-5.87462 -6.03859   -7.7213 -7.79871
-5.87462 -6.03859   -8.08317 -8.54306
-6.94828 -6.68996   -8.21399 -9.88933
-6.94828 -6.68996   -9.903 -9.86634
-8.48052 -9.78471   -8.64336 -9.90874
-8.48052 -9.78471   -8.40151 -9.98182
-8.48052 -9.78471   -8.48284 -9.94172
-8.48052 -9.78471   -9.91106 -8.41605
-8.48052 -9.78471   -8.15179 -6.86664
-8.48052 -9.78471   -8.7009 -6.48596
-8.74315 -9.93019   -9.22995 -8.70471
-8.73484 -9.89826   -9.71132 -9.60374
-8.39822 -9.87545   -8.48052 -9.78471
-8.39822 -9.87545   -9.56509 -9.90127
-8.4731 -9.90122   -8.47581 -9.99095
-7.37889 -8.49935   -8.37621 -9.88574
-7.37889 -8.49935   -7.33867 -7.16209
-9.97575 -7.55613   -8.43873 -9.89612
-6.75796 -7.66365   -8.51865 -9.83236
-6.75796 -7.66365   -6.622 -7.67799
-7.27084 -8.90724   -8.30168 -9.87995
-7.27084 -8.90724   -9.83603 -9.50273
-7.27084 -8.90724   -7.20097 -8.74042
-5.70131 -6.00094   -8.33087 -9.92075
-5.70131 -6.00094   -5.9549 -6.92071
-5.90403 -6.49057   -5.95452 -6.34651
-5.90403 -6.49057   -6.10162 -6.87417
-5.90403 -6.49057   -6.34456 -6.99985
-5.90403 -6.49057   -5.91809 -6.68641
-5.90403 -6.49057   -6.25171 -6.79326
-5.95452 -6.34651   -5.97292 -6.22202
-5.95452 -6.34651   -6.24935 -6.40983
-6.83663 -6.74689   -6.75893 -6.47728
-6.81084 -6.60172   -6.78159 -6.52674
-6.81084 -6.60172   -6.61626 -6.67261
-6.78159 -6.52674   -6.13463 -6.7876
-5.83682 -6.5391   -6.39382 -6.52259
-5.83682 -6.5391   -5.78653 -6.67807
-5.83682 -6.5391   -5.99428 -6.42978
-5.83682 -6.5391   -9.79297 -9.87929
-5.83682 -6.5391   -7.6178 -7.20783
-7.7888 -6.30119   -6.42054 -6.81854
-7.7888 -6.30119   -9.97033 -8.52865
-6.42054 -6.81854   -6.07331 -7.0462
-6.49912 -7.54861   -6.42262 -6.48977
-6.49912 -7.54861   -7.24852 -7.87526
-6.42262 -6.48977   -6.12625 -6.76921
-6.18835 -6.89822   -6.31139 -6.51236
-5.78653 -6.67807   -6.49088 -6.57195
-5.78653 -6.67807   -5.80412 -6.71443
-5.78653 -6.67807   -5.97841 -6.80232
-5.78653 -6.67807   -6.51638 -6.57926
-5.78653 -6.67807   -6.70591 -6.81326
-5.78653 -6.67807   -6.32486 -6.44422
-5.78653 -6.67807   -6.25072 -6.40683
-5.78653 -6.67807   -6.23731 -6.39702
-5.78653 -6.67807   -6.02237 -6.34066
-5.78653 -6.67807   -6.11459 -6.34447
-5.78653 -6.67807   -5.96962 -6.25772
-5.78653 -6.67807   -7.48219 -7.5514
-6.49088 -6.57195   -5.89604 -6.68866
-6.78909 -7.16559   -6.54357 -6.75664
-6.54357 -6.75664   -9.93405 -7.9312
-6.23783 -7.1429   -6.0902 -7.11881
-6.23783 -7.1429   -6.37621 -7.36456
-6.23783 -7.1429   -5.71979 -6.55773
-7.01293 -6.47271   -6.34858 -7.08117
-7.01293 -6.47271   -6.12091 -6.93463
-5.76407 -6.41939   -6.18296 -6.99971
-5.76407 -6.41939   -5.75617 -6.69236
-5.76407 -6.41939   -6.10761 -6.54003
-5.76407 -6.41939   -5.97672 -6.83272
-5.76407 -6.41939   -5.77849 -6.32443
-5.76407 -6.41939   -5.94692 -6.51999
-5.76407 -6.41939   -5.87462 -6.03859
-5.76407 -6.41939   -5.83686 -6.07329
-5.76407 -6.41939   -9.85455 -9.96177
-5.76407 -6.41939   -9.994 -9.92257
-5.76407 -6.41939   -9.8583 -8.80525
-5.76407 -6.41939   -9.91903 -8.68228
-5.76407 -6.41939   -9.87116 -8.588
-6.62595 -6.68558   -6.61029 -7.02239
-5.73816 -6.27609   -6.15238 -6.97038
-5.73816 -6.27609   -5.67425 -6.7379
-5.73816 -6.27609   -5.61363 -6.45438
-5.73816 -6.27609   -6.00757 -6.25835
-5.73816 -6.27609   -6.25332 -6.20042
-5.73816 -6.27609   -5.82358 -5.96031
-5.73816 -6.27609   -7.88716 -7.657
-5.78752 -5.80453   -6.31725 -7.13031
-5.78752 -5.80453   -5.74642 -5.80064
-5.61363 -6.45438   -6.22755 -7.10389
-5.61363 -6.45438   -6.11574 -7.00287
-5.61363 -6.45438   -5.8595 -6.70384
-5.61363 -6.45438   -5.73339 -6.78998
-5.61363 -6.45438   -5.82858 -6.82205
-5.61363 -6.45438   -5.77263 -6.80031
-5.61363 -6.45438   -6.56956 -6.34277
-5.61363 -6.45438   -7.95043 -8.00532
-5.61363 -6.45438   -6.89125 -7.18058
-6.04403 -7.09508   -6.04704 -6.89953
-5.80412 -6.71443   -5.83052 -6.60444
-5.80412 -6.71443   -6.1221 -6.7078
-5.80412 -6.71443   -5.92138 -6.34889
-5.80412 -6.71443   -6.01759 -6.45477
-5.80412 -6.71443   -6.05155 -6.39762
-5.80412 -6.71443   -5.99823 -6.34904
-5.91809 -6.68641   -5.83981 -6.73775
-5.91809 -6.68641   -6.03303 -6.83733
-5.91809 -6.68641   -5.83682 -6.5391
-5.91809 -6.68641   -9.85127 -9.08648
-5.81653 -6.71463   -5.95466 -6.51502
-5.81653 -6.71463   -9.90492 -8.39691
-5.87661 -6.64533   -5.77847 -6.58974
-6.32486 -6.44422   -5.95224 -6.69266
-5.75617 -6.69236   -5.75159 -6.75752
-5.75617 -6.69236   -6.14129 -6.42583
-5.75159 -6.75752   -5.71567 -6.68384
-5.75159 -6.75752   -6.67915 -6.53995
-5.77849 -6.32443   -5.73069 -6.72206
-5.77849 -6.32443   -5.98266 -6.86922
-5.73069 -6.72206   -5.73651 -6.70384
-5.73069 -6.72206   -6.04699 -6.44372
-5.84962 -6.89313   -5.94728 -6.73736
-5.84962 -6.89313   -6.36961 -6.35599
-5.71979 -6.55773   -5.62083 -6.68904
-5.71979 -6.55773   -5.99567 -6.25368
-5.62083 -6.68904   -5.79299 -6.80786
-5.62083 -6.68904   -5.72518 -6.763
-5.62083 -6.68904   -5.80839 -6.74935
-5.62083 -6.68904   -5.7592 -6.82026
-5.62083 -6.68904   -8.39007 -6.74041
-5.67425 -6.7379   -5.72932 -6.82756
-5.72932 -6.82756   -5.68347 -6.82314
-7.99979 -6.24567   -5.5346 -6.82589
-5.5346 -6.82589   -5.90923 -6.586
-5.5346 -6.82589   -5.60006 -6.72128
-5.5346 -6.82589   -5.59868 -6.69939
-5.5346 -6.82589   -6.46844 -6.97581
-5.5346 -6.82589   -6.28214 -6.38074
-5.5346 -6.82589   -6.00463 -6.3089
-5.5346 -6.82589   -6.1746 -6.27274
-5.5346 -6.82589   -8.40177 -6.6807
-5.5346 -6.82589   -8.46758 -6.67964
-5.5346 -6.82589   -7.63201 -6.77265
-6.13463 -6.7876   -6.11107 -6.88454
-6.13463 -6.7876   -6.18835 -6.89822
-6.13463 -6.7876   -5.90403 -6.49057
-6.25171 -6.79326   -6.61388 -6.60502
-6.25171 -6.79326   -5.92617 -6.56866
-6.03303 -6.83733   -6.2897 -6.49454
-5.90455 -6.26665   -6.09395 -6.74053
-5.90455 -6.26665   -5.99217 -6.25859
-5.90455 -6.26665   -5.94216 -6.2169
-5.90455 -6.26665   -9.03865 -8.78161
-6.12091 -6.93463   -9.87447 -8.11312
-6.11693 -6.8478   -6.11563 -6.39798
-5.91135 -6.84386   -5.9062 -6.25191
-6.1221 -6.7078   -6.02749 -6.78852
-6.1221 -6.7078   -6.57189 -6.58673
-6.31481 -6.75734   -6.67012 -6.59483
-5.92617 -6.56866   -5.94901 -6.74502
-6.11563 -6.39798   -6.36571 -6.96683
-6.63616 -7.76932   -6.81084 -6.60172
-6.63616 -7.76932   -7.42522 -7.24099
-6.63616 -7.76932   -6.66196 -7.7839
-8.127 -7.42349   -7.0125 -6.83261
-8.127 -7.42349   -7.37298 -8.15764
-6.37176 -7.43962   -6.83389 -6.48048
-6.37176 -7.43962   -6.93477 -6.73876
-6.37176 -7.43962   -6.42752 -7.46137
-6.37176 -7.43962   -9.95041 -8.56997
-6.37176 -7.43962   -6.82456 -7.48882
-6.37176 -7.43962   -8.83281 -6.5751
-7.08729 -6.71   -7.34402 -7.03816
-7.20569 -7.25811   -6.88547 -6.90282
-6.52872 -7.18057   -6.62595 -6.68558
-7.28282 -6.863   -7.01945 -6.80013
-7.28282 -6.863   -6.89041 -7.17164
-6.43408 -7.51429   -6.93537 -6.60065
-6.43408 -7.51429   -9.95048 -7.87888
-6.43408 -7.51429   -8.17751 -6.3411
-8.00617 -6.77361   -6.76792 -7.04718
-8.00617 -6.77361   -6.85069 -7.14851
-8.00617 -6.77361   -9.93825 -7.76441
-8.00617 -6.77361   -9.86764 -8.90425
-6.47416 -7.52317   -6.37176 -7.43962
-6.47416 -7.52317   -6.43408 -7.51429
-6.85069 -7.14851   -6.78909 -7.16559
-6.62655 -7.33769   -6.63628 -7.44204
-7.78849 -7.30225   -6.59711 -7.15733
-7.78849 -7.30225   -9.92639 -8.3639
-7.7213 -7.79871   -6.59049 -7.19472
-7.7213 -7.79871   -6.83516 -7.52297
-5.92804 -6.22461   -7.82275 -7.87592
-5.78256 -6.55109   -9.89505 -8.0076
-6.11905 -6.20945   -5.93798 -6.27275
-6.68701 -7.54918   -5.92954 -6.28615
-6.36961 -6.35599   -5.93103 -6.14339
-6.25332 -6.20042   -6.29302 -6.19352
-5.8278 -6.13676   -9.99696 -8.65317
-5.91763 -6.06721   -9.68376 -9.96621
-5.82358 -5.96031   -5.78752 -5.80453
-5.82358 -5.96031   -5.70131 -6.00094
2.07384 -9.62981   1.1923 -9.97731
2.07384 -9.62981   3.0703 -9.80963
2.07384 -9.62981   2.8918 -9.99029
2.07384 -9.62981   2.11857 -9.97698
-0.26321 -7.17643   -0.176987 -9.99275
-0.26321 -7.17643   0.123937 -8.42742
-0.26321 -7.17643   -0.221768 -7.11153
-0.26321 -7.17643   -0.317052 -7.23556
-0.26321 -7.17643   0.30412 -7.60164
-0.26321 -7.17643   0.655634 -6.94323
-0.26321 -7.17643   0.405115 -7.90925
-0.26321 -7.17643   8.0167 -6.01502
-0.26321 -7.17643   1.21813 -7.17927
-0.26321 -7.17643   2.22091 -9.86005
1.84172 -5.88736   0.142128 -9.99802
1.84172 -5.88736   0.843588 -9.88551
1.84172 -5.88736   6.07277 -7.21295
1.84172 -5.88736   1.83939 -6.00505
1.84172 -5.88736   1.9052 -5.93138
1.84172 -5.88736   1.75046 -6.23829
1.84172 -5.88736   2.14498 -6.35046
1.84172 -5.88736   4.46172 -9.91417
1.84172 -5.88736   1.35611 -9.95192
1.84172 -5.88736   5.60492 -9.8389
1.84172 -5.88736   7.93124 -9.93658
1.84172 -5.88736   9.70346 -9.16943
0.634262 -9.93642   0.252725 -9.99024
0.634262 -9.93642   0.636843 -9.97019
0.634262 -9.93642   0.219806 -7.03644
0.252725 -9.99024   -1.26179 -8.50729
-0.566483 -9.4676   0.347279 -9.99803
-0.566483 -9.4676   -0.209903 -9.94734
-0.566483 -9.4676   -0.573552 -9.96396
-0.566483 -9.4676   -2.09774 -9.2982
-0.566483 -9.4676   -1.94613 -9.07808
-0.566483 -9.4676   1.81854 -8.44646
-1.26179 -8.50729   0.245578 -9.9005
-1.26179 -8.50729   -1.22597 -8.41025
-1.26179 -8.50729   -0.120274 -8.08652
-1.26179 -8.50729   3.22316 -9.98443
0.245578 -9.9005   0.0498185 -9.99571
0.245578 -9.9005   0.339386 -9.99065
3.0703 -9.80963   0.0627475 -9.993
3.0703 -9.80963   2.81405 -9.67038
-2.06047 -9.08468   -0.121305 -9.93681
-2.06047 -9.08468   0.399702 -9.97309
-2.06047 -9.08468   -2.13563 -9.983
-2.06047 -9.08468   -0.723314 -9.93117
-2.06047 -9.08468   -1.3356 -9.94184
-2.06047 -9.08468   -2.11758 -9.25038
-2.06047 -9.08468   1.95502 -7.23753
-2.06047 -9.08468   2.20889 -7.76119
-2.06047 -9.08468   1.52293 -8.76172
-0.121305 -9.93681   -0.243834 -9.99211
-0.879052 -8.5383   -0.121233 -9.9312
-0.879052 -8.5383   -2.20766 -9.60943
-0.879052 -8.5383   -0.73792 -8.06218
-0.879052 -8.5383   6.61389 -5.99789
0.972103 -7.97048   0.201289 -9.90238
0.972103 -7.97048   0.488731 -7.11379
1.6456 -6.11627   0.089038 -9.965
1.6456 -6.11627   -0.557871 -9.79778
1.6456 -6.11627   0.0889671 -8.9496
1.6456 -6.11627   5.57812 -7.61655
1.6456 -6.11627   1.96083 -7.0104
1.6456 -6.11627   1.99361 -5.88545
1.6456 -6.11627   1.84172 -5.88736
1.6456 -6.11627   1.74539 -5.98795
1.6456 -6.11627   1.8356 -5.92792
1.6456 -6.11627   3.08799 -9.82691
1.74539 -5.98795   0.285761 -9.90573
1.74539 -5.98795   -1.28503 -9.84902
1.74539 -5.98795   0.81499 -8.1361
1.74539 -5.98795   2.67184 -7.74978
1.74539 -5.98795   1.64912 -9.09877
1.74539 -5.98795   8.62028 -6.84439
0.285761 -9.90573   5.52888 -6.8661
2.60146 -8.34074   0.0807876 -9.91534
2.60146 -8.34074   3.47543 -9.70121
-0.221768 -7.11153   0.145766 -9.91994
-0.221768 -7.11153   -0.276563 -9.92037
-0.221768 -7.11153   0.888581 -9.94629
-0.221768 -7.11153   1.04348 -9.85306
-0.221768 -7.11153   -1.64045 -9.85569
-0.221768 -7.11153   -0.77134 -9.98893
-0.221768 -7.11153   -0.756235 -9.90914
-0.221768 -7.11153   -0.915999 -9.92895
-0.221768 -7.11153   -0.163447 -7.13988
-0.221768 -7.11153   -0.144474 -7.0961
-0.221768 -7.11153   -0.30708 -7.20026
-0.221768 -7.11153   -0.359062 -7.30839
-0.221768 -7.11153   0.0470467 -7.36868
-0.221768 -7.11153   0.268255 -7.8906
-0.221768 -7.11153   0.29441 -8.033
-0.221768 -7.11153   0.0381715 -7.8594
-0.221768 -7.11153   -0.178245 -7.7269
-0.221768 -7.11153   0.287869 -7.52526
-0.221768 -7.11153   0.324876 -7.64264
-0.221768 -7.11153   0.518651 -7.93161
-0.221768 -7.11153   5.25236 -7.44889
-0.221768 -7.11153   5.59348 -7.24182
-0.221768 -7.11153   2.51199 -7.77475
-0.221768 -7.11153   1.66306 -8.53569
-0.221768 -7.11153   1.49157 -8.09507
-0.221768 -7.11153   3.92536 -9.88304
-0.221768 -7.11153   3.34537 -9.93835
-0.221768 -7.11153   3.55301 -9.96815
-0.221768 -7.11153   3.47092 -9.6183
-0.221768 -7.11153   2.33908 -9.96053
-0.221768 -7.11153   2.16397 -9.90033
-0.221768 -7.11153   1.80839 -9.88912
-0.221768 -7.11153   1.86102 -9.65496
-0.221768 -7.11153   1.66707 -9.83375
-0.221768 -7.11153   5.73708 -8.51021
-0.221768 -7.11153   6.99048 -9.9599
2.34149 -6.21583   -0.121037 -9.90592
2.34149 -6.21583   1.93253 -6.02617
-0.121037 -9.90592   -0.147466 -9.98488
-0.525439 -9.38901   0.253236 -9.90248
-0.525439 -9.38901   -0.985361 -8.50219
-0.525439 -9.38901   -1.47141 -8.87859
-0.525439 -9.38901   0.868637 -6.98058
0.312692 -9.66497   0.122965 -9.83144
-1.23753 -9.15471   -0.0761756 -9.98809
-1.23753 -9.15471   -0.0963833 -9.96959
-1.23753 -9.15471   -1.1409 -8.9845
-1.23753 -9.15471   -1.28883 -8.62287
-1.23753 -9.15471   -1.48912 -8.67964
-1.23753 -9.15471   6.16244 -3.71947
4.09602 -6.96349   0.195111 -9.89433
4.09602 -6.96349   3.89751 -6.88215
4.09602 -6.96349   7.83082 -9.85463
2.64175 -5.57812   0.0686145 -9.88883
2.64175 -5.57812   -1.23753 -9.15471
2.64175 -5.57812   -1.52296 -9.89706
2.64175 -5.57812   1.04673 -6.76315
2.64175 -5.57812   -0.662037 -7.81121
2.64175 -5.57812   7.23989 -5.39601
2.64175 -5.57812   3.14235 -5.8782
2.64175 -5.57812   4.29582 -5.16879
2.64175 -5.57812   9.93155 -3.54723
2.64175 -5.57812   2.28812 -6.76978
2.64175 -5.57812   1.60501 -8.09658
2.64175 -5.57812   3.48305 -8.33038
2.64175 -5.57812   6.10323 -9.93205
2.64175 -5.57812   6.37113 -7.86766
1.99036 -5.78387   0.263142 -9.8573
1.99036 -5.78387   0.680294 -9.87038
1.99036 -5.78387   -0.246781 -8.80952
1.99036 -5.78387   -0.599095 -9.82357
1.99036 -5.78387   2.94707 -5.80166
1.99036 -5.78387   2.82417 -6.2174
1.99036 -5.78387   4.72733 -7.72159
1.99036 -5.78387   1.69355 -5.95162
1.99036 -5.78387   1.66189 -5.98904
1.99036 -5.78387   1.65679 -5.99217
1.99036 -5.78387   2.88132 -8.39403
1.99036 -5.78387   5.08761 -9.92482
1.99036 -5.78387   2.18696 -9.90447
1.99036 -5.78387   3.6581 -7.9248
1.99036 -5.78387   3.6804 -7.39589
1.99036 -5.78387   5.58565 -9.93638
0.263142 -9.8573   0.149808 -9.95005
0.117681 -7.73241   0.370317 -9.94263
2.08986 -7.46552   0.121905 -9.89157
2.08986 -7.46552   6.2428 -9.93846
0.050974 -9.47181   0.351047 -9.92596
0.050974 -9.47181   0.0141924 -8.89824
0.050974 -9.47181   -1.26857 -9.76658
0.351047 -9.92596   2.99034 -5.78291
0.8561 -9.10921   -0.104424 -9.9435
0.8561 -9.10921   1.64205 -8.36589
4.94184 -7.11037   0.0480976 -9.96116
4.94184 -7.11037   3.43875 -9.90192
4.94184 -7.11037   9.13299 -8.09208
-0.27894 -7.14162   0.30637 -9.84812
-0.27894 -7.14162   -0.170175 -9.9982
-0.27894 -7.14162   0.865005 -9.93543
-0.27894 -7.14162   1.05118 -9.92755
-0.27894 -7.14162   -0.541951 -8.63685
-0.27894 -7.14162   -0.567438 -9.82643
-0.27894 -7.14162   -1.19217 -9.97383
-0.27894 -7.14162   -1.24373 -9.99278
-0.27894 -7.14162   -0.211541 -7.11905
-0.27894 -7.14162   -0.222088 -7.12356
-0.27894 -7.14162   -0.311741 -7.4226
-0.27894 -7.14162   -0.338139 -7.27512
-0.27894 -7.14162   0.0534046 -7.42442
-0.27894 -7.14162   0.0303054 -8.04763
-0.27894 -7.14162   0.341751 -7.97423
-0.27894 -7.14162   0.529388 -7.48656
-0.27894 -7.14162   0.453147 -7.50054
-0.27894 -7.14162   0.386052 -7.99209
-0.27894 -7.14162   1.03566 -8.33662
-0.27894 -7.14162   3.47204 -6.34284
-0.27894 -7.14162   7.51638 -7.08742
-0.27894 -7.14162   4.35608 -7.26675
-0.27894 -7.14162   5.88998 -6.60028
-0.27894 -7.14162   5.53793 -7.24579
-0.27894 -7.14162   6.10407 -7.20727
-0.27894 -7.14162   2.07117 -6.74357
-0.27894 -7.14162   2.68533 -7.1358
-0.27894 -7.14162   3.17088 -7.87158
-0.27894 -7.14162   3.92818 -9.91525
-0.27894 -7.14162   3.10682 -9.83941
-0.27894 -7.14162   3.22347 -9.94288
-0.27894 -7.14162   2.43891 -9.93311
-0.27894 -7.14162   2.18834 -9.97254
-0.27894 -7.14162   1.75061 -9.97838
-0.27894 -7.14162   1.97262 -9.94155
-0.27894 -7.14162   1.97084 -9.93826
-0.27894 -7.14162   2.35588 -8.89278
-0.27894 -7.14162   4.19198 -8.21088
-0.27894 -7.14162   3.95592 -7.99265
-0.27894 -7.14162   4.55121 -8.3521
-0.27894 -7.14162   6.11983 -9.16999
-0.27894 -7.14162   6.05469 -8.16177
1.66306 -8.53569   0.221739 -9.94556
1.66306 -8.53569   -0.617055 -8.12153
3.04249 -7.29369   0.0824167 -9.90468
2.09926 -9.51881   0.386745 -9.98047
-1.22597 -8.41025   -0.0895891 -9.91538
-1.22597 -8.41025   0.00310026 -8.98492
-1.22597 -8.41025   -1.24087 -8.59032
-1.22597 -8.41025   -1.02805 -8.35416
-1.22597 -8.41025   -1.08166 -9.37732
-1.22597 -8.41025   -0.827943 -9.90588
-1.22597 -8.41025   -1.67981 -9.2318
-1.22597 -8.41025   -2.00972 -8.95192
-1.22597 -8.41025   0.605099 -6.86388
-1.22597 -8.41025   2.41379 -5.77173
-1.22597 -8.41025   2.64157 -5.89176
-1.22597 -8.41025   4.62218 -7.28219
-1.22597 -8.41025   1.51935 -8.69624
-1.22597 -8.41025   2.31321 -8.70128
0.289472 -6.95881   0.201 -9.90565
0.289472 -6.95881   0.795288 -8.54607
0.289472 -6.95881   0.703293 -9.95395
0.289472 -6.95881   -0.504342 -9.19814
0.289472 -6.95881   -1.14096 -8.95169
0.289472 -6.95881   -2.34888 -9.99353
0.289472 -6.95881   -1.79788 -9.83064
0.289472 -6.95881   -0.71703 -9.84261
0.289472 -6.95881   -1.28248 -9.99437
0.289472 -6.95881   -0.238232 -7.22299
0.289472 -6.95881   -0.144133 -7.21814
0.289472 -6.95881   -0.008993 -7.17522
0.289472 -6.95881   -0.328807 -7.56396
0.289472 -6.95881   0.420647 -7.23413
0.289472 -6.95881   0.295894 -7.40062
0.289472 -6.95881   0.33039 -7.00089
0.289472 -6.95881   0.479003 -7.30884
0.289472 -6.95881   0.633107 -7.24384
0.289472 -6.95881   0.636176 -7.19897
0.289472 -6.95881   0.569565 -7.10945
0.289472 -6.95881   -0.685157 -7.88199
0.289472 -6.95881   2.31828 -6.68445
0.289472 -6.95881   1.48042 -6.64772
0.289472 -6.95881   2.00873 -7.60468
0.289472 -6.95881   1.79121 -7.74499
0.289472 -6.95881   4.75633 -9.9492
0.289472 -6.95881   3.94924 -9.97397
0.289472 -6.95881   3.43196 -9.88833
0.289472 -6.95881   1.86578 -8.87608
0.289472 -6.95881   1.61894 -9.78679
0.289472 -6.95881   2.13706 -9.50813
0.289472 -6.95881   4.01627 -8.99485
0.289472 -6.95881   5.38274 -9.97997
0.788235 -9.04755   0.194906 -9.96172
0.788235 -9.04755   0.940928 -9.98352
0.788235 -9.04755   0.474442 -8.79178
-0.443845 -8.95633   0.248018 -9.92919
-0.443845 -8.95633   -1.34861 -9.97943
-0.443845 -8.95633   -1.04311 -9.99968
2.90026 -6.42575   -0.111941 -9.99462
2.90026 -6.42575   2.489 -5.86635
2.90026 -6.42575   3.26244 -5.35019
2.90026 -6.42575   2.94538 -8.28088
1.07165 -8.85839   0.198144 -9.98381
1.07165 -8.85839   0.977208 -8.79967
1.07165 -8.85839   -0.835288 -8.8067
1.07165 -8.85839   0.0363565 -7.39549
1.07165 -8.85839   -0.239779 -7.54385
1.07165 -8.85839   7.41879 -3.79012
1.07165 -8.85839   1.88832 -7.82287
1.07165 -8.85839   2.23223 -9.98865
1.07165 -8.85839   2.58015 -9.96877
1.07165 -8.85839   2.42961 -9.97726
1.07165 -8.85839   2.88005 -9.94269
0.0983694 -8.6754   -0.00892839 -9.79638
0.0983694 -8.6754   0.381636 -9.65843
0.0983694 -8.6754   -1.28316 -8.82596
0.0983694 -8.6754   -0.708982 -8.34892
-0.00892839 -9.79638   5.78952 -6.34082
1.30056 -9.79755   -0.0918426 -9.98902
1.30056 -9.79755   0.846069 -9.985
3.63162 -4.85   0.148543 -9.9563
3.63162 -4.85   7.36562 -4.24241
3.63162 -4.85   4.30813 -5.97878
3.63162 -4.85   3.72483 -5.26612
3.63162 -4.85   3.97382 -5.37506
3.63162 -4.85   6.47177 -6.523
3.63162 -4.85   4.24287 -7.4339
3.63162 -4.85   4.92932 -5.89311
3.63162 -4.85   4.90985 -7.32668
3.63162 -4.85   9.95712 -2.41461
3.63162 -4.85   9.94383 -2.78209
3.63162 -4.85   3.23735 -6.9176
3.63162 -4.85   1.76078 -9.31182
3.63162 -4.85   2.14319 -9.88556
3.63162 -4.85   4.2137 -8.49039
3.63162 -4.85   8.78777 -9.96622
3.63162 -4.85   7.83617 -8.71844
-0.304251 -9.22977   -0.0426276 -9.96557
2.4773 -7.95671   0.0803531 -9.99518
2.4773 -7.95671   4.86349 -5.33741
2.4773 -7.95671   1.23186 -6.60005
0.605099 -6.86388   0.039013 -9.85604
0.605099 -6.86388   0.8561 -9.10921
0.605099 -6.86388   -1.5897 -9.94113
0.605099 -6.86388   -0.338589 -7.33009
0.605099 -6.86388   1.03374 -7.57064
0.605099 -6.86388   6.64535 -6.94228
0.605099 -6.86388   2.1529 -7.31269
0.605099 -6.86388   1.49315 -6.7848
0.605099 -6.86388   1.36081 -6.73374
0.605099 -6.86388   1.48991 -7.78573
0.605099 -6.86388   3.6838 -9.98766
0.605099 -6.86388   3.12168 -9.93529
0.605099 -6.86388   1.98382 -9.37181
0.605099 -6.86388   1.71095 -8.91664
0.605099 -6.86388   1.38905 -9.93851
0.605099 -6.86388   5.95315 -8.47061
1.37226 -8.70958   0.153342 -9.98172
-0.311633 -7.3515   -0.525439 -9.38901
-0.311633 -7.3515   0.348286 -8.46087
-0.311633 -7.3515   -0.145341 -7.48388
-0.311633 -7.3515   0.178795 -7.09917
-0.311633 -7.3515   1.15538 -7.62276
-0.311633 -7.3515   2.73326 -9.9114
-1.48471 -8.73251   -0.486522 -9.93713
-1.48471 -8.73251   -0.894162 -9.95227
-1.48471 -8.73251   1.55439 -8.76572
-0.620998 -8.19189   -0.390632 -9.99626
-0.620998 -8.19189   -0.756901 -8.47576
-0.620998 -8.19189   6.80465 -3.37986
-0.620998 -8.19189   6.28355 -9.74096
-0.390632 -9.99626   1.37307 -6.63554
2.35216 -5.75478   -0.252895 -9.84767
2.35216 -5.75478   1.57718 -6.33822
-0.252895 -9.84767   4.73742 -4.33773
-2.00972 -8.95192   -0.192179 -9.92344
-2.00972 -8.95192   0.73703 -9.98581
-2.00972 -8.95192   0.404452 -9.96156
-2.00972 -8.95192   -1.57586 -9.9837
-2.00972 -8.95192   -1.77944 -9.98143
-2.00972 -8.95192   -2.19937 -9.14989
-2.00972 -8.95192   -2.16236 -9.12109
-2.00972 -8.95192   1.9376 -7.96547
5.8535 -9.0659   -0.378696 -9.83248
5.8535 -9.0659   -0.0774277 -7.52926
5.8535 -9.0659   4.41657 -9.9212
5.8535 -9.0659   4.66351 -9.99732
5.8535 -9.0659   3.52727 -9.14118
5.8535 -9.0659   6.94715 -9.92584
5.8535 -9.0659   8.94627 -9.3397
5.8535 -9.0659   6.38437 -8.90745
1.65639 -7.76782   -0.267144 -9.91821
1.65639 -7.76782   0.773101 -6.96139
1.65639 -7.76782   3.02564 -9.86049
2.53971 -5.93075   -0.303925 -9.90596
-0.835288 -8.8067   -0.277177 -9.8649
-0.835288 -8.8067   -0.910294 -8.63825
-0.835288 -8.8067   -1.05691 -8.59971
-0.835288 -8.8067   -0.193274 -8.25544
-0.835288 -8.8067   5.72193 -4.27081
0.700218 -8.67813   -0.226366 -9.96113
0.700218 -8.67813   -1.10711 -8.64497
0.700218 -8.67813   -1.36142 -8.88873
0.539135 -9.67913   -0.409896 -9.81597
0.539135 -9.67913   4.41444 -4.69746
-1.27855 -8.9297   -0.324969 -9.90393
-1.27855 -8.9297   0.867318 -7.77742
3.29883 -7.99235   -0.202202 -9.9968
3.29883 -7.99235   0.553696 -7.13923
3.29883 -7.99235   1.76048 -9.82737
3.29883 -7.99235   7.53047 -9.96831
1.4346 -6.53227   -0.331318 -9.65352
1.4346 -6.53227   1.00505 -8.65992
1.4346 -6.53227   1.52791 -6.36284
-0.331318 -9.65352   -0.454031 -9.84507
-1.08456 -9.56941   -0.317293 -9.76704
-1.08456 -9.56941   -1.42453 -9.92893
-1.08456 -9.56941   -2.20574 -9.97996
-1.08456 -9.56941   -0.729257 -9.91622
-1.08456 -9.56941   1.9919 -6.026
-0.663162 -9.58025   -0.224577 -9.94888
-0.663162 -9.58025   0.490727 -9.96426
-0.663162 -9.58025   -1.57003 -8.884
-0.663162 -9.58025   5.84118 -7.14385
-0.144474 -7.0961   -0.362664 -9.89555
-0.144474 -7.0961   -0.281566 -7.18414
-0.144474 -7.0961   -0.00736409 -7.64408
-0.144474 -7.0961   -0.115462 -7.83866
-0.144474 -7.0961   2.79284 -9.9454
-1.60167 -8.72656   -0.185026 -9.96748
-1.60167 -8.72656   0.743631 -9.92952
-1.60167 -8.72656   -1.40862 -8.8691
2.35588 -8.89278   -0.216233 -9.95506
2.35588 -8.89278   1.44286 -6.46651
2.35588 -8.89278   1.64083 -9.87488
2.35588 -8.89278   2.14659 -8.99272
-0.581598 -9.95754   -0.390268 -9.86481
-0.483793 -7.51454   -0.176707 -9.90377
-0.483793 -7.51454   0.865852 -9.93524
-0.483793 -7.51454   -0.806413 -8.31805
-0.483793 -7.51454   -1.56002 -9.9197
-0.483793 -7.51454   -0.742267 -9.81799
-0.483793 -7.51454   -1.1407 -9.97365
-0.483793 -7.51454   -0.128981 -7.14537
-0.483793 -7.51454   -0.26321 -7.17643
-0.483793 -7.51454   -0.0623626 -7.10446
-0.483793 -7.51454   -0.0538657 -7.11522
-0.483793 -7.51454   -0.103603 -7.13653
-0.483793 -7.51454   -0.156655 -7.14215
-0.483793 -7.51454   -0.0163711 -7.08564
-0.483793 -7.51454   -0.317384 -7.50273
-0.483793 -7.51454   0.391485 -7.57078
-0.483793 -7.51454   6.93259 -3.76437
-0.483793 -7.51454   6.42309 -5.28891
-0.483793 -7.51454   2.09787 -7.62126
-0.483793 -7.51454   2.7485 -6.70993
-0.483793 -7.51454   2.71996 -6.73953
-0.483793 -7.51454   2.86521 -9.95525
-0.483793 -7.51454   1.52359 -8.71817
-0.483793 -7.51454   1.7414 -9.98355
-0.483793 -7.51454   1.65441 -9.82485
-0.483793 -7.51454   1.84919 -9.87052
-0.483793 -7.51454   2.26253 -9.41811
5.52523 -4.31596   -0.236923 -9.84702
5.52523 -4.31596   4.15986 -9.93129
-1.41408 -9.19499   -0.483722 -9.88955
-1.41408 -9.19499   -1.73424 -9.98132
-1.41408 -9.19499   -1.82236 -8.91291
1.48189 -9.14441   -0.4523 -9.93901
1.48189 -9.14441   -0.401224 -7.91513
6.49561 -5.60777   0.050974 -9.47181
6.49561 -5.60777   4.40812 -4.06176
6.49561 -5.60777   9.95025 0.521469
4.03256 -8.29663   0.312692 -9.66497
4.03256 -8.29663   4.08619 -6.8377
4.03256 -8.29663   2.24553 -6.13939
4.03256 -8.29663   2.58315 -9.90733
4.03256 -8.29663   3.78684 -8.40897
4.26177 -8.93012   0.222813 -9.48935
0.222813 -9.48935   1.04733 -8.09163
4.50128 -3.99819   1.07165 -8.85839
4.50128 -3.99819   6.38358 -4.63936
4.50128 -3.99819   4.2463 -5.71357
4.50128 -3.99819   4.84392 -5.79716
4.50128 -3.99819   6.7183 -1.80176
5.2177 -9.39071   0.978904 -8.88273
5.2177 -9.39071   5.08065 -9.3813
5.2177 -9.39071   5.45835 -9.88481
5.2177 -9.39071   5.24663 -9.91837
5.2177 -9.39071   5.85396 -8.71037
5.2177 -9.39071   8.48786 -9.98136
0.978904 -8.88273   0.682276 -9.92331
0.978904 -8.88273   -1.11543 -9.96364
0.978904 -8.88273   1.83624 -9.87637
2.4646 -5.63931   0.747655 -8.62409
2.4646 -5.63931   0.82068 -9.88097
2.4646 -5.63931   -0.441532 -7.9273
2.4646 -5.63931   -0.655051 -7.81523
2.4646 -5.63931   6.57926 -3.84055
2.4646 -5.63931   6.56501 -4.76491
2.4646 -5.63931   3.06142 -6.30153
2.4646 -5.63931   3.51918 -5.3896
2.4646 -5.63931   3.56526 -5.27845
2.4646 -5.63931   4.48089 -6.78111
2.4646 -5.63931   5.85308 -6.6341
2.4646 -5.63931   1.59037 -6.08838
2.4646 -5.63931   1.7336 -5.91222
2.4646 -5.63931   3.45063 -9.98365
2.4646 -5.63931   3.20905 -9.97972
2.4646 -5.63931   2.45454 -9.62348
2.4646 -5.63931   2.73233 -8.5775
2.4646 -5.63931   3.67377 -8.89669
2.4646 -5.63931   3.57489 -7.81829
2.4646 -5.63931   9.39409 -6.77776
2.4646 -5.63931   5.53513 -8.33286
2.4646 -5.63931   6.3521 -9.13845
0.747655 -8.62409   -0.718354 -7.90543
1.79999 -9.27265   0.526702 -9.1791
1.79999 -9.27265   5.16275 -7.57914
1.79999 -9.27265   2.54427 -9.99039
1.79999 -9.27265   2.52811 -9.95947
1.79999 -9.27265   2.10648 -9.5769
0.526702 -9.1791   0.916569 -7.05059
0.526702 -9.1791   -0.52125 -8.04924
0.526702 -9.1791   -0.617488 -8.17517
2.82781 -9.03592   0.700218 -8.67813
2.82781 -9.03592   4.40958 -9.97043
2.82781 -9.03592   3.21541 -9.07211
2.82781 -9.03592   2.02552 -9.95453
0.781134 -7.04691   0.788235 -9.04755
1.00505 -8.65992   -0.434341 -8.06109
1.77488 -5.82781   0.766787 -8.43847
1.77488 -5.82781   0.846003 -8.62318
1.77488 -5.82781   1.01341 -9.96281
1.77488 -5.82781   0.403782 -9.9928
1.77488 -5.82781   0.471445 -9.00424
1.77488 -5.82781   -0.952109 -9.90876
1.77488 -5.82781   1.19099 -6.79265
1.77488 -5.82781   0.416347 -8.09234
1.77488 -5.82781   0.900866 -7.32138
1.77488 -5.82781   0.118598 -8.38742
1.77488 -5.82781   -0.00673868 -8.20721
1.77488 -5.82781   7.60979 -4.95439
1.77488 -5.82781   7.4587 -5.57512
1.77488 -5.82781   3.48267 -6.80253
1.77488 -5.82781   4.53668 -5.57547
1.77488 -5.82781   7.49178 -7.06818
1.77488 -5.82781   1.9093 -6.96761
1.77488 -5.82781   2.77906 -7.06533
1.77488 -5.82781   1.95472 -6.30543
1.77488 -5.82781   1.8155 -5.81352
1.77488 -5.82781   2.46252 -6.54864
1.77488 -5.82781   2.06664 -6.47413
1.77488 -5.82781   5.04013 -9.90032
1.77488 -5.82781   3.92196 -9.98039
1.77488 -5.82781   3.75659 -9.99087
1.77488 -5.82781   3.26789 -9.93804
1.77488 -5.82781   2.24173 -9.83383
1.77488 -5.82781   1.63794 -9.40078
1.77488 -5.82781   3.69349 -8.84248
1.77488 -5.82781   3.47139 -8.58211
1.77488 -5.82781   3.48543 -8.2302
1.77488 -5.82781   4.36216 -8.99101
1.77488 -5.82781   3.70501 -7.6233
1.77488 -5.82781   3.6677 -7.12987
1.77488 -5.82781   4.85909 -8.7933
1.77488 -5.82781   3.92922 -7.95231
1.77488 -5.82781   5.60909 -9.84814
1.77488 -5.82781   5.99105 -9.90104
1.77488 -5.82781   6.55938 -9.89363
0.766787 -8.43847   3.88733 -8.55309
-1.99869 -9.86431   0.862573 -8.59972
-1.99869 -9.86431   -2.31663 -9.98209
0.862573 -8.59972   1.17097 -6.95766
0.862573 -8.59972   1.19881 -7.83337
-0.578287 -7.72043   1.16464 -8.45009
-0.578287 -7.72043   0.613057 -9.92963
-0.578287 -7.72043   1.55427 -9.89271
1.16464 -8.45009   1.76832 -6.17682
1.16464 -8.45009   4.83165 -9.92572
1.14846 -6.60439   0.605611 -8.60181
1.14846 -6.60439   -1.5957 -9.96252
1.14846 -6.60439   -0.59616 -9.8689
1.14846 -6.60439   -0.490676 -7.74565
1.14846 -6.60439   0.606268 -7.34678
1.14846 -6.60439   0.857107 -7.16294
1.14846 -6.60439   1.03048 -7.07959
1.14846 -6.60439   1.07643 -8.02966
1.14846 -6.60439   0.201176 -8.39737
1.14846 -6.60439   8.91308 -4.54846
1.14846 -6.60439   6.00685 -4.24829
1.14846 -6.60439   4.35713 -5.68363
1.14846 -6.60439   1.57074 -6.78907
1.14846 -6.60439   1.21432 -7.98243
1.14846 -6.60439   1.61741 -8.36411
1.14846 -6.60439   3.99904 -9.92687
1.81854 -8.44646   0.910038 -9.11145
1.81854 -8.44646   0.482591 -9.92374
1.81854 -8.44646   -0.024444 -9.18992
1.81854 -8.44646   -1.28196 -9.97548
1.81854 -8.44646   0.781134 -7.04691
1.81854 -8.44646   2.81331 -5.78723
1.81854 -8.44646   1.31458 -6.76266
1.81854 -8.44646   1.475 -7.0785
0.910038 -9.11145   0.527117 -9.47457
0.846003 -8.62318   -2.14569 -9.55577
1.51935 -8.69624   0.906387 -8.43425
6.30364 -7.10096   0.884916 -8.56345
6.30364 -7.10096   6.6595 -6.42176
6.30364 -7.10096   3.22488 -9.87297
6.30364 -7.10096   7.15092 -9.90118
6.30364 -7.10096   7.45416 -9.99343
6.30364 -7.10096   6.50644 -7.98608
-1.03713 -8.21005   1.1698 -8.43337
-1.03713 -8.21005   -0.186168 -8.75214
-1.03713 -8.21005   -1.09933 -8.44154
-1.03713 -8.21005   -1.04291 -8.21697
-1.03713 -8.21005   -1.52044 -9.13892
-1.03713 -8.21005   -1.41533 -9.88295
-1.03713 -8.21005   -1.97197 -9.88956
-1.03713 -8.21005   -2.18544 -9.41413
-1.03713 -8.21005   0.139312 -7.02803
-1.03713 -8.21005   1.10138 -7.02285
-1.03713 -8.21005   2.75898 -9.99837
-1.03713 -8.21005   2.34748 -9.19928
-1.03713 -8.21005   4.44852 -8.21379
1.19881 -7.83337   0.891848 -9.16093
1.19881 -7.83337   1.81185 -9.85176
3.30827 -5.17476   1.06022 -8.60066
2.20889 -7.76119   0.95209 -9.93136
2.20889 -7.76119   -0.620998 -8.19189
2.20889 -7.76119   3.71018 -5.30276
2.20889 -7.76119   9.60421 -4.14765
2.20889 -7.76119   2.79048 -7.95082
2.20889 -7.76119   4.77264 -9.99909
2.20889 -7.76119   2.99719 -9.20868
2.20889 -7.76119   5.36849 -9.97715
2.20889 -7.76119   7.38159 -9.93854
3.99059 -4.28079   0.634262 -9.93642
3.99059 -4.28079   9.44299 -3.3944
3.99059 -4.28079   5.20275 -3.22788
3.99059 -4.28079   4.82902 -3.4419
3.99059 -4.28079   4.82855 -3.4098
3.99059 -4.28079   4.60928 -3.67633
3.99059 -4.28079   4.58917 -4.32029
3.99059 -4.28079   7.86056 -2.41736
3.99059 -4.28079   5.64714 -4.77049
3.99059 -4.28079   5.17991 -5.18802
3.99059 -4.28079   4.15309 -4.09332
3.99059 -4.28079   4.1421 -4.09622
3.99059 -4.28079   4.38252 -3.92822
3.99059 -4.28079   4.3792 -3.82761
3.99059 -4.28079   3.94339 -4.35785
3.99059 -4.28079   3.84674 -4.85252
3.99059 -4.28079   3.91724 -4.72401
3.99059 -4.28079   4.01303 -4.76953
3.99059 -4.28079   3.24504 -5.72544
3.99059 -4.28079   3.3435 -5.42729
3.99059 -4.28079   7.42152 -6.61476
3.99059 -4.28079   3.96287 -6.76626
3.99059 -4.28079   4.95841 -6.82047
3.99059 -4.28079   5.00027 -6.0144
3.99059 -4.28079   5.51008 -5.83375
3.99059 -4.28079   6.09198 -7.86423
3.99059 -4.28079   5.84597 -6.80059
3.99059 -4.28079   5.17677 -8.02261
3.99059 -4.28079   9.00722 -5.59469
3.99059 -4.28079   9.92072 -2.3744
3.99059 -4.28079   9.4348 -0.463907
3.99059 -4.28079   8.86428 -1.50215
3.99059 -4.28079   8.63066 -0.655213
3.99059 -4.28079   7.94082 -1.59528
3.99059 -4.28079   2.50472 -6.56201
3.99059 -4.28079   4.22977 -9.98094
3.99059 -4.28079   4.99715 -9.84442
3.99059 -4.28079   4.90853 -9.88975
3.99059 -4.28079   3.0345 -9.47181
3.99059 -4.28079   2.12636 -9.99437
3.99059 -4.28079   2.49335 -9.15258
3.99059 -4.28079   8.43043 -9.99423
3.99059 -4.28079   9.92354 -8.1314
3.99059 -4.28079   9.28634 -9.91063
3.99059 -4.28079   7.37116 -7.45162
3.99059 -4.28079   7.91236 -8.11106
3.99059 -4.28079   8.08702 -0.431088
3.99059 -4.28079   7.56269 -0.32688
3.99059 -4.28079   7.45343 -0.34022
3.99059 -4.28079   6.68247 -0.951878
3.99059 -4.28079   6.61566 -1.88208
3.99059 -4.28079   5.56738 -2.7009
1.04673 -6.76315   1.16229 -9.88985
1.04673 -6.76315   -0.907317 -8.45575
1.04673 -6.76315   2.74759 -7.28379
1.04673 -6.76315   3.22411 -7.48201
1.04673 -6.76315   1.4494 -9.82037
1.04673 -6.76315   4.7415 -8.10908
1.16229 -9.88985   0.970006 -9.72182
4.01868 -7.89271   0.752027 -9.96506
4.01868 -7.89271   0.159289 -7.1056
4.01868 -7.89271   6.28346 -5.35326
4.01868 -7.89271   1.3284 -9.98308
4.01868 -7.89271   4.92933 -8.44656
4.01868 -7.89271   5.41417 -9.9109
0.82068 -9.88097   0.737564 -9.98909
4.2463 -5.71357   0.701781 -9.90222
4.2463 -5.71357   5.36569 -3.82758
4.2463 -5.71357   3.71647 -5.28477
4.2463 -5.71357   1.86132 -6.18554
4.2463 -5.71357   2.49175 -8.89907
4.2463 -5.71357   5.68875 -2.54472
0.843588 -9.88551   1.13561 -9.97717
1.10854 -9.64893   1.11734 -9.99096
1.25388 -9.91608   1.15447 -9.97512
1.2197 -9.8742   0.951345 -9.98863
-0.0689169 -9.00541   0.777806 -9.85648
-0.0689169 -9.00541   0.58435 -9.95658
-0.0689169 -9.00541   -0.871182 -8.26212
-0.0689169 -9.00541   -2.14426 -9.58298
-0.0689169 -9.00541   0.662051 -7.50689
-0.0689169 -9.00541   3.60187 -6.90212
0.777806 -9.85648   -1.28534 -8.67289
-1.48912 -8.67964   0.695166 -9.96549
-1.48912 -8.67964   -1.3207 -9.43743
4.24823 -9.8575   0.737711 -9.99874
4.24823 -9.8575   4.92551 -6.8859
1.23564 -9.76455   1.05794 -9.90877
0.865005 -9.93543   3.88393 -4.95474
1.50273 -8.18559   0.997206 -9.96066
1.50273 -8.18559   0.792797 -7.05005
1.50273 -8.18559   1.30736 -6.71652
2.28758 -9.62072   0.764682 -9.98634
2.28758 -9.62072   3.11935 -7.57784
2.28758 -9.62072   2.18 -6.09564
2.28758 -9.62072   2.07402 -9.96369
2.28758 -9.62072   1.9427 -9.92494
2.28758 -9.62072   1.90771 -9.93388
2.28758 -9.62072   3.91563 -8.60409
2.76094 -7.25071   1.19579 -9.97055
2.76094 -7.25071   5.48444 -6.28843
2.76094 -7.25071   2.51083 -7.43502
-0.317052 -7.23556   0.817352 -9.8583
-0.317052 -7.23556   -0.27894 -7.14162
-0.317052 -7.23556   2.16344 -9.93804
-1.84 -9.09766   0.946097 -9.97335
0.593351 -9.56217   0.820188 -9.97576
4.50869 -6.88259   0.972686 -9.88069
0.972686 -9.88069   2.49396 -9.83288
3.57187 -8.14022   0.975521 -9.90769
3.57187 -8.14022   -1.47204 -8.9035
3.57187 -8.14022   1.66989 -6.31699
1.91319 -8.59374   1.11164 -9.9503
1.91319 -8.59374   1.22727 -7.68569
-2.09789 -8.95476   0.695394 -9.97813
-2.09789 -8.95476   -1.36509 -9.97988
-2.09789 -8.95476   -1.41622 -9.89948
-2.09789 -8.95476   -2.24786 -9.99343
-2.09789 -8.95476   -2.02353 -9.87613
-2.09789 -8.95476   -0.823425 -9.89151
-2.09789 -8.95476   -2.13088 -9.37699
-2.09789 -8.95476   -2.20266 -9.23351
-2.09789 -8.95476   -2.17863 -9.08338
-2.09789 -8.95476   -1.78555 -9.02191
-2.09789 -8.95476   -1.97182 -9.02519
-2.09789 -8.95476   2.25602 -9.56577
-0.662037 -7.81121   1.19149 -9.84589
-0.662037 -7.81121   -1.44662 -9.94568
-0.662037 -7.81121   0.0635567 -7.12173
-0.662037 -7.81121   -0.318607 -7.54298
-0.662037 -7.81121   0.758332 -7.81171
-0.662037 -7.81121   3.24815 -7.48226
-0.662037 -7.81121   2.60013 -9.56869
6.46192 -6.6298   1.06658 -9.96095
8.56947 -6.50884   0.787886 -9.76729
8.56947 -6.50884   9.89703 -7.34542
4.49449 -6.02508   1.05996 -9.92283
-2.31271 -9.9512   0.443095 -9.55718
-2.31271 -9.9512   4.34389 -7.0549
-2.31271 -9.9512   5.25769 -7.54332
-1.09159 -9.8692   0.383305 -9.68667
-1.09159 -9.8692   -0.88466 -9.96641
-1.09159 -9.8692   -0.663162 -9.58025
0.383305 -9.68667   1.26226 -6.73487
-0.024444 -9.18992   0.539135 -9.67913
-0.024444 -9.18992   4.78315 -5.01904
-0.024444 -9.18992   7.11341 -5.55932
-0.024444 -9.18992   4.43776 -8.13011
0.093959 -9.29326   0.593351 -9.56217
-0.871182 -8.26212   0.412802 -9.88263
0.412802 -9.88263   -0.970211 -8.46524
0.412802 -9.88263   7.90255 -4.13046
0.412802 -9.88263   1.65016 -6.40787
0.412802 -9.88263   1.71457 -6.40091
0.482591 -9.92374   0.438717 -9.97656
4.6693 -4.55273   0.489008 -9.99685
4.6693 -4.55273   5.37461 -3.82412
4.6693 -4.55273   5.25343 -4.18531
4.6693 -4.55273   4.01048 -4.75602
4.6693 -4.55273   9.97012 -2.43473
4.6693 -4.55273   1.29727 -8.23307
4.6693 -4.55273   8.49557 -9.89364
1.6845 -8.38889   0.525232 -9.97743
1.6845 -8.38889   2.27449 -6.47728
3.44594 -8.92364   0.608036 -9.99286
3.44594 -8.92364   1.84958 -6.30707
3.44594 -8.92364   4.36532 -9.75544
3.44594 -8.92364   2.67827 -9.94694
0.902185 -9.62855   0.393721 -9.92863
-0.752836 -8.04085   0.575701 -9.88767
-0.752836 -8.04085   -1.68096 -9.98238
-0.752836 -8.04085   -2.26547 -9.64619
0.356908 -8.88721   0.451979 -9.92865
0.356908 -8.88721   -1.30595 -9.96157
0.356908 -8.88721   0.296054 -7.25851
0.356908 -8.88721   -0.00453932 -8.36578
2.45281 -8.59635   0.864983 -9.55341
2.45281 -8.59635   -0.601916 -8.12312
2.45281 -8.59635   5.43088 -5.78874
2.45281 -8.59635   3.09074 -9.89028
2.45281 -8.59635   3.2467 -8.26514
2.45281 -8.59635   6.20874 -9.99075
0.864983 -9.55341   -1.18861 -8.62838
0.864983 -9.55341   -0.81469 -8.86973
0.864983 -9.55341   -2.2112 -9.72833
0.864983 -9.55341   -0.404584 -8.0674
0.864983 -9.55341   4.94502 -6.57098
0.864983 -9.55341   1.2197 -9.8742
5.80847 -2.38499   0.897241 -9.72259
5.80847 -2.38499   8.77915 -3.00611
5.80847 -2.38499   6.4923 -2.2276
5.80847 -2.38499   4.6998 -3.42129
5.80847 -2.38499   4.63574 -1.39481
5.80847 -2.38499   4.81822 -1.86705
9.83467 -1.01283   1.10854 -9.64893
1.86578 -8.87608   0.902185 -9.62855
1.86578 -8.87608   0.0877084 -7.29223
1.86578 -8.87608   0.595019 -7.9157
1.86578 -8.87608   0.792318 -8.14661
1.86578 -8.87608   2.93618 -8.45379
1.86578 -8.87608   1.66793 -8.74023
1.86578 -8.87608   4.42357 -8.82915
5.87903 -7.80269   0.0250114 -8.6494
5.87903 -7.80269   -1.9199 -9.55994
5.87903 -7.80269   2.83539 -5.9116
5.87903 -7.80269   5.02383 -7.11281
5.87903 -7.80269   3.68259 -9.86052
0.0250114 -8.6494   -0.8938 -8.42849
0.0250114 -8.6494   1.68345 -7.1586
4.39008 -9.99525   0.0983694 -8.6754
2.24378 -9.87246   -0.0689169 -9.00541
0.348286 -8.46087   -0.761578 -8.27291
0.348286 -8.46087   -1.16676 -9.9504
0.348286 -8.46087   1.28626 -6.63936
0.348286 -8.46087   1.6503 -9.56487
0.00310026 -8.98492   0.0158938 -8.94919
0.0158938 -8.94919   -0.752836 -8.04085
0.0889671 -8.9496   1.3257 -9.94379
6.04749 -4.1193   -0.325679 -8.63581
6.04749 -4.1193   6.01894 -4.08673
6.04749 -4.1193   9.77593 -9.8765
-0.325679 -8.63581   -0.329208 -8.67387
-0.325679 -8.63581   -2.06211 -9.61021
-2.19937 -9.14989   0.093959 -9.29326
-2.19937 -9.14989   -1.67412 -9.87854
-2.19937 -9.14989   -2.41638 -9.97317
-2.19937 -9.14989   -2.09856 -9.61918
-2.19937 -9.14989   -1.87479 -9.86574
-2.19937 -9.14989   -2.01386 -9.85495
-2.19937 -9.14989   -1.87372 -9.87409
-2.19937 -9.14989   -2.17084 -9.04146
-2.19937 -9.14989   -1.85117 -8.86757
-2.19937 -9.14989   -1.82893 -8.84086
-2.19937 -9.14989   -2.07937 -8.95272
-2.19937 -9.14989   -2.06164 -8.96466
-2.19937 -9.14989   -2.06557 -8.94471
-2.19937 -9.14989   0.979725 -7.10973
5.14929 -7.65376   0.386607 -9.04271
5.14929 -7.65376   8.14243 -3.83697
0.386607 -9.04271   -1.38465 -8.86571
3.43411 -5.12102   0.283521 -8.65361
3.43411 -5.12102   3.30827 -5.17476
3.43411 -5.12102   6.68486 -9.82668
0.283521 -8.65361   0.43643 -7.07147
0.283521 -8.65361   0.523504 -7.01193
-1.28196 -9.97548   -0.443845 -8.95633
-1.28196 -9.97548   -1.66125 -9.88144
9.12537 -2.1845   0.356908 -8.88721
9.12537 -2.1845   9.95564 -0.876515
9.12537 -2.1845   8.87325 -1.75625
9.12537 -2.1845   9.8858 -2.98703
0.471445 -9.00424   -0.566253 -7.72317
-2.40949 -9.82115   0.0434587 -9.1898
-2.40949 -9.82115   -2.23411 -9.91788
-2.40949 -9.82115   -2.28 -9.96927
-2.40949 -9.82115   -2.423 -9.95111
-2.40949 -9.82115   -2.23048 -9.96986
-2.40949 -9.82115   -2.32115 -9.92163
-2.40949 -9.82115   -2.36171 -9.94406
-2.40949 -9.82115   -2.25168 -9.95392
-2.40949 -9.82115   -2.34284 -9.96314
-2.40949 -9.82115   -2.40463 -9.92855
-2.40949 -9.82115   -1.86677 -8.89254
-2.40949 -9.82115   1.1859 -6.61136
-2.40949 -9.82115   6.33136 -4.54764
-2.40949 -9.82115   4.47385 -6.59776
-2.40949 -9.82115   1.599 -9.27763
0.474442 -8.79178   0.462315 -7.73242
3.95592 -7.99265   -0.304251 -9.22977
8.30685 -3.80132   -0.420067 -8.45356
2.07117 -6.74357   0.285556 -8.88826
8.65619 -8.48499   0.3013 -8.76437
8.65619 -8.48499   4.08767 -9.2532
8.65619 -8.48499   9.96423 -7.10052
8.65619 -8.48499   7.7189 -9.83706
8.65619 -8.48499   9.47396 -9.88468
-2.22915 -9.58871   -2.31271 -9.9512
-2.22915 -9.58871   -2.24628 -9.90778
-2.22915 -9.58871   -2.24911 -9.58937
-2.22915 -9.58871   -2.19802 -9.60066
-1.14096 -8.95169   -1.49756 -8.87568
-1.14096 -8.95169   -1.99067 -9.20443
-2.17084 -9.04146   -1.27855 -8.9297
-2.17084 -9.04146   -1.41408 -9.19499
-2.17084 -9.04146   -1.24595 -9.2813
-2.17084 -9.04146   -1.40226 -9.95318
-2.17084 -9.04146   -2.27607 -9.80842
-2.17084 -9.04146   -2.2224 -9.995
-2.17084 -9.04146   -2.29137 -9.90074
-2.17084 -9.04146   -2.03141 -9.9565
-2.17084 -9.04146   -2.0104 -9.96958
-2.17084 -9.04146   -0.980084 -9.97842
-2.17084 -9.04146   -1.35726 -9.95814
-2.17084 -9.04146   -1.03053 -9.99403
-2.17084 -9.04146   -2.20543 -9.19933
-2.17084 -9.04146   -2.20899 -9.18443
-2.17084 -9.04146   -1.78424 -9.31042
-2.17084 -9.04146   -2.09718 -8.95914
-2.17084 -9.04146   -2.09789 -8.95476
-2.17084 -9.04146   7.58007 -3.837
-2.17084 -9.04146   4.11787 -7.13933
-2.17084 -9.04146   5.15585 -7.98952
-2.17084 -9.04146   2.25967 -6.68331
-2.17084 -9.04146   2.62059 -8.88088
-0.819656 -9.69304   -1.10717 -8.58481
-0.819656 -9.69304   -0.617249 -9.73473
-0.819656 -9.69304   -1.21017 -9.98459
-1.1409 -8.9845   -1.33946 -8.80751
-1.1409 -8.9845   -1.90596 -9.94711
3.21218 -5.48752   -1.10737 -8.68703
-0.81469 -8.86973   6.37991 -7.64573
3.2467 -8.26514   -0.883036 -8.97407
3.2467 -8.26514   4.89762 -7.6022
3.2467 -8.26514   1.4821 -6.60848
3.2467 -8.26514   2.76094 -7.25071
3.2467 -8.26514   4.18935 -9.86238
3.2467 -8.26514   1.67168 -9.98246
-2.24121 -9.49738   -1.05504 -8.97252
-2.24121 -9.49738   -2.06808 -9.00947
-2.24121 -9.49738   1.8864 -6.01318
6.80959 -3.51777   -1.07424 -9.24486
6.80959 -3.51777   6.73506 -3.57164
6.80959 -3.51777   9.9248 -5.16824
6.80959 -3.51777   9.82285 -4.34396
6.80959 -3.51777   5.4353 -1.74145
0.00927497 -7.0291   -0.988485 -9.05353
0.00927497 -7.0291   -1.26098 -9.63624
0.00927497 -7.0291   0.207171 -7.16544
0.00927497 -7.0291   0.289763 -7.37009
0.00927497 -7.0291   4.8706 -9.98319
-0.907317 -8.45575   -0.879052 -8.5383
-0.907317 -8.45575   -0.0666591 -7.21303
-0.907317 -8.45575   6.97616 -6.49089
-1.71355 -8.8945   -1.02825 -8.41644
-1.71355 -8.8945   -0.838936 -9.95087
-1.71355 -8.8945   -1.95554 -9.40821
-1.02805 -8.35416   -1.03713 -8.21005
-0.756901 -8.47576   -0.801072 -8.29585
-0.756901 -8.47576   0.566129 -7.45785
-0.756901 -8.47576   5.00593 -9.76463
-0.0577615 -7.35115   -0.793578 -8.55247
-1.04291 -8.21697   -2.19399 -9.43174
-1.04291 -8.21697   4.0368 -8.68754
-1.28503 -9.84902   -0.653439 -8.67874
1.50422 -9.3346   -0.824398 -8.34891
1.50422 -9.3346   2.26859 -9.89662
-1.28883 -8.62287   -1.20599 -8.44176
-1.28883 -8.62287   -1.8398 -9.98488
-1.28883 -8.62287   2.08986 -7.46552
1.52293 -8.76172   -1.29198 -9.51969
1.52293 -8.76172   0.981735 -6.98192
1.52293 -8.76172   1.37649 -6.73807
-1.29198 -9.51969   -1.67308 -9.627
-1.29198 -9.51969   -1.80851 -9.9846
-1.29198 -9.51969   -1.15618 -9.8427
-1.29198 -9.51969   -1.84 -9.09766
-1.08166 -9.37732   -1.60167 -8.72656
-1.24595 -9.2813   -1.5956 -8.9617
-1.24595 -9.2813   7.0714 -8.43576
3.82847 -6.04141   -1.24835 -9.31515
-2.24911 -9.58937   -1.48471 -8.73251
-2.24911 -9.58937   -1.49697 -9.96179
-2.24911 -9.58937   -2.24034 -9.53531
-2.24911 -9.58937   -1.79337 -9.94812
-2.24911 -9.58937   -1.9327 -9.97225
-2.24911 -9.58937   -1.99869 -9.86431
-2.24911 -9.58937   -0.819656 -9.69304
-2.24911 -9.58937   -2.11425 -9.46384
-2.24034 -9.53531   -1.55596 -8.7925
-2.24034 -9.53531   -1.51049 -9.98829
-2.24034 -9.53531   -1.7684 -9.98203
-2.24034 -9.53531   -1.7732 -9.96226
-2.24034 -9.53531   -1.71355 -8.8945
-1.67981 -9.2318   -1.61226 -8.75627
-1.67981 -9.2318   -1.22295 -9.96419
-1.67981 -9.2318   -2.24121 -9.49738
-1.67981 -9.2318   -2.03866 -9.00401
-1.61226 -8.75627   -0.794995 -9.93006
-2.09774 -9.2982   -1.5267 -8.9147
-1.78424 -9.31042   -1.28991 -8.54357
-1.28991 -8.54357   0.220478 -7.41417
-1.57003 -8.884   -1.98382 -9.27
-2.0012 -9.39031   -1.64805 -9.01047
-2.13563 -9.983   -2.21939 -9.82286
-1.42453 -9.92893   -1.70892 -8.98183
-1.67308 -9.627   -1.44791 -9.98981
-1.67308 -9.627   -2.13439 -9.94302
-1.67308 -9.627   -2.0012 -9.39031
-1.67308 -9.627   2.28758 -9.62072
-1.52296 -9.89706   -1.8496 -8.94365
-2.00666 -9.7416   -1.69637 -9.98271
-1.82893 -8.84086   -1.59646 -9.96725
-1.82893 -8.84086   -1.67564 -9.93548
-1.82893 -8.84086   -1.76886 -9.06319
-1.15618 -9.8427   -1.56593 -9.90857
-1.95554 -9.40821   -1.71509 -9.87569
-1.87776 -9.88656   -1.74983 -9.99404
-2.20899 -9.18443   -1.66843 -9.99616
-2.20899 -9.18443   -2.08858 -9.90011
-2.20899 -9.18443   -2.03807 -8.99165
-2.41638 -9.97317   -2.37516 -9.7751
-2.41638 -9.97317   0.119968 -7.25407
-2.41638 -9.97317   3.04249 -7.29369
-2.41638 -9.97317   1.75659 -8.05023
-2.41638 -9.97317   4.47495 -9.49333
-2.31663 -9.98209   -1.95406 -9.12179
-2.37516 -9.7751   -2.40949 -9.82115
-2.37516 -9.7751   4.06457 -4.89361
-2.423 -9.95111   2.73886 -5.89226
-1.9199 -9.55994   -2.02122 -9.60256
2.00594 -6.85115   -2.22915 -9.58871
2.00594 -6.85115   -1.96895 -9.81214
2.00594 -6.85115   3.8631 -6.314
2.00594 -6.85115   2.04398 -9.82477
2.00594 -6.85115   2.46046 -7.25234
2.00594 -6.85115   2.45437 -6.90687
2.00594 -6.85115   2.60412 -7.59826
2.00594 -6.85115   1.6456 -6.11627
2.00594 -6.85115   4.63725 -9.14786
2.00594 -6.85115   2.81127 -9.82691
0.219806 -7.03644   -2.00666 -9.7416
0.219806 -7.03644   0.289472 -6.95881
0.219806 -7.03644   -0.483793 -7.51454
0.219806 -7.03644   -0.578287 -7.72043
0.219806 -7.03644   4.92328 -9.95939
0.219806 -7.03644   2.93126 -9.5196
0.219806 -7.03644   7.26271 -9.95323
5.49511 -4.89548   -2.03662 -9.69311
-1.96895 -9.81214   -1.97762 -9.94881
-1.79337 -9.94812   -2.10649 -9.25034
-2.10649 -9.25034   -1.85692 -9.84016
-2.10649 -9.25034   -2.06047 -9.08468
1.23665 -6.64051   -1.87776 -9.88656
1.23665 -6.64051   1.14846 -6.60439
1.23665 -6.64051   6.76428 -9.11591
1.7336 -5.91222   -2.00954 -9.9392
1.7336 -5.91222   -1.82149 -9.91438
1.7336 -5.91222   -1.14104 -9.96111
1.7336 -5.91222   7.78265 -5.05684
1.7336 -5.91222   2.90026 -6.42575
1.7336 -5.91222   2.91117 -5.48487
1.7336 -5.91222   4.60382 -6.66611
1.7336 -5.91222   2.53554 -7.45689
1.7336 -5.91222   1.84546 -5.8305
1.7336 -5.91222   3.73278 -8.15833
1.7336 -5.91222   5.28416 -9.97152
1.7336 -5.91222   1.77488 -5.82781
-1.95409 -8.89814   -2.10428 -9.97968
-1.95409 -8.89814   -2.08504 -9.00488
-1.95409 -8.89814   1.09093 -7.35031
-1.95409 -8.89814   3.13921 -9.6397
-1.79788 -9.83064   -0.106604 -7.21856
-0.401224 -7.91513   -2.08984 -9.87303
4.11787 -7.13933   -1.87789 -9.94179
0.0858438 -8.03642   -0.581598 -9.95754
0.0858438 -8.03642   -0.195216 -7.37357
0.0858438 -8.03642   0.843047 -7.75699
0.0858438 -8.03642   -0.478805 -7.77211
0.0858438 -8.03642   -0.668193 -8.1431
0.0858438 -8.03642   4.95112 -5.87899
-0.0538657 -7.11522   -0.629703 -9.89171
2.56465 -6.71125   -0.929544 -9.90712
-0.567438 -9.82643   -0.630341 -9.80992
-0.630341 -9.80992   4.08116 -8.83521
-0.823425 -9.89151   -1.99787 -9.12535
1.21432 -7.98243   -0.798251 -9.92316
1.21432 -7.98243   0.74138 -6.94761
1.21432 -7.98243   1.04224 -6.83613
1.21432 -7.98243   5.59594 -4.43396
1.21432 -7.98243   8.07161 -6.98947
1.21432 -7.98243   3.55085 -9.9637
1.21432 -7.98243   2.0606 -9.39763
1.21432 -7.98243   1.55577 -9.90067
-0.237697 -7.31183   -0.683723 -9.97545
-0.237697 -7.31183   -1.09159 -9.8692
-0.237697 -7.31183   -0.311633 -7.3515
-0.237697 -7.31183   0.0858438 -8.03642
-0.237697 -7.31183   2.28216 -8.26093
0.416347 -8.09234   -0.758175 -9.97664
0.159226 -6.99964   -0.666388 -9.92374
0.159226 -6.99964   0.00927497 -7.0291
0.159226 -6.99964   5.25515 -6.48852
0.159226 -6.99964   1.43323 -9.98764
3.94863 -6.80797   -0.752689 -9.91788
3.94863 -6.80797   6.74969 -2.58318
3.94863 -6.80797   2.37711 -5.77445
3.94863 -6.80797   3.21218 -5.48752
3.94863 -6.80797   4.09259 -6.15739
3.94863 -6.80797   4.55119 -6.36099
3.94863 -6.80797   4.36739 -9.95036
3.94863 -6.80797   4.63795 -8.71143
-2.20543 -9.19933   -0.677049 -9.96942
1.31851 -6.92562   -1.13389 -9.94393
-1.13389 -9.94393   1.90777 -7.06751
-0.365464 -7.46204   -1.3297 -9.92996
1.15538 -7.62276   -1.20299 -9.95951
1.15538 -7.62276   -0.158155 -7.45386
1.15538 -7.62276   0.482824 -7.73879
1.15538 -7.62276   1.65857 -7.6518
1.15538 -7.62276   1.40954 -7.16059
1.15538 -7.62276   5.76125 -9.91994
-0.238232 -7.22299   -1.36196 -9.85969
6.37489 -3.70774   -1.21018 -9.9218
6.37489 -3.70774   6.198 -4.3737
-0.338589 -7.33009   -1.16432 -9.98434
1.91667 -6.79375   -1.08456 -9.56941
1.91667 -6.79375   4.32893 -6.1679
1.91667 -6.79375   3.12987 -9.98394
1.91667 -6.79375   3.55127 -9.988
1.91667 -6.79375   2.87651 -9.86015
1.91667 -6.79375   1.30573 -9.8771
3.887 -8.73704   -1.23492 -9.68862
-0.120274 -8.08652   -0.566483 -9.4676
-0.120274 -8.08652   0.25056 -7.96367
-0.120274 -8.08652   -0.00885779 -7.68877
-0.120274 -8.08652   -0.228611 -8.03872
-2.16236 -9.12109   -1.97245 -9.23994
-2.09718 -8.95914   -2.18501 -9.15089
2.22827 -5.86199   -2.07665 -9.3949
-1.85117 -8.86757   -1.95409 -8.89814
-1.76886 -9.06319   3.1699 -8.80586
2.8738 -9.20779   -1.86112 -9.28906
2.8738 -9.20779   1.08713 -7.7319
2.8738 -9.20779   -0.477344 -8.06635
2.8738 -9.20779   -0.574041 -8.16397
2.8738 -9.20779   4.50869 -6.88259
2.8738 -9.20779   1.99634 -6.14361
2.8738 -9.20779   1.86204 -6.35705
2.8738 -9.20779   1.78994 -8.2875
2.8738 -9.20779   4.83251 -9.99077
2.8738 -9.20779   2.54911 -9.91798
2.8738 -9.20779   3.27252 -9.03763
2.8738 -9.20779   3.0037 -9.88788
2.8738 -9.20779   4.37322 -8.97519
3.08672 -7.26776   -1.87468 -9.29753
3.74786 -9.89424   -1.85348 -9.18422
2.16344 -9.93804   -2.01057 -9.13683
-0.369296 -7.79608   -0.0595387 -7.26333
2.96183 -9.88457   -0.237697 -7.31183
2.96183 -9.88457   3.0132 -9.97837
1.52359 -8.71817   -0.181966 -7.20657
1.52359 -8.71817   1.23102 -9.94806
1.52359 -8.71817   1.64107 -9.93014
-0.181966 -7.20657   -0.335957 -7.42109
-0.181966 -7.20657   -0.365464 -7.46204
-0.181966 -7.20657   1.61739 -6.81043
-0.128981 -7.14537   1.5699 -8.77156
-0.0623626 -7.10446   3.056 -7.37297
-0.685157 -7.88199   -0.252112 -7.21425
-0.685157 -7.88199   1.25388 -9.91608
2.00873 -7.60468   -0.110925 -7.24437
2.00873 -7.60468   1.09429 -6.98909
-0.163447 -7.13988   -0.2872 -7.22151
1.63794 -9.40078   -0.148939 -7.144
-0.30708 -7.20026   -0.152848 -7.11836
-0.30708 -7.20026   0.642651 -8.2935
-0.178245 -7.7269   -0.300619 -7.29021
2.33908 -9.96053   -0.0748252 -7.25274
-0.318607 -7.54298   -0.119683 -7.14799
1.41157 -8.25813   -0.171259 -7.2219
1.41157 -8.25813   9.85444 -6.8723
0.268255 -7.8906   -0.103855 -7.1612
0.268255 -7.8906   -0.436903 -7.69634
0.268255 -7.8906   -0.503433 -7.71853
-0.294859 -7.57345   -0.314651 -7.45751
2.88694 -7.54039   0.159226 -6.99964
-0.145341 -7.48388   1.33816 -7.29327
0.119968 -7.25407   0.868969 -7.82112
0.178795 -7.09917   1.95533 -8.07037
0.0470467 -7.36868   2.82726 -9.9369
1.71972 -7.40018   -0.0577615 -7.35115
1.71972 -7.40018   0.374743 -7.5195
1.71972 -7.40018   1.18524 -6.91464
1.71972 -7.40018   1.31851 -6.92562
0.220478 -7.41417   0.195295 -7.25431
-0.115462 -7.83866   7.16006 -5.7727
-0.24568 -7.6184   0.117681 -7.73241
0.30412 -7.60164   0.160791 -7.73189
0.30412 -7.60164   1.71933 -6.66109
0.30412 -7.60164   2.86275 -6.69814
0.30412 -7.60164   1.84707 -9.89552
0.843047 -7.75699   -0.369296 -7.79608
1.28836 -7.18115   -0.303002 -7.55074
0.00966691 -8.26839   -0.24568 -7.6184
0.00966691 -8.26839   7.63506 -5.05303
6.25388 -6.8901   -0.349697 -7.79288
3.66877 -7.12207   -0.418302 -7.62078
3.66877 -7.12207   2.48626 -5.81008
0.595019 -7.9157   -0.20728 -7.57712
0.386052 -7.99209   -0.294859 -7.57345
1.61894 -9.78679   -0.251482 -7.66368
1.61894 -9.78679   3.61504 -9.47289
3.22411 -7.48201   -0.494389 -7.66543
3.22411 -7.48201   2.81777 -5.70898
3.22411 -7.48201   4.2649 -5.771
3.22411 -7.48201   3.2524 -7.12071
2.88132 -8.39403   -0.28064 -7.65026
2.88132 -8.39403   1.38138 -8.33198
6.02366 -6.52343   0.555034 -7.39094
6.02366 -6.52343   4.92956 -9.83848
4.62218 -7.28219   0.460903 -7.13052
4.62218 -7.28219   3.55335 -5.30501
4.62218 -7.28219   2.69933 -9.88147
0.460903 -7.13052   5.51106 -6.99247
0.420647 -7.23413   0.329854 -7.05392
0.420647 -7.23413   6.69463 -5.86973
0.420647 -7.23413   1.41157 -8.25813
0.420647 -7.23413   2.35925 -9.8613
-0.228611 -8.03872   0.285901 -7.43771
-0.228611 -8.03872   -0.587065 -7.94114
-0.228611 -8.03872   2.34149 -6.21583
-0.228611 -8.03872   1.50273 -8.18559
0.868637 -6.98058   0.508591 -7.08184
0.662051 -7.50689   0.398388 -7.15642
0.662051 -7.50689   1.16858 -6.72806
0.662051 -7.50689   0.741383 -7.67581
1.59037 -6.08838   0.284403 -7.42765
1.59037 -6.08838   8.44842 -6.29528
1.59037 -6.08838   1.55159 -6.108
1.59037 -6.08838   3.43714 -9.86655
1.72903 -8.43305   0.329651 -7.20073
1.88832 -7.82287   0.300706 -7.21918
1.18524 -6.91464   3.82847 -6.04141
1.18524 -6.91464   1.33465 -6.69324
1.18524 -6.91464   2.18872 -6.1985
1.18524 -6.91464   5.76079 -8.30932
2.72111 -9.88703   0.959168 -6.84592
0.959168 -6.84592   2.52715 -5.87671
0.857107 -7.16294   0.792912 -7.00911
0.857107 -7.16294   2.01645 -6.03212
0.655634 -6.94323   -0.494187 -7.75969
0.655634 -6.94323   -0.690433 -7.98558
1.40954 -7.16059   1.16715 -6.66067
1.40954 -7.16059   1.76156 -6.69614
1.40954 -7.16059   1.28836 -7.18115
0.636176 -7.19897   1.50422 -9.3346
3.96718 -9.13245   1.10287 -6.8376
3.96718 -9.13245   3.66104 -9.93534
1.10287 -6.8376   0.807878 -6.84014
2.87693 -8.85641   1.07084 -6.99428
2.87693 -8.85641   4.3849 -6.29772
2.87693 -8.85641   2.15481 -7.0001
2.87693 -8.85641   2.51292 -8.75705
2.87693 -8.85641   7.84845 0.0969859
0.81499 -8.1361   0.990268 -6.75277
1.53969 -7.39104   0.641724 -7.00669
1.53969 -7.39104   0.757286 -6.97052
1.09093 -7.35031   0.986676 -6.73132
1.09093 -7.35031   1.2593 -6.56938
0.986676 -6.73132   1.47608 -6.99622
2.99719 -9.20868   1.14348 -6.88485
1.14348 -6.88485   8.63697 -4.63945
1.14348 -6.88485   7.89705 -3.45823
2.28216 -8.26093   1.06905 -6.84921
2.28216 -8.26093   2.74643 -5.80152
2.28216 -8.26093   2.60146 -8.34074
2.28216 -8.26093   1.73823 -7.92119
3.70501 -7.6233   0.519665 -6.92381
3.70501 -7.6233   1.59592 -6.22673
0.519665 -6.92381   1.63244 -7.18507
1.93559 -7.9881   0.650842 -7.12444
1.86954 -6.28247   1.17993 -6.48774
1.17993 -6.48774   1.07815 -6.53696
1.55538 -8.8372   0.982274 -6.89
1.55538 -8.8372   3.18978 -7.40829
1.9376 -7.96547   0.590107 -7.03605
1.07643 -8.02966   0.972103 -7.97048
1.07643 -8.02966   4.65437 -5.55321
1.07643 -8.02966   5.31034 -9.4057
1.68345 -7.1586   0.980522 -7.74518
1.68345 -7.1586   9.19582 -4.35198
1.68345 -7.1586   1.33707 -6.79807
3.2524 -7.12071   1.08212 -7.80547
3.2524 -7.12071   1.8566 -7.96516
0.741383 -7.67581   2.68487 -9.83038
1.69355 -5.95162   0.28599 -8.31902
1.69355 -5.95162   4.08482 -5.69762
1.69355 -5.95162   1.41749 -9.8251
0.868969 -7.82112   1.87846 -8.45494
7.52826 -5.88791   0.848797 -7.38021
2.28812 -6.76978   0.56704 -7.6655
2.28812 -6.76978   2.98485 -7.47101
1.55159 -6.108   1.08352 -7.37274
1.55159 -6.108   -0.0544986 -8.27754
1.55159 -6.108   5.87883 -6.48427
1.55159 -6.108   5.52869 -8.05574
1.55159 -6.108   1.88283 -5.83747
1.55159 -6.108   3.13903 -8.45669
1.95502 -7.23753   0.573993 -7.56759
1.95502 -7.23753   1.71972 -7.40018
1.95502 -7.23753   4.24198 -9.8783
6.06503 -8.78373   0.00966691 -8.26839
6.06503 -8.78373   3.79564 -6.1221
6.06503 -8.78373   2.02274 -6.24237
6.06503 -8.78373   4.39008 -9.99525
6.06503 -8.78373   4.65322 -8.26731
6.06503 -8.78373   5.93328 -9.93495
6.06503 -8.78373   7.3089 -9.93538
6.06503 -8.78373   7.23194 -9.99639
6.06503 -8.78373   5.8535 -9.0659
6.06503 -8.78373   7.99237 -9.92174
6.06503 -8.78373   9.98084 -9.84934
-0.193274 -8.25544   -0.392873 -8.14475
-0.392873 -8.14475   -0.54475 -8.22286
2.92414 -5.79232   -0.740582 -8.16338
1.39918 -8.75486   -0.682452 -8.16868
4.50729 -9.45287   -0.407617 -8.06425
4.50729 -9.45287   5.07584 -9.8702
4.50729 -9.45287   4.75834 -9.66013
4.50729 -9.45287   4.13044 -9.31756
7.45343 -0.34022   9.86352 1.45475
7.45343 -0.34022   4.74184 4.04022
9.10111 3.02894   9.98023 1.06161
9.10111 3.02894   9.87052 2.43117
9.10111 3.02894   9.97385 2.59897
9.10111 3.02894   9.87122 2.36245
9.10111 3.02894   8.99917 8.84591
9.10111 3.02894   9.89371 3.35605
9.10111 3.02894   9.87282 6.45956
9.10111 3.02894   9.38939 -2.31569
9.10111 3.02894   6.69759 1.46881
9.29352 0.415335   9.93011 1.26578
9.29352 0.415335   9.99864 1.10937
9.29352 0.415335   9.96216 1.10992
9.29352 0.415335   9.94874 1.36345
9.29352 0.415335   4.22291 -4.18198
9.29352 0.415335   8.58157 1.61846
9.93011 1.26578   9.9868 1.27065
9.93011 1.26578   9.98324 1.50691
9.93011 1.26578   7.89602 1.16486
9.9868 1.27065   9.99373 1.4193
7.69942 0.369593   9.83352 1.0071
7.69942 0.369593   6.12528 4.90075
7.69942 0.369593   9.84789 3.71421
7.69942 0.369593   7.91973 5.17712
7.69942 0.369593   7.1057 -3.46816
7.69942 0.369593   8.87373 -3.40097
7.69942 0.369593   9.83613 -0.830655
7.69942 0.369593   8.46953 -0.618387
7.69942 0.369593   9.9503 -2.6126
7.69942 0.369593   3.22099 0.0200229
7.69942 0.369593   9.0405 0.0745681
7.69942 0.369593   8.50755 1.15367
7.69942 0.369593   6.16847 -1.03673
9.83352 1.0071   9.93146 0.865817
6.05171 3.29223   9.98964 1.18524
6.05171 3.29223   6.42481 4.00743
6.05171 3.29223   6.80641 3.90225
6.05171 3.29223   5.80619 3.23033
6.05171 3.29223   5.9674 2.34541
6.05171 3.29223   6.80162 2.65084
6.05171 3.29223   5.44953 0.74649
9.89128 1.15474   8.48904 8.75475
8.51037 2.56444   9.91172 0.859135
8.51037 2.56444   5.35767 -0.587037
8.59747 1.11486   9.95714 1.07522
9.97889 1.09812   9.88619 0.908223
9.14258 1.30462   9.90777 1.24506
9.14258 1.30462   3.72459 -0.115176
9.14258 1.30462   8.97968 0.277205
9.14258 1.30462   8.92849 1.14377
9.14258 1.30462   9.10891 1.44741
7.53577 2.73817   9.8381 0.898584
4.45011 -3.64696   9.86257 0.898183
4.45011 -3.64696   4.27072 -3.96111
4.45011 -3.64696   7.0752 1.46366
4.45011 -3.64696   4.45056 -3.504
7.12414 -1.69086   9.94505 0.873153
7.12414 -1.69086   9.98117 1.44225
7.12414 -1.69086   7.71416 -4.68039
7.12414 -1.69086   9.86016 -3.12146
7.12414 -1.69086   5.74447 1.50435
6.90302 0.143508   9.99 0.80629
9.99 0.80629   8.38733 3.23473
8.62072 0.969975   9.90853 1.00031
8.62072 0.969975   9.73482 1.88102
8.62072 0.969975   9.98696 1.55671
8.62072 0.969975   9.94395 -0.905573
8.62072 0.969975   8.11482 1.32535
9.25995 0.560951   9.99756 0.918483
9.25995 0.560951   7.38112 -2.05996
9.25995 0.560951   9.05934 -1.21311
9.25995 0.560951   9.35284 0.523408
4.95715 0.89466   9.92469 1.06714
4.95715 0.89466   6.14061 0.225984
3.85087 -0.103816   9.8973 1.02321
3.85087 -0.103816   5.51485 1.44022
8.53233 0.986661   9.97137 1.30937
4.0883 1.5   9.99104 1.10557
4.0883 1.5   4.13371 1.39678
8.8532 -0.754491   9.93743 0.989849
8.8532 -0.754491   8.13546 -0.980626
9.62857 0.948232   9.81938 1.29416
9.62857 0.948232   9.95438 1.01093
9.62857 0.948232   9.98404 5.11761
9.62857 0.948232   8.00154 -1.03983
9.62857 0.948232   9.99983 -3.16547
9.62857 0.948232   9.57777 0.839043
9.81938 1.29416   4.54167 -4.5618
7.34986 2.17076   9.72026 1.22591
7.34986 2.17076   9.93156 3.03559
7.34986 2.17076   4.2681 -0.429005
7.34986 2.17076   5.99421 3.11481
9.72026 1.22591   9.95505 1.27578
9.72026 1.22591   8.12467 4.08264
7.54386 -2.28685   9.96976 0.815514
7.54386 -2.28685   6.39929 -3.31879
7.54386 -2.28685   9.948 -3.28998
7.54386 -2.28685   3.67099 -0.323994
7.54386 -2.28685   4.08722 -0.869278
7.54386 -2.28685   7.6749 -0.400975
7.54386 -2.28685   7.47706 2.49602
5.21953 6.55239   9.94029 0.925686
7.17716 -5.00964   9.96469 0.957425
7.17716 -5.00964   5.42986 -5.45048
7.17716 -5.00964   9.87466 -4.03458
7.17716 -5.00964   7.66386 0.122097
9.96469 0.957425   4.51214 0.11675
3.38943 -0.0653058   9.97037 1.23662
7.80392 2.1829   9.99302 1.18041
7.80392 2.1829   9.97723 -1.18257
8.06417 0.263404   9.97433 1.0608
8.06417 0.263404   9.91465 -2.21096
8.06417 0.263404   7.86206 0.426987
5.37065 1.4097   9.94567 0.82455
5.37065 1.4097   5.68311 2.00178
5.57298 -4.04601   9.98272 0.878604
5.57298 -4.04601   9.0407 -3.64998
5.57298 -4.04601   8.38687 -6.99465
7.16254 -2.66232   9.96151 0.804924
7.16254 -2.66232   8.21977 -3.56059
7.98833 2.59491   9.85236 0.911223
7.98833 2.59491   7.48102 6.92884
7.98833 2.59491   7.2764 3.89104
8.89544 1.17192   9.96707 0.868583
8.89544 1.17192   9.89803 2.30367
8.89544 1.17192   8.84789 7.68597
8.89544 1.17192   8.77358 1.29924
9.30787 1.6985   9.89491 2.1142
9.30787 1.6985   9.21451 1.16234
9.8996 1.86765   9.73357 6.5429
9.8996 1.86765   8.42227 -4.49703
9.8996 1.86765   6.11973 0.27538
9.73351 1.71426   9.95258 2.09774
9.73351 1.71426   8.39893 2.48057
9.73351 1.71426   7.04123 1.17807
7.95726 0.27394   9.95213 1.95748
7.95726 0.27394   4.75649 -3.28572
8.54308 3.98302   9.96595 1.9346
8.69193 1.71287   9.95144 2.01478
8.69193 1.71287   8.5052 1.71242
9.73482 1.88102   8.26439 0.602607
8.45183 3.85635   9.86162 2.02109
8.45183 3.85635   9.93531 5.15996
8.45183 3.85635   7.05973 5.68815
9.86162 2.02109   9.98298 1.83457
8.59442 -0.0089817   9.92601 2.00571
8.59442 -0.0089817   5.49034 5.19316
8.59442 -0.0089817   7.24509 -3.89557
8.59442 -0.0089817   9.91035 -0.325729
8.59442 -0.0089817   8.1156 -1.59357
8.59442 -0.0089817   7.82269 -1.6122
8.59442 -0.0089817   2.92538 4.45253
8.59442 -0.0089817   8.98018 0.459656
8.59442 -0.0089817   7.6012 -0.754524
8.59442 -0.0089817   6.90045 0.682197
6.59899 1.88787   9.98442 1.94686
7.49113 0.786548   9.95628 2.21795
7.49113 0.786548   5.63513 5.96233
7.49113 0.786548   7.81333 3.01446
7.49113 0.786548   9.89872 -1.90416
7.49113 0.786548   9.93926 -1.86864
7.49113 0.786548   9.01932 1.11466
7.49113 0.786548   5.16735 -2.30532
9.20949 2.79236   9.96795 2.16865
9.20949 2.79236   9.34398 2.84165
9.20949 2.79236   8.4139 2.85706
9.20949 2.79236   9.87686 3.67645
9.20949 2.79236   8.67538 6.3199
9.20949 2.79236   8.86528 1.64225
9.20949 2.79236   6.28323 -1.26768
9.68447 2.52475   9.84395 2.06513
9.68447 2.52475   9.85387 2.5925
9.36558 1.54037   9.90535 1.54679
9.36558 1.54037   6.28463 -2.25361
8.29064 1.96129   9.54237 1.42887
8.29064 1.96129   9.98342 1.7439
8.29064 1.96129   7.53577 2.73817
9.54237 1.42887   9.8927 1.67801
9.54237 1.42887   9.03685 2.01156
9.54237 1.42887   9.51233 -1.43417
9.54237 1.42887   1.2389 1.06784
3.8684 -5.20115   9.51721 1.47041
3.8684 -5.20115   3.77191 -5.14725
3.8684 -5.20115   3.68135 -5.25451
3.8684 -5.20115   4.49544 -6.17787
3.8684 -5.20115   9.85689 -7.8405
9.94461 1.81238   9.44184 1.26916
9.44184 1.26916   9.25827 3.05541
7.60898 -0.619583   9.31262 1.47252
7.60898 -0.619583   7.43739 -0.66834
7.60898 -0.619583   4.35251 -0.944302
9.11363 1.86922   9.32133 1.35233
9.11363 1.86922   8.01197 1.23554
8.77147 -0.863844   9.99746 1.6227
8.77147 -0.863844   4.92087 -3.90681
8.77147 -0.863844   9.90008 -0.589096
8.77147 -0.863844   4.15449 3.13282
4.20673 0.699797   9.90687 1.63295
4.20673 0.699797   4.35457 1.16583
4.20673 0.699797   4.1636 2.01697
4.20673 0.699797   2.60826 2.61929
4.20673 0.699797   3.87987 -0.242899
4.20673 0.699797   3.30574 0.116594
4.20673 0.699797   4.41658 0.013578
4.20673 0.699797   7.09764 2.23445
7.78275 -1.7567   9.94461 1.81238
7.78275 -1.7567   9.96619 -1.81306
7.78275 -1.7567   9.94712 -2.01119
7.78275 -1.7567   8.41649 -1.85831
7.78275 -1.7567   7.90472 -1.79136
7.78275 -1.7567   7.11012 -8.63942
7.76834 4.11474   9.73351 1.71426
7.76834 4.11474   6.71322 5.2184
7.76834 4.11474   7.38712 5.18971
7.76834 4.11474   6.03519 3.31832
9.99004 1.717   6.32008 3.6447
9.99373 1.4193   7.67518 3.72531
8.15615 1.63031   9.96494 1.5419
8.15615 1.63031   7.80392 2.1829
8.15615 1.63031   7.39285 1.10058
9.13733 2.3068   9.96307 1.67378
9.13733 2.3068   8.88466 1.8258
9.13733 2.3068   8.05246 -1.18861
9.13733 2.3068   8.21766 -0.555124
9.13733 2.3068   6.26661 -1.03197
8.40652 5.62108   9.9933 1.62904
8.40652 5.62108   9.55884 4.35693
8.40652 5.62108   8.53342 4.89353
8.40652 5.62108   7.81463 -2.99786
8.08702 -0.431088   9.90373 1.46563
8.08702 -0.431088   8.49319 -1.75229
8.08702 -0.431088   8.05275 -1.8828
8.08702 -0.431088   6.60714 1.97141
8.08702 -0.431088   7.60268 -0.136309
8.08702 -0.431088   9.91524 0.756175
9.90373 1.46563   6.00735 -3.9172
8.06382 2.84343   9.99587 1.45522
8.06382 2.84343   8.79405 -1.54692
6.87888 5.07645   9.91988 1.68915
6.87888 5.07645   6.29502 6.59292
6.95228 1.2357   9.84972 1.78151
6.95228 1.2357   9.10111 3.02894
9.84972 1.78151   9.96218 1.60279
9.84972 1.78151   7.16868 0.144241
8.72539 -0.97397   9.97981 1.68567
9.97981 1.68567   8.11924 0.909508
5.36256 4.8757   9.93333 1.69127
5.36256 4.8757   5.13871 2.60865
4.02364 5.26911   9.89712 1.52128
4.02364 5.26911   3.08627 4.56124
5.76206 0.0674229   9.82996 1.49625
5.76206 0.0674229   7.39414 -2.83025
5.76206 0.0674229   3.22287 3.86289
5.76206 0.0674229   5.85819 0.100239
9.33009 -0.421898   9.96362 1.53985
9.33009 -0.421898   8.8765 7.176
9.33009 -0.421898   9.21316 -0.760069
9.33009 -0.421898   8.11733 0.832504
7.47706 2.49602   9.98022 1.59777
7.47706 2.49602   9.68447 2.52475
7.47706 2.49602   9.01659 3.40536
7.47706 2.49602   6.57955 0.661627
8.74147 2.03468   9.99128 1.66609
8.74147 2.03468   9.88314 3.81737
8.74147 2.03468   9.95861 5.31379
8.74147 2.03468   9.95291 -0.309896
8.74147 2.03468   8.822 1.18062
8.88466 1.8258   9.90298 1.85508
8.88466 1.8258   7.76096 7.58455
8.88466 1.8258   9.99342 4.79237
8.88466 1.8258   8.34786 4.4839
9.26881 2.55535   9.94329 1.36466
9.0383 -4.88877   9.99061 1.6043
9.0383 -4.88877   9.94351 -5.60523
9.0383 -4.88877   8.83478 -5.8565
9.10891 1.44741   9.99161 1.3555
9.10891 1.44741   9.11363 1.86922
7.96854 2.87902   8.25638 2.50509
7.96854 2.87902   9.38287 4.11558
3.95087 -1.07038   8.51037 2.56444
3.95087 -1.07038   9.83825 2.5974
3.95087 -1.07038   9.33305 2.36015
3.95087 -1.07038   9.96584 4.27464
3.95087 -1.07038   9.9064 4.13468
3.95087 -1.07038   7.1478 6.00398
3.95087 -1.07038   7.8714 -4.40713
3.95087 -1.07038   5.36863 -3.09347
3.95087 -1.07038   7.47454 -1.96924
3.95087 -1.07038   5.94111 -4.58523
3.95087 -1.07038   9.34577 -5.06771
3.95087 -1.07038   9.55075 -4.21812
3.95087 -1.07038   9.71856 -1.49768
3.95087 -1.07038   9.36714 -6.86418
3.95087 -1.07038   9.99018 -6.79737
3.95087 -1.07038   5.0568 2.28566
3.95087 -1.07038   3.99623 3.46709
3.95087 -1.07038   4.04353 -0.291913
3.95087 -1.07038   4.1106 -0.559807
3.95087 -1.07038   3.84182 -0.224652
3.95087 -1.07038   4.6902 -0.612303
3.95087 -1.07038   4.97035 -0.320162
3.95087 -1.07038   5.73696 -0.307216
3.95087 -1.07038   5.09201 0.341087
3.95087 -1.07038   6.47367 3.06072
3.95087 -1.07038   3.25039 1.18431
3.95087 -1.07038   7.71286 2.23248
3.95087 -1.07038   7.93743 1.01487
3.95087 -1.07038   6.7662 -1.80483
3.95087 -1.07038   6.89028 -1.36495
3.95087 -1.07038   7.04948 -1.46438
3.95087 -1.07038   6.4577 -1.35286
3.95087 -1.07038   4.23407 -1.06761
3.95087 -1.07038   4.35435 -1.30902
3.95087 -1.07038   4.24686 -0.917477
3.95087 -1.07038   4.84024 -0.939615
3.95087 -1.07038   4.66323 -0.823983
3.95087 -1.07038   4.27137 -1.46138
3.95087 -1.07038   4.99022 -2.32628
3.95087 -1.07038   5.19164 -2.72213
3.95087 -1.07038   5.07593 -2.17255
3.95087 -1.07038   6.22161 -1.88726
3.95087 -1.07038   6.31959 -1.97019
8.61055 2.43069   8.71724 2.53324
8.61055 2.43069   9.87574 2.75812
8.61055 2.43069   9.95527 2.62985
8.61055 2.43069   6.72044 5.83348
8.61055 2.43069   5.21953 6.55239
5.71375 0.259406   8.30132 2.27853
5.71375 0.259406   7.30555 -3.99125
5.71375 0.259406   8.05632 -2.04124
5.71375 0.259406   8.00977 -1.69825
5.71375 0.259406   5.32545 0.562785
5.71375 0.259406   8.19437 -0.596625
8.30132 2.27853   8.24267 2.09219
5.20275 -3.22788   8.30123 2.33227
5.20275 -3.22788   5.93403 2.16589
8.12904 -1.09899   8.18865 2.4038
8.12904 -1.09899   5.87173 -3.0265
8.18865 2.4038   9.9295 3.03555
8.18865 2.4038   7.3062 3.3126
2.98996 0.0907793   8.30281 2.4673
2.98996 0.0907793   6.83524 -1.20857
9.77004 4.15734   8.53684 2.3392
9.77004 4.15734   9.93342 3.77424
7.22181 0.795383   8.35243 2.30827
7.22181 0.795383   7.32717 0.368442
9.38287 4.11558   8.27378 2.2342
8.39893 2.48057   8.10471 2.47831
8.60975 6.55893   9.98557 3.12069
8.60975 6.55893   9.92769 7.86198
8.60975 6.55893   9.81964 8.56032
8.60975 6.55893   8.27654 7.1843
8.60975 6.55893   9.95592 3.95458
8.60975 6.55893   8.86267 6.79069
8.60975 6.55893   8.67565 6.7152
8.60975 6.55893   7.36947 2.68766
8.60975 6.55893   4.82256 -1.78229
8.06202 5.24765   9.97228 2.96143
8.06202 5.24765   9.83018 9.8956
8.06202 5.24765   6.87847 7.86571
8.06202 5.24765   9.87549 6.54352
8.84211 3.83536   9.91947 3.02441
8.84211 3.83536   9.83715 4.30724
8.84211 3.83536   9.61784 4.66742
8.84211 3.83536   9.8923 4.12891
8.84211 3.83536   9.88134 3.39342
8.84211 3.83536   9.11787 6.38668
8.84211 3.83536   8.08738 4.47046
8.84211 3.83536   5.65993 1.14895
4.30791 2.23446   9.95209 2.98561
4.30791 2.23446   3.03899 0.347227
4.30791 2.23446   1.79467 0.703677
4.30791 2.23446   0.138818 1.36244
7.87873 3.57234   9.75189 2.97403
7.87873 3.57234   9.84891 2.54778
7.87873 3.57234   9.87845 3.79858
9.75189 2.97403   9.94394 2.50993
7.27161 -0.096613   9.89379 2.91249
7.27161 -0.096613   8.69131 -1.77322
7.27161 -0.096613   7.42944 -0.101409
7.27161 -0.096613   6.63029 0.295414
7.27161 -0.096613   5.97406 -0.899365
5.52944 2.59841   9.88144 3.09237
5.52944 2.59841   3.91026 2.22401
9.76692 3.28447   9.95321 3.00759
6.69386 4.93508   9.92163 2.90931
6.69386 4.93508   6.0513 4.8274
4.44039 -2.21186   9.84856 3.10863
4.44039 -2.21186   6.43747 -4.04705
4.44039 -2.21186   6.45752 -5.03673
4.44039 -2.21186   5.55983 -4.87725
4.44039 -2.21186   4.68397 -5.12838
4.44039 -2.21186   9.98621 -5.73892
4.44039 -2.21186   9.34654 -7.93803
4.44039 -2.21186   9.93911 -7.81358
4.44039 -2.21186   9.94741 -7.21679
4.44039 -2.21186   4.864 1.10218
4.44039 -2.21186   4.76122 -0.629416
4.44039 -2.21186   5.26302 0.262417
4.44039 -2.21186   6.10077 0.534362
4.44039 -2.21186   6.59899 1.88787
4.44039 -2.21186   4.76051 -2.55711
4.44039 -2.21186   5.65682 -0.869225
4.44039 -2.21186   6.74757 -1.58674
4.44039 -2.21186   6.25124 -1.24635
6.35132 -0.391642   9.73493 2.72182
5.9885 4.68158   9.89394 3.0008
5.9885 4.68158   6.71706 3.90369
5.9885 4.68158   5.64104 4.14581
5.9885 4.68158   1.64516 0.917772
3.92722 4.55223   9.91105 3.13505
3.92722 4.55223   5.36483 4.5036
3.92722 4.55223   2.84432 3.31128
6.72475 1.42706   9.93226 2.37155
6.72475 1.42706   4.35741 3.36289
8.6667 1.19284   9.91075 2.467
8.6667 1.19284   5.86565 3.17454
9.47894 2.82049   9.99046 2.49505
9.47894 2.82049   9.96337 2.54614
9.9115 2.25512   9.99332 2.49562
7.4891 4.40307   9.47894 2.82049
7.4891 4.40307   7.79845 7.29323
7.4891 4.40307   9.25451 7.22208
7.4891 4.40307   7.40062 4.08759
9.00895 5.3609   9.55402 3.06793
9.00895 5.3609   9.19461 6.0693
9.00895 5.3609   9.99738 5.56867
9.55402 3.06793   5.9885 4.68158
9.55402 3.06793   7.65142 5.53678
9.96803 2.63449   9.50907 4.26213
6.98753 0.762103   9.92132 2.72809
6.98753 0.762103   7.90647 4.84142
6.98753 0.762103   9.94819 -1.30022
6.98753 0.762103   7.4926 -8.31515
6.98753 0.762103   9.89142 0.728022
9.92132 2.72809   7.28501 3.60227
9.9377 2.57703   8.15615 1.63031
6.1073 3.8883   9.94755 2.72218
6.1073 3.8883   5.07982 4.7101
6.1073 3.8883   6.54296 -3.39304
6.1073 3.8883   2.31471 3.08429
6.1073 3.8883   6.35025 3.36731
6.1073 3.8883   0.187827 0.497209
6.16847 -1.03673   9.96986 2.6142
6.16847 -1.03673   8.96934 2.49199
6.16847 -1.03673   9.93682 -4.20681
6.16847 -1.03673   5.75406 3.78475
6.16847 -1.03673   5.82976 -0.503859
6.16847 -1.03673   4.61593 -2.49745
6.23307 6.03869   9.99959 2.59268
6.23307 6.03869   9.08034 4.09923
6.23307 6.03869   7.45651 4.78238
6.23307 6.03869   0.652845 2.85239
7.60268 -0.136309   9.97109 2.58753
7.60268 -0.136309   9.41702 -3.64607
7.60268 -0.136309   9.05419 -1.13897
7.60268 -0.136309   9.39346 -0.691262
8.21397 3.22699   9.89292 2.52017
8.21397 3.22699   8.23119 3.33108
8.86612 1.71023   9.89502 2.60512
8.98331 3.27542   9.88053 2.71835
8.98331 3.27542   8.15086 3.37612
8.98331 3.27542   6.73174 2.87262
9.18618 2.27094   9.06625 2.19195
9.18618 2.27094   8.68413 4.02743
9.18618 2.27094   9.92639 3.3272
9.18618 2.27094   9.98197 0.0105451
7.72671 -0.693178   9.98654 2.31038
7.72671 -0.693178   8.25569 -3.58227
7.72671 -0.693178   9.87245 -3.49665
7.72671 -0.693178   6.55143 -0.0921629
7.72671 -0.693178   5.2692 -2.9442
7.72671 -0.693178   6.7016 -1.18939
9.89803 2.30367   7.84098 1.53697
9.36484 1.89442   9.22372 2.31632
9.36484 1.89442   6.59991 3.58047
9.36484 1.89442   8.24625 -1.52326
9.36484 1.89442   4.75177 3.07219
9.36484 1.89442   3.9381 0.948992
8.58157 1.61846   9.13733 2.3068
8.58157 1.61846   7.08483 5.14041
8.58157 1.61846   9.97786 0.577716
8.00154 -1.03983   9.30787 1.6985
8.00154 -1.03983   8.3611 0.730705
6.90277 5.30158   9.20949 2.79236
6.90277 5.30158   9.58052 9.56585
6.90277 5.30158   6.85156 5.28416
6.90277 5.30158   6.60175 1.89867
6.90277 5.30158   8.29064 1.96129
8.24653 4.4527   8.86612 1.71023
8.24653 4.4527   7.29275 5.31261
8.24653 4.4527   7.54236 4.61838
8.24653 4.4527   3.87634 3.71767
8.91091 4.28602   9.97034 2.24582
8.91091 4.28602   6.69364 4.24487
8.91091 4.28602   9.99394 3.62567
9.61393 2.15435   9.59468 3.78552
9.61393 2.15435   6.1617 1.54235
7.81783 -2.60363   8.76115 1.8202
5.01008 -0.837039   9.87407 2.42286
5.01008 -0.837039   4.07377 -0.389559
5.01008 -0.837039   5.30661 -1.53317
9.87407 2.42286   9.9484 2.27353
9.54897 0.310317   9.39743 2.15504
9.54897 0.310317   9.93848 0.00747575
9.54897 0.310317   8.53082 1.45797
9.54897 0.310317   4.58623 -1.40763
6.82859 -4.25277   8.91088 2.48109
6.82859 -4.25277   6.19417 -3.98176
9.81057 -3.71276   9.57229 2.07341
9.06625 2.19195   7.46047 1.95476
9.33305 2.36015   8.71748 4.20712
4.65016 3.9566   9.68121 2.5859
8.24766 2.98525   8.97662 2.5668
8.24766 2.98525   4.95995 -0.260023
8.4513 0.322798   9.95136 2.27849
8.4513 0.322798   8.75289 -3.83924
8.4513 0.322798   9.86816 -1.02307
8.4513 0.322798   8.52558 -0.823029
7.90063 7.58167   9.22647 2.27952
7.90063 7.58167   7.18346 7.86536
7.33546 1.6515   9.85411 2.1546
7.33546 1.6515   6.85995 1.57342
7.38388 -0.91027   9.26881 2.55535
5.00435 4.72662   9.48439 2.05644
7.4907 2.03426   9.98926 2.26864
7.4907 2.03426   4.5245 -4.78983
7.4907 2.03426   9.15616 -4.34171
7.4907 2.03426   6.95228 1.2357
9.62349 9.89211   9.60772 8.84807
9.93209 6.27843   8.69072 7.67607
8.56908 7.8773   8.45883 7.91014
8.56908 7.8773   9.94562 8.57016
8.56908 7.8773   5.66739 4.40256
8.56908 7.8773   8.28108 7.55415
8.56908 7.8773   9.83314 6.63364
8.56908 7.8773   9.94375 6.70563
7.23614 8.01529   7.23997 8.0042
7.23614 8.01529   9.71453 9.96323
7.23614 8.01529   8.54044 7.25828
7.09346 5.47702   8.28873 7.80371
7.09346 5.47702   7.63706 6.01246
8.80956 9.03412   8.86657 7.81677
8.80956 9.03412   8.68761 9.28815
8.54794 7.75889   8.40591 6.22973
8.70913 8.52009   7.73141 7.67475
7.97252 8.02233   7.59692 7.11417
9.58096 8.25409   8.86436 8.13468
9.58096 8.25409   9.88204 8.27293
9.58096 8.25409   9.99242 8.60193
3.30756 1.47898   8.99024 7.67801
3.30756 1.47898   6.40921 2.44471
8.99024 7.67801   6.31642 5.73263
7.20219 7.441   8.3474 8.36828
8.3474 8.36828   9.0828 7.50095
8.48904 8.75475   8.77653 5.96033
8.27654 7.1843   8.81111 9.12882
8.27654 7.1843   6.22159 6.51491
8.27654 7.1843   5.80554 5.27691
8.27654 7.1843   8.23466 7.1806
8.27654 7.1843   9.88667 5.45904
8.27654 7.1843   9.98004 6.18581
8.27654 7.1843   9.87464 5.6333
8.27654 7.1843   8.18999 -1.35015
5.30801 5.02847   7.88193 7.97123
5.30801 5.02847   1.48063 0.743645
7.99411 6.76073   8.73316 8.65241
6.32008 3.6447   8.95804 8.28564
8.95804 8.28564   9.92138 7.71048
7.49181 5.57198   8.52044 7.91771
7.49181 5.57198   4.37759 5.24347
7.49181 5.57198   9.88875 3.51277
7.49181 5.57198   6.49812 1.07381
7.49181 5.57198   7.12564 2.65568
7.49181 5.57198   1.45677 0.737837
6.65217 7.38978   8.44428 8.30749
9.56644 9.84582   9.93896 9.3796
6.03519 3.31832   9.95642 9.70145
6.03519 3.31832   9.98883 -0.522848
6.03519 3.31832   4.13906 -0.358853
9.92484 9.52804   9.63334 9.70596
9.63334 9.70596   9.82857 9.50956
9.75946 9.61737   9.94725 9.64344
9.75946 9.61737   6.97482 6.15944
9.83211 9.53953   9.98398 9.72124
9.53885 9.481   9.74498 9.86742
9.40874 9.31577   9.82271 9.97664
9.40874 9.31577   9.9403 9.31315
9.40874 9.31577   9.89258 8.5382
9.71061 9.18884   9.97562 9.79229
9.94725 9.64344   9.99764 8.86472
9.06812 9.41765   9.63181 9.95869
9.98197 9.02126   9.74867 9.815
9.90691 7.89966   8.76409 7.27694
9.20849 6.87766   9.91135 7.60211
9.20849 6.87766   9.45982 7.96426
9.20849 6.87766   9.89246 7.62203
9.20849 6.87766   6.29647 5.48724
9.20849 6.87766   8.67827 6.60896
9.20849 6.87766   9.9731 6.1025
9.20849 6.87766   9.95167 6.09941
9.20849 6.87766   3.94042 -0.283118
9.20849 6.87766   6.50091 3.02112
9.91135 7.60211   9.96556 7.74899
9.91135 7.60211   4.15536 0.555055
9.93757 7.85235   9.99946 7.78726
7.95633 5.62081   9.57794 7.97348
7.95633 5.62081   9.28253 4.49385
7.95633 5.62081   9.29339 4.53665
7.95633 5.62081   9.86327 7.10796
7.95633 5.62081   7.95666 5.38604
7.95633 5.62081   7.74047 5.37083
7.95633 5.62081   4.37664 1.32996
7.95633 5.62081   1.16377 0.934403
7.95633 5.62081   4.69758 -1.22013
9.57794 7.97348   9.99948 6.97237
9.45982 7.96426   9.97235 7.46697
9.45982 7.96426   9.95646 8.05427
9.92097 7.55483   8.16952 7.23838
9.92097 7.55483   9.586 7.43428
7.21247 5.81366   9.96061 7.61942
7.21247 5.81366   9.95817 8.1575
7.21247 5.81366   8.14086 6.40141
7.21247 5.81366   3.66576 3.92524
9.81936 7.26685   9.99185 7.5596
9.81936 7.26685   9.20434 7.69431
9.81936 7.26685   9.84351 7.57572
9.81936 7.26685   9.98697 7.0967
4.80545 2.02046   9.89629 7.66108
4.80545 2.02046   3.41334 0.398059
9.40713 7.87833   5.20801 5.54233
7.50637 3.6288   9.71371 7.79549
7.50637 3.6288   8.26402 4.25921
9.586 7.43428   9.94666 7.46609
9.586 7.43428   9.96488 7.46482
8.34991 6.3912   9.87715 7.75501
8.34991 6.3912   8.7061 1.34467
6.11852 2.11553   9.92074 7.48132
6.11852 2.11553   5.97103 1.65103
6.11852 2.11553   6.26629 2.35876
6.7746 4.55421   9.87114 7.85469
5.83084 4.89402   9.4456 7.6254
5.83084 4.89402   5.36136 5.86988
9.4456 7.6254   9.93647 8.3565
9.4456 7.6254   9.89188 7.16059
9.28429 6.8469   9.9684 7.38129
9.84747 8.53015   9.81648 8.67121
9.84747 8.53015   9.63526 8.26202
9.90715 7.01306   9.75367 8.04034
9.3327 8.80426   9.96585 8.2282
9.3327 8.80426   9.97906 9.21453
9.3327 8.80426   9.94829 8.79145
9.3327 8.80426   9.98714 8.71881
9.3327 8.80426   9.84416 9.11334
9.3327 8.80426   7.87083 6.19398
9.88204 8.27293   9.99591 8.36164
9.88204 8.27293   9.96071 8.37877
8.39025 5.44181   9.93699 8.12679
8.39025 5.44181   9.9486 4.94173
6.71322 5.2184   9.59071 8.09659
6.71322 5.2184   6.95117 6.07701
9.78375 8.93024   9.91525 8.77635
9.78375 8.93024   9.78251 6.174
9.81964 8.56032   7.78942 3.85521
9.81964 8.56032   5.17686 1.05784
6.13494 6.66791   9.98372 8.9791
6.13494 6.66791   6.56267 7.57924
6.33288 5.18962   9.82762 9.03448
6.33288 5.18962   5.95713 4.98784
6.33288 5.18962   9.91154 4.54025
6.33288 5.18962   7.05181 4.9212
7.79062 7.72961   9.89646 9.23566
7.79062 7.72961   6.41797 2.15203
9.89646 9.23566   9.99978 9.0996
5.95756 -0.678359   9.74034 8.6775
5.95756 -0.678359   9.98163 -2.47918
5.95756 -0.678359   6.11353 -1.72772
9.74034 8.6775   9.90326 8.68134
9.74034 8.6775   9.76692 3.28447
9.88795 8.88814   6.96453 2.23131
6.04627 5.23227   9.9008 8.69877
6.04627 5.23227   6.28342 6.34606
6.04627 5.23227   2.34354 0.618531
8.60453 7.41394   9.97885 8.99117
8.60453 7.41394   9.93935 5.29903
6.38348 4.41587   9.96292 8.45588
6.38348 4.41587   4.11046 -0.154003
6.38348 4.41587   5.82305 3.45055
4.75177 3.07219   9.9743 8.51133
4.75177 3.07219   7.36971 1.72103
5.17621 5.84645   4.88997 5.45893
5.17621 5.84645   5.56697 6.08146
5.17621 5.84645   7.7181 5.2263
4.88997 5.45893   7.48648 6.62302
4.88997 5.45893   9.99475 -0.532214
4.88997 5.45893   6.33324 3.06268
6.01522 6.82856   5.97036 6.43079
5.98664 6.13274   7.96854 2.87902
5.98664 6.13274   4.84173 2.505
5.98664 6.13274   9.62857 0.948232
-0.376511 1.61786   5.57234 6.46376
-0.376511 1.61786   2.9548 3.90955
5.42862 6.28336   7.91702 3.61523
5.42862 6.28336   2.53773 2.44144
6.177 5.89492   8.50763 5.10129
6.95617 5.63998   5.74818 6.46658
6.95617 5.63998   9.93301 -0.556417
6.95617 5.63998   4.26606 3.29057
6.95617 5.63998   2.22769 0.893068
5.87422 5.80814   3.59195 5.23229
6.28342 6.34606   6.63334 6.58231
6.28342 6.34606   9.32297 3.03804
6.28342 6.34606   9.98791 5.82397
6.28342 6.34606   7.96072 4.88777
6.28342 6.34606   6.98149 5.71051
6.28342 6.34606   4.386 5.12829
3.23161 3.01129   5.721 6.39303
5.93069 6.5446   8.44812 4.54746
3.65929 4.09014   5.89411 5.58717
3.65929 4.09014   6.01372 5.59099
6.01372 5.59099   4.50522 5.64229
1.86349 2.64827   5.99371 6.14689
1.86349 2.64827   5.70711 4.20753
1.86349 2.64827   3.34309 4.21956
1.86349 2.64827   2.45907 0.514461
1.86349 2.64827   2.03728 0.734703
2.8919 2.39635   5.76333 6.89268
5.24971 6.52823   6.05038 6.58619
4.32875 0.841759   5.53697 6.69775
4.32875 0.841759   3.25512 2.01623
4.32875 0.841759   2.83859 0.596209
6.51115 6.76802   6.3583 6.48623
6.53631 5.83876   6.04627 5.23227
6.53631 5.83876   5.51461 4.24405
6.53631 5.83876   6.47699 1.47268
5.02091 5.1661   6.37027 5.45831
5.02091 5.1661   5.29364 5.04854
5.02091 5.1661   1.39562 3.39925
6.37027 5.45831   5.53094 5.30327
6.37027 5.45831   7.89417 6.74501
6.37027 5.45831   9.00895 5.3609
6.37027 5.45831   6.87784 5.42765
6.37027 5.45831   9.6457 0.419992
6.37027 5.45831   6.2561 0.38312
6.36558 5.06957   6.85877 -0.047865
-0.624984 1.18425   6.33288 5.18962
7.80197 6.86796   6.54584 5.34724
7.80197 6.86796   9.62972 3.49697
7.80197 6.86796   4.7841 4.08289
6.40622 5.48641   4.97205 2.57025
7.02812 4.75777   6.42337 5.08607
7.02812 4.75777   7.95266 3.02883
5.58591 3.6843   6.70995 6.96322
5.58591 3.6843   4.77236 5.31471
5.58591 3.6843   4.90318 3.17909
6.84519 6.59438   2.69004 0.751228
6.72206 6.795   7.57741 2.29255
6.53633 6.57873   6.36947 7.32898
5.18617 5.89889   6.49312 6.82799
7.47464 5.47236   6.2286 5.82941
7.47464 5.47236   6.8709 5.11411
7.47464 5.47236   9.28806 -3.8225
6.54091 5.95104   0.991132 2.05415
6.38406 5.61067   7.90063 7.58167
7.17875 5.20073   6.59412 5.92735
5.06847 6.18642   6.70453 6.1567
6.84038 5.98942   6.80902 5.8245
8.18977 4.06511   6.46183 5.5733
8.18977 4.06511   9.92208 3.85188
8.18977 4.06511   9.03077 3.46462
7.34804 5.22204   6.59073 5.67724
6.54937 2.4702   6.62026 6.00688
8.21872 6.37666   5.02091 5.1661
4.88128 4.97756   1.16542 0.992909
4.90406 5.10482   7.87873 3.57234
5.25083 6.38512   5.03898 5.41796
5.25083 6.38512   5.3269 6.30084
5.25083 6.38512   9.54868 5.91162
5.25083 6.38512   7.00771 2.51387
5.07982 4.7101   4.35478 3.4573
4.68003 4.89648   4.7779 5.05015
3.46156 4.78039   4.6439 5.01321
4.6439 5.01321   5.04494 3.42737
1.71019 1.63692   5.20577 5.18591
1.88562 3.48357   5.03971 4.97353
1.88562 3.48357   2.76122 3.68831
1.88562 3.48357   1.28436 0.987411
3.07326 2.26604   4.52824 5.29332
3.68863 5.0843   4.79436 5.09047
5.10169 4.93846   3.86126 5.00723
5.10169 4.93846   5.23626 3.81552
6.048 3.72488   5.04518 5.11232
6.048 3.72488   5.65616 5.45156
6.048 3.72488   5.9545 3.58593
5.04518 5.11232   3.58771 -0.00220814
3.89873 1.2779   4.6443 5.00819
3.89873 1.2779   6.47378 -2.71885
3.89873 1.2779   3.60909 2.74839
3.89873 1.2779   5.41057 1.64254
8.63363 -1.56556   4.67008 5.22851
3.71128 1.62736   5.21247 4.84239
5.21247 4.84239   8.83395 0.473642
5.34028 6.12846   5.17801 6.47851
4.97478 6.18489   7.016 4.22802
6.29453 3.08755   5.39122 6.18129
6.29453 3.08755   5.8697 4.69887
6.29453 3.08755   9.01744 4.07209
6.29453 3.08755   9.90595 5.83086
6.29453 3.08755   8.08639 4.28378
6.29453 3.08755   6.21484 1.59106
5.39122 6.18129   4.49477 5.91527
5.95713 4.98784   5.16106 6.51987
9.0405 0.0745681   4.75843 5.9774
9.0405 0.0745681   5.5923 -3.85654
9.0405 0.0745681   5.96259 -2.88881
9.0405 0.0745681   9.06068 -1.21017
9.0405 0.0745681   9.94351 -1.12117
9.0405 0.0745681   9.72236 -0.766447
9.0405 0.0745681   8.76007 -0.521347
9.0405 0.0745681   8.59442 -0.0089817
9.0405 0.0745681   8.81203 -0.0711599
9.0405 0.0745681   4.76107 -2.28016
9.0405 0.0745681   5.7561 -1.95218
4.86628 5.75676   5.78603 5.24298
5.84642 3.46203   4.91014 5.83802
3.98348 4.39341   5.42878 5.44465
3.98348 4.39341   3.81206 4.50183
3.98348 4.39341   3.29295 1.57596
3.98348 4.39341   7.83919 2.21718
5.32838 5.29491   3.85087 -0.103816
5.53094 5.30327   6.77923 4.09889
4.90318 3.17909   5.68173 5.16763
5.46015 5.847   5.60479 5.49934
5.62923 5.55986   -0.185056 0.991704
6.20942 3.07875   5.25343 5.59259
5.25343 5.59259   7.4671 7.27488
5.40818 5.1952   5.51034 5.416
7.5212 2.61926   5.62965 5.19326
7.97692 6.88147   5.23269 5.36639
7.97692 6.88147   7.29505 6.72371
7.81853 5.83595   5.61954 5.04198
5.1696 2.24054   5.96773 4.71867
5.1696 2.24054   5.01357 2.36327
5.1696 2.24054   1.95195 0.81877
9.83696 4.00113   5.66078 4.74579
6.01184 5.08777   8.68347 4.85817
6.01184 5.08777   7.36383 4.45878
4.7707 1.80303   6.00217 5.16975
4.7707 1.80303   8.18806 5.65602
4.7707 1.80303   9.94453 -1.45807
4.7707 1.80303   4.18574 2.11523
4.7707 1.80303   4.74042 4.83503
4.7707 1.80303   3.51675 0.0258987
4.7707 1.80303   2.43108 0.555034
4.7707 1.80303   6.86176 0.242482
4.7707 1.80303   -0.212584 0.517713
7.28189 6.48441   6.2614 5.06369
6.93047 3.04618   5.8977 4.73951
6.56124 4.30512   6.18551 4.87931
1.83072 2.16678   5.83031 5.22797
1.83072 2.16678   8.65948 -3.40938
1.83072 2.16678   2.06712 3.49185
6.59991 3.58047   3.71128 1.62736
6.59416 3.80226   9.93066 4.5753
6.75857 1.68174   6.54338 3.79673
6.75857 1.68174   9.91157 7.18215
6.54338 3.79673   9.71129 0.118626
6.54338 3.79673   4.0981 0.933217
6.54965 3.9361   9.84596 5.81916
6.66831 3.92869   4.12629 3.08536
3.93335 2.23009   6.46726 3.95242
3.93335 2.23009   4.07141 2.29711
3.93335 2.23009   -0.177435 1.56194
6.77923 4.09889   6.51128 3.8865
6.44141 3.56227   6.53149 3.97592
6.44141 3.56227   5.24834 1.60639
9.05419 -1.13897   6.70911 4.54299
6.55526 5.00007   7.45791 6.19272
6.55526 5.00007   7.02812 4.75777
6.55526 5.00007   5.91854 3.61105
9.92189 5.23201   6.44545 4.2179
6.44545 4.2179   5.55311 3.81889
6.44545 4.2179   6.54155 -1.99224
8.0232 6.98344   6.43697 4.68166
8.52193 4.9592   6.66639 4.13349
6.43843 4.34576   6.28221 4.10999
7.86007 0.93448   6.56124 4.30512
6.70819 0.678479   6.69386 4.93508
6.70819 0.678479   6.54352 1.77635
6.70819 0.678479   6.21857 1.47262
7.43261 5.95386   5.65909 4.33306
7.43261 5.95386   6.39282 7.11677
5.65909 4.33306   1.95984 1.82678
9.20259 5.64871   5.96795 4.16651
5.96795 4.16651   7.33886 6.0275
4.91524 2.80696   5.7132 4.2
4.91524 2.80696   7.50574 6.3307
4.91524 2.80696   1.8406 0.767172
4.91524 2.80696   8.20741 -0.618572
8.38733 3.23473   5.90179 4.03939
7.3794 5.37868   6.00991 4.28245
6.03392 4.37218   6.37945 4.14382
3.79823 2.77858   6.78085 7.3863
3.79823 2.77858   3.82477 1.85863
6.59005 7.21189   6.42605 1.55118
6.39282 7.11677   7.10735 6.27549
6.39282 7.11677   1.90528 0.933166
6.96294 7.82327   9.74578 6.14894
6.16244 7.13197   7.48153 7.38768
6.16244 7.13197   0.636658 1.40764
7.87083 6.19398   6.65217 7.38978
7.14314 7.38082   6.72427 7.73732
8.92849 1.14377   6.333 7.25244
8.92849 1.14377   9.94777 0.645738
7.1478 6.00398   6.94672 7.62717
6.94672 7.62717   7.91615 6.14459
7.78887 6.21388   6.51582 7.50573
7.17532 7.49493   7.32575 7.11878
8.0465 6.57738   7.42953 7.78598
8.0465 6.57738   9.21586 5.39604
5.51461 4.24405   8.15938 6.50481
5.51461 4.24405   3.45755 2.13922
5.51461 4.24405   1.61718 2.05573
5.51461 4.24405   0.6886 2.32302
6.84089 3.60171   7.03168 6.32124
6.84089 3.60171   9.28816 3.08549
6.84089 3.60171   4.39056 3.95374
6.84089 3.60171   7.12883 2.82427
6.84089 3.60171   1.87133 0.901931
8.72913 6.37355   7.47236 6.58617
8.72913 6.37355   4.41862 4.28918
7.47236 6.58617   6.88834 5.92362
7.47236 6.58617   6.26583 3.36724
7.47236 6.58617   3.1827 0.559927
9.95888 6.76289   7.94001 6.75266
7.94001 6.75266   9.52349 5.69012
5.25961 0.691943   7.99411 6.76073
7.02619 6.16938   8.07504 4.01382
5.91574 -1.63222   8.0961 6.2322
5.91574 -1.63222   6.2369 -1.85628
8.12963 6.22754   6.83801 3.81621
7.40172 6.6727   0.592729 0.880237
5.74447 1.50435   7.83895 7.06836
5.74447 1.50435   9.61764 -1.05879
5.14922 3.61114   7.98636 6.8064
5.14922 3.61114   4.89285 3.80636
7.7416 6.3779   7.57112 7.57364
7.7094 6.24212   9.98584 4.03769
9.59341 5.28459   7.49241 6.24234
9.59341 5.28459   9.97652 5.2251
9.40912 4.95038   7.22113 6.34066
7.64436 5.20064   8.25417 6.78383
7.64436 5.20064   8.51511 5.1332
1.71836 0.954965   8.38774 7.63587
7.94488 7.2896   9.6691 5.49063
9.9486 4.94173   8.75785 7.56613
8.75785 7.56613   8.58014 7.37188
8.75785 7.56613   9.55194 7.39422
7.3369 3.61727   8.25815 7.32614
7.45166 7.79264   9.56318 6.19122
9.18854 4.69931   7.8001 7.58455
9.18854 4.69931   9.96611 4.65981
9.18854 4.69931   9.93597 5.03143
9.18854 4.69931   9.58185 4.83887
9.18854 4.69931   6.8826 4.72212
8.22537 3.35798   7.50036 7.64046
9.75435 5.06081   7.58671 7.09505
7.58671 7.09505   7.29195 7.19475
7.58671 7.09505   9.23568 7.17886
7.04924 7.80741   0.628834 0.610923
6.7787 4.40866   7.10386 7.88066
6.7787 4.40866   3.4495 4.72595
7.0436 7.51596   7.3369 3.61727
9.00948 6.16702   7.50105 7.31628
9.00948 6.16702   9.33981 5.1104
9.00948 6.16702   9.89526 5.7149
4.74184 4.04022   7.11993 6.94571
4.74184 4.04022   2.49847 0.739678
0.755195 1.5254   7.05266 6.51172
8.55266 5.28888   7.18127 6.71043
8.55266 5.28888   9.92793 3.27525
8.55266 5.28888   9.91677 4.79676
8.55266 5.28888   7.24657 3.26447
7.32575 7.11878   9.85239 6.7891
9.74834 6.34155   7.34611 6.92406
9.74834 6.34155   7.48357 3.13067
7.89602 1.16486   6.8909 6.37417
7.89602 1.16486   9.98767 3.77134
7.89602 1.16486   6.76394 2.09799
7.89602 1.16486   7.45621 1.91985
7.89602 1.16486   6.83673 -0.327186
7.89602 1.16486   8.69193 1.71287
9.49605 5.06182   6.96006 7.12061
9.49605 5.06182   9.78856 4.32156
7.45621 1.91985   7.66208 2.86664
7.45621 1.91985   8.21397 3.22699
7.45621 1.91985   9.91154 4.359
7.45621 1.91985   5.06981 3.44167
7.45621 1.91985   8.9462 1.56217
7.45621 1.91985   4.67038 -2.42399
7.66208 2.86664   8.93292 4.44329
7.66208 2.86664   6.98437 4.82613
7.66208 2.86664   7.1722 3.11646
7.66208 2.86664   8.89544 1.17192
2.09333 2.32699   7.67459 3.09779
2.09333 2.32699   4.064 -0.0215415
7.67459 3.09779   6.31498 2.43448
7.67459 3.09779   7.56361 1.68031
6.21892 0.154305   8.35091 3.89558
6.21892 0.154305   5.80322 -5.24638
6.21892 0.154305   6.50716 0.819616
6.21892 0.154305   6.45967 0.0639166
8.35091 3.89558   9.98147 5.26775
8.09756 3.21862   7.86068 3.05762
7.27729 2.798   8.06382 2.84343
7.27729 2.798   6.88708 2.62071
9.98121 0.579148   8.31323 3.31483
7.70362 1.26032   7.51582 2.79598
7.70362 1.26032   4.79009 -3.43583
7.70362 1.26032   9.70537 0.0889445
7.70362 1.26032   9.59412 -0.0555049
7.70362 1.26032   7.34986 2.17076
7.70362 1.26032   8.03885 1.25624
7.51582 2.79598   8.81646 5.42436
7.51582 2.79598   7.23749 3.07671
7.51582 2.79598   6.7746 4.55421
7.81333 3.01446   -0.291368 1.99428
9.70537 0.0889445   8.18977 4.06511
7.29612 3.40112   8.45183 3.85635
9.50907 4.26213   8.5775 3.58902
9.50907 4.26213   9.93783 4.49763
9.50907 4.26213   9.83694 3.96338
9.50907 4.26213   9.60156 4.86182
9.50907 4.26213   9.98014 6.82802
8.5775 3.58902   8.22872 3.91489
6.59067 1.53574   8.28308 3.62513
6.59067 1.53574   6.63383 1.879
8.28308 3.62513   9.95925 4.92834
7.80546 2.61379   8.47119 3.67272
8.22872 3.91489   6.06227 -0.756271
8.822 1.18062   8.24766 2.98525
5.51485 1.44022   7.86202 2.8648
5.51485 1.44022   3.97801 -0.120388
8.53332 -4.50357   7.90506 2.69474
7.025 5.30041   8.26993 3.9983
7.025 5.30041   7.34804 5.22204
3.75242 1.89354   8.56549 3.84859
3.75242 1.89354   2.18426 3.19255
3.75242 1.89354   5.50482 -0.567911
3.75242 1.89354   4.40531 0.655223
3.75242 1.89354   7.96609 1.87965
7.73734 0.715989   8.47427 3.37865
7.73734 0.715989   7.40103 -4.66745
7.73734 0.715989   7.92595 0.776565
7.90949 1.91679   8.22299 2.72704
7.75434 3.15668   7.04758 4.20749
9.84691 4.55134   9.98929 4.3763
9.84691 4.55134   9.96118 4.69925
9.91154 4.359   9.98033 4.23904
9.91154 4.359   6.17545 -2.08266
8.57676 -0.723081   9.98349 4.61447
8.57676 -0.723081   4.5593 -3.8622
8.57676 -0.723081   9.99505 -1.60727
8.57676 -0.723081   5.86658 1.49507
9.83228 4.3627   9.9904 4.42276
9.83228 4.3627   9.94962 3.97992
7.90365 3.83596   9.95434 4.20341
7.90365 3.83596   7.38836 3.7963
9.78856 4.32156   8.01982 4.2207
8.17415 5.56041   9.92099 4.73171
8.17415 5.56041   7.39709 4.55035
8.17415 5.56041   3.44371 0.310001
7.36971 1.72103   9.87949 4.51863
7.62292 1.55105   9.92125 4.73787
7.62292 1.55105   7.95279 1.50517
8.37101 6.17372   9.99768 4.67446
8.37101 6.17372   9.90563 6.20789
9.86384 3.48665   9.99396 4.62005
7.11248 3.4669   9.93532 4.52728
7.11248 3.4669   6.59962 1.25728
8.64879 4.4843   9.93183 4.33499
9.48055 4.14992   9.9159 4.61989
9.32297 3.03804   9.91763 4.20818
5.18318 2.94749   9.85095 4.58429
9.21586 5.39604   9.96417 4.25763
9.29339 4.53665   9.02272 5.49403
9.29339 4.53665   9.98939 5.67008
6.66266 0.823245   9.38416 4.33104
9.38416 4.33104   9.00068 3.80107
8.81203 -0.0711599   9.4109 4.52576
8.81203 -0.0711599   7.74458 3.83714
8.81203 -0.0711599   9.94378 -1.24198
9.8923 4.12891   7.26821 3.93426
5.97103 1.65103   9.77004 4.15734
5.97103 1.65103   5.53392 2.27832
5.97103 1.65103   7.5212 2.61926
7.91973 5.17712   9.96748 4.06125
7.91973 5.17712   9.48478 6.08213
7.91973 5.17712   8.27286 5.05266
9.96748 4.06125   6.6487 2.48092
6.67606 3.21278   9.90242 3.99987
6.67606 3.21278   9.98929 3.25911
6.67606 3.21278   7.03781 3.17712
6.67606 3.21278   7.34773 3.32473
6.67606 3.21278   7.80694 -3.36918
6.67606 3.21278   5.13285 4.13493
6.67606 3.21278   4.20673 0.699797
6.67606 3.21278   6.2666 1.16401
6.67606 3.21278   3.1178 0.19124
4.65193 -0.744561   9.96454 3.99546
9.55884 4.35693   9.9821 4.10454
6.63921 1.06531   9.48055 4.14992
6.63921 1.06531   9.20563 3.88667
6.63921 1.06531   1.50999 3.65074
6.63921 1.06531   9.17966 1.35925
8.57236 4.7132   9.8266 5.86972
8.59163 4.28576   9.99223 6.45812
8.68413 4.02743   8.75717 4.22241
8.68413 4.02743   8.31399 4.96683
8.68413 4.02743   5.51187 -2.48596
3.04518 0.299007   8.48018 4.44453
3.04518 0.299007   8.8126 -4.38379
3.04518 0.299007   4.91524 2.80696
3.04518 0.299007   3.02337 0.158984
3.04518 0.299007   2.92359 0.236729
8.48018 4.44453   9.18601 3.50194
8.48018 4.44453   9.44733 4.88338
7.96609 1.87965   9.12492 4.37968
7.96609 1.87965   9.96023 5.9256
7.96609 1.87965   9.86891 0.063713
7.96609 1.87965   4.75657 -1.78931
9.12492 4.37968   9.95583 3.81694
9.12492 4.37968   3.13208 1.17922
8.83295 5.49668   8.75962 4.58847
8.00641 5.9309   8.91411 4.77181
8.00641 5.9309   8.65499 6.66005
9.84506 6.99104   8.89086 4.90032
4.56163 1.53482   8.54308 3.98302
4.56163 1.53482   7.44075 -2.37375
5.32545 0.562785   8.50602 4.44483
5.32545 0.562785   1.78548 3.11115
5.32545 0.562785   3.01734 0.864266
3.57547 -0.320295   8.61168 4.32324
3.57547 -0.320295   3.06428 1.98338
3.57547 -0.320295   4.11233 -0.400478
3.57547 -0.320295   6.81262 2.10085
3.57547 -0.320295   4.57512 -1.24623
9.33629 3.72674   9.16663 4.39876
3.84135 3.55004   8.64616 4.31418
3.84135 3.55004   7.19673 3.65776
3.84135 3.55004   4.40589 4.00344
4.48233 -2.71672   9.18342 4.62599
4.48233 -2.71672   5.18195 -0.126514
4.48233 -2.71672   8.27724 0.404377
4.48233 -2.71672   7.11079 -0.684281
4.48233 -2.71672   6.63029 -1.02558
4.48233 -2.71672   4.69605 -1.52759
7.14949 3.88392   8.91631 4.05981
9.08034 4.09923   7.60859 0.131793
4.63252 -0.888442   9.08864 3.93243
4.63252 -0.888442   5.39761 -0.316267
5.75406 3.78475   9.95221 3.82756
5.75406 3.78475   7.61155 3.83607
1.77325 1.68449   9.68506 3.80646
1.77325 1.68449   1.93894 0.640062
9.68506 3.80646   9.85928 3.68301
9.68506 3.80646   9.88499 3.62667
9.68506 3.80646   5.01008 -0.837039
8.21862 1.80703   9.99631 3.59831
7.11791 2.14658   9.9239 3.62815
9.50191 3.99136   9.91803 3.63538
8.08738 4.47046   9.95908 3.91463
6.25384 0.638728   9.96574 3.8375
6.25384 0.638728   8.30685 -3.80132
7.46295 2.60584   9.07707 3.83812
7.46295 2.60584   4.98362 0.967652
7.46295 2.60584   6.66309 0.0911487
3.15559 0.681012   9.50191 3.99136
3.15559 0.681012   4.70496 1.47218
3.15559 0.681012   3.2134 0.290596
9.48089 3.7472   7.4159 0.625717
6.25217 -2.00208   9.33629 3.72674
6.25217 -2.00208   6.77683 -3.96606
6.25217 -2.00208   9.91978 -5.35398
6.25217 -2.00208   9.39107 -8.13966
6.25217 -2.00208   4.68496 -0.38616
6.25217 -2.00208   7.30626 -1.36953
6.25217 -2.00208   4.39388 -1.24349
1.98188 2.96215   9.02352 3.64213
9.02352 3.64213   9.85459 0.421934
9.88134 3.39342   9.98502 3.21263
9.88134 3.39342   9.56165 -4.32239
9.98502 3.21263   7.32287 3.04974
9.98036 3.4602   9.99894 3.51061
9.62972 3.49697   5.26408 -4.63856
7.60666 4.33711   9.95245 3.25895
7.60666 4.33711   5.44655 4.2448
6.2561 0.38312   9.8518 3.25806
4.18422 0.789494   9.86384 3.48665
4.18422 0.789494   3.41058 0.392392
4.35457 1.16583   9.88429 3.26767
4.35457 1.16583   9.51928 0.346381
4.35457 1.16583   3.52462 0.0714677
4.35457 1.16583   5.25646 0.954064
8.86267 6.79069   9.81936 7.26685
8.67565 6.7152   9.89695 6.48211
4.864 1.10218   9.90778 7.27327
4.864 1.10218   7.41878 -2.65153
4.864 1.10218   3.24044 0.105596
4.864 1.10218   3.38943 -0.0653058
4.864 1.10218   2.82889 0.357716
4.864 1.10218   8.81798 -0.0866936
8.67827 6.60896   8.90627 6.50534
8.8765 7.176   9.84175 6.56638
8.8765 7.176   9.98976 7.18958
8.8765 7.176   1.94276 3.40113
7.38712 5.18971   9.35008 6.99652
7.38712 5.18971   7.99075 5.08685
7.38712 5.18971   7.5435 4.08085
9.35008 6.99652   9.94363 6.87143
9.35008 6.99652   3.68447 5.236
6.90793 -0.308876   9.28429 6.8469
6.90793 -0.308876   8.55266 5.28888
6.90793 -0.308876   2.18187 0.979029
6.90793 -0.308876   7.95726 0.27394
2.27255 1.05405   8.71706 7.09722
2.27255 1.05405   -0.15264 1.04994
8.5956 6.74914   8.63817 6.61315
8.62545 6.93742   9.88647 6.90717
9.23568 7.17886   7.025 5.30041
8.23772 5.84518   8.30404 6.21276
9.86521 5.062   8.26827 4.33099
9.74494 5.05094   9.89804 4.94218
7.81937 3.88915   9.88873 5.11561
9.91676 5.41337   9.75435 5.06081
9.74037 5.47184   9.99337 5.20745
9.74037 5.47184   6.49616 3.3974
8.00755 4.22902   9.88788 5.10958
7.93946 4.73094   9.90919 5.25403
8.71339 6.12698   9.91135 5.03376
8.71339 6.12698   9.99327 5.87922
3.99027 5.17025   9.99297 5.08283
9.99255 5.46024   9.85579 5.01551
9.88264 5.6545   9.98631 5.17762
9.80997 5.49017   9.96396 5.36611
9.33981 5.1104   3.36093 0.185019
9.41736 5.24377   9.3592 5.33053
9.41736 5.24377   9.9456 6.71802
9.41736 5.24377   4.48156 -0.35604
9.41736 5.24377   5.80702 -1.72749
6.72692 1.79865   9.40912 4.95038
6.72692 1.79865   3.42697 0.316313
6.72692 1.79865   6.53191 1.1458
7.28501 3.60227   9.91676 5.41337
7.28501 3.60227   6.4545 2.74895
7.60649 1.83055   9.99255 5.46024
7.60649 1.83055   7.07766 3.86258
7.26821 3.93426   9.98364 5.42389
7.26821 3.93426   9.86087 5.64949
4.55238 2.15706   9.59549 4.91596
4.55238 2.15706   4.44268 2.33611
4.55238 2.15706   2.51509 2.28255
4.55238 2.15706   5.89633 -0.360149
9.96371 5.96965   9.13925 6.01852
9.3592 5.33053   9.95469 5.57023
9.19461 6.0693   9.89335 5.60834
9.87549 6.54352   9.95271 6.49148
9.83314 6.63364   9.99728 6.5105
7.74047 5.37083   9.97431 6.31088
3.76396 2.47427   9.80581 6.48387
6.0399 1.06529   9.98984 6.36286
6.0399 1.06529   6.30631 1.41999
7.52576 3.73065   9.93695 6.8032
7.64861 3.47963   9.95902 6.79605
7.0042 2.56319   9.86105 5.60993
9.86105 5.60993   5.00028 -1.39178
7.0752 1.46366   9.99991 5.59404
7.0752 1.46366   6.87793 1.28906
6.31498 2.43448   9.90715 7.01306
6.31498 2.43448   6.01252 -4.76674
6.31498 2.43448   1.67475 2.82554
6.31498 2.43448   2.52488 0.705302
9.86172 7.01073   9.99831 7.2519
7.19673 3.65776   9.92491 6.92013
7.19673 3.65776   7.11248 3.4669
7.7181 5.2263   7.95633 5.62081
7.7181 5.2263   8.00641 5.9309
9.63127 -0.183444   8.24653 4.4527
9.63127 -0.183444   7.3794 5.37868
9.63127 -0.183444   7.27655 -5.59504
9.63127 -0.183444   9.30593 -1.47148
9.63127 -0.183444   9.9194 -0.207744
9.63127 -0.183444   9.50034 0.00885799
9.63127 -0.183444   6.59733 0.930835
7.89743 5.32747   7.56064 4.22456
7.0496 5.76044   8.17415 5.56041
8.53342 4.89353   8.00755 4.22902
8.11694 5.67179   6.65918 3.47719
8.76857 -2.15381   8.28292 5.57677
8.28292 5.57677   8.23505 6.00353
4.0981 0.933217   8.4119 4.82361
4.0981 0.933217   2.76241 2.31272
4.0981 0.933217   3.04985 0.419334
4.0981 0.933217   3.30324 0.82743
6.08328 0.250631   8.26664 4.54181
6.08328 0.250631   7.60049 6.00638
6.08328 0.250631   5.5757 0.449265
-0.659835 1.31529   8.22858 5.24798
7.1722 3.11646   9.90885 0.00943461
7.1722 3.11646   5.04727 4.18412
4.53888 2.46227   6.90249 3.66471
4.53888 2.46227   2.5228 0.727359
6.90249 3.66471   5.64859 -0.71589
8.07331 4.28673   6.6783 3.61922
8.07331 4.28673   8.20204 -3.82904
6.02011 1.3912   7.45086 3.28167
6.02011 1.3912   4.17865 1.4181
6.02011 1.3912   4.26407 5.28624
6.02011 1.3912   4.08636 -0.395935
9.82122 -0.791646   6.992 3.73721
8.84882 -4.21272   7.29612 3.40112
8.84882 -4.21272   5.99556 -3.76353
8.84882 -4.21272   4.92492 -0.834673
3.25121 0.794006   7.64861 3.47963
3.25121 0.794006   2.92664 0.437788
8.35172 1.37735   7.38954 3.2905
8.35172 1.37735   9.82003 0.746999
8.35172 1.37735   4.77762 -2.4438
7.32994 3.10553   3.77059 0.0204938
8.07504 4.01382   7.07292 3.13722
7.29336 4.60704   7.83534 3.54787
5.55083 1.84054   7.11415 3.49727
5.55083 1.84054   8.8837 -4.61826
5.55083 1.84054   9.01696 -0.635222
7.11415 3.49727   6.75681 3.90192
7.26114 5.07026   6.94897 3.75699
6.93509 5.81188   7.64436 5.20064
2.34664 3.10139   6.95617 5.63998
5.33312 1.82669   6.90277 5.30158
5.33312 1.82669   8.55644 -4.55299
5.33312 1.82669   9.27921 -0.389944
5.33312 1.82669   9.92191 -0.296762
5.33312 1.82669   5.44265 2.31912
5.33312 1.82669   8.06417 0.263404
6.87784 5.42765   7.48362 5.51729
5.44265 2.31912   7.09346 5.47702
5.44265 2.31912   7.74678 0.474195
7.37403 5.52307   7.1771 4.93663
7.37403 5.52307   8.12904 -1.09899
7.73119 5.49928   7.46797 4.57891
7.49012 0.150034   7.17875 5.20073
7.49012 0.150034   9.27608 -0.973108
7.49012 0.150034   6.90793 -0.308876
7.08483 5.14041   5.48163 1.49984
4.21924 -0.71596   7.27144 5.29791
7.27144 5.29791   5.24883 3.97942
6.33212 0.492554   7.43261 5.95386
6.33212 0.492554   9.92342 -2.30313
6.33212 0.492554   3.44259 0.0772592
6.33212 0.492554   7.36608 0.507287
6.33212 0.492554   4.53362 -1.23772
7.36043 5.89331   3.64489 3.71098
4.57863 4.21365   7.23613 5.80833
4.57863 4.21365   4.55641 4.14367
4.57863 4.21365   4.62158 0.426109
5.76577 3.11526   7.42374 5.85028
5.76577 3.11526   6.45242 3.1266
4.39071 -0.617945   8.07331 4.28673
7.88704 4.296   5.15652 -1.51612
9.11924 -1.62014   7.82343 4.17517
9.11924 -1.62014   9.8369 -1.80689
9.11924 -1.62014   9.99064 -2.4301
9.11924 -1.62014   9.87458 -2.45228
9.11924 -1.62014   9.95079 -2.32044
9.11924 -1.62014   9.929 -0.831429
9.11924 -1.62014   9.99539 0.340368
9.11924 -1.62014   9.93072 -3.0488
7.74458 3.83714   5.33281 3.0944
7.46797 4.57891   2.88573 3.15586
7.46797 4.57891   3.10803 0.245192
7.6012 -0.754524   8.02144 4.12595
7.6012 -0.754524   6.56636 -1.97416
7.6012 -0.754524   9.89296 -2.41272
7.6012 -0.754524   4.72642 2.32235
7.6012 -0.754524   7.68029 -0.853182
8.02031 4.75028   7.51928 4.04038
7.68471 4.70743   5.93335 -2.18679
3.7102 -0.419942   8.02031 4.75028
3.7102 -0.419942   3.78915 -0.0121392
4.39206 0.536142   7.70053 4.81694
4.39206 0.536142   3.16368 0.193144
7.70053 4.81694   6.85661 2.6754
6.76276 4.23737   7.00752 4.52962
5.09827 -1.38258   6.82317 4.43593
5.09827 -1.38258   5.83865 -0.406968
5.09827 -1.38258   5.33069 0.700254
5.09827 -1.38258   1.40832 2.33906
6.82317 4.43593   7.11909 5.01977
7.11909 5.01977   3.83558 0.860005
7.00752 4.52962   5.65321 0.889855
4.33747 2.56052   7.52576 3.73065
4.33747 2.56052   3.45414 2.86056
4.33747 2.56052   2.93376 2.61163
4.33747 2.56052   7.27161 -0.096613
7.016 4.22802   5.42201 0.681225
4.34029 3.73198   7.15317 3.86837
4.34029 3.73198   2.08406 3.48294
4.34029 3.73198   5.97459 3.43928
4.34029 3.73198   2.48148 1.88599
8.92284 -2.21928   9.22392 -6.70765
8.92284 -2.21928   7.54386 -2.28685
8.92284 -2.21928   4.76482 -6.05886
8.92284 -2.21928   9.98365 -4.42125
8.92284 -2.21928   8.56324 -1.98531
8.92284 -2.21928   8.77627 -2.06056
8.92284 -2.21928   9.97631 -3.00133
9.22392 -6.70765   5.34847 -6.07056
9.22392 -6.70765   9.38979 -5.64131
9.22392 -6.70765   9.92702 -6.39574
9.22392 -6.70765   9.87816 -6.60467
9.22392 -6.70765   8.91985 -6.92841
9.22392 -6.70765   9.99378 -8.50282
9.22392 -6.70765   4.59579 -2.16203
9.22392 -6.70765   6.25217 -2.00208
4.67038 -2.42399   6.12235 -5.06501
4.67038 -2.42399   8.7206 -1.45954
4.67038 -2.42399   9.92036 -6.62178
4.67038 -2.42399   5.09364 -3.15937
6.12235 -5.06501   7.94339 -4.19632
6.12235 -5.06501   5.92819 -4.86733
6.12235 -5.06501   6.63973 -5.22394
6.12235 -5.06501   9.38752 -5.51373
6.12235 -5.06501   7.84557 -6.81435
6.12235 -5.06501   2.00167 -9.88998
6.12235 -5.06501   3.62352 -8.64381
6.12235 -5.06501   9.90114 -6.63021
6.12235 -5.06501   9.9969 -7.1535
6.12235 -5.06501   5.80847 -2.38499
7.29148 -4.43886   7.16081 -4.3824
7.29148 -4.43886   7.73702 -4.71469
7.29148 -4.43886   7.90923 -3.05228
7.29148 -4.43886   9.99578 -5.89505
7.29148 -4.43886   3.28137 -7.35124
7.29148 -4.43886   8.59747 1.11486
7.16081 -4.3824   7.45324 -3.72369
7.16081 -4.3824   6.15825 -4.26692
7.16081 -4.3824   3.82854 -4.78619
7.16081 -4.3824   5.649 -6.17196
7.16081 -4.3824   4.63551 -1.54037
6.31924 -6.64703   7.99466 -4.50413
6.31924 -6.64703   9.89068 -4.5896
6.31924 -6.64703   9.93967 -5.1237
6.31924 -6.64703   9.96457 -5.88517
6.31924 -6.64703   7.52563 -8.02526
7.99466 -4.50413   9.97303 -3.59993
7.99466 -4.50413   6.1756 -9.97091
8.8126 -4.38379   8.6222 -4.35699
8.8126 -4.38379   4.404 -4.29093
8.8126 -4.38379   9.9889 -5.10181
8.8126 -4.38379   9.99917 -2.913
8.8126 -4.38379   8.9739 -7.22285
4.84067 -6.2603   8.53332 -4.50357
4.84067 -6.2603   3.68192 -5.09658
4.84067 -6.2603   4.61957 -5.48632
4.84067 -6.2603   6.41199 -9.8853
4.84067 -6.2603   7.9101 -9.9519
9.38979 -5.64131   8.29786 -4.17244
9.38979 -5.64131   9.41267 -5.78864
8.29786 -4.17244   8.3997 -4.85532
8.29786 -4.17244   8.07116 -3.80745
8.29786 -4.17244   8.06243 -4.42667
8.29786 -4.17244   9.96311 -4.88704
8.29786 -4.17244   9.95617 -0.367227
8.29786 -4.17244   7.83661 -1.89264
8.55644 -4.55299   5.52273 -3.03266
8.55644 -4.55299   9.93682 -3.81388
8.55644 -4.55299   9.98406 -3.18546
8.51927 -6.32418   8.63825 -4.96483
8.51927 -6.32418   5.19423 -3.70043
8.51927 -6.32418   4.40955 -4.26107
8.51927 -6.32418   9.11251 -5.67415
8.51927 -6.32418   9.96613 -3.81954
8.51927 -6.32418   9.36978 -0.291398
8.51927 -6.32418   3.36671 -9.97549
8.51927 -6.32418   9.17137 -6.94784
8.51927 -6.32418   9.64521 -7.47923
8.51927 -6.32418   5.74933 -9.69804
8.51927 -6.32418   9.32869 -9.2126
8.63825 -4.96483   8.59696 -4.77188
8.63825 -4.96483   8.51138 -4.75965
8.63825 -4.96483   9.24334 -1.97423
8.63825 -4.96483   5.15419 -9.92041
8.63825 -4.96483   9.97934 -6.48988
5.92819 -4.86733   8.41356 -4.88387
5.92819 -4.86733   6.37489 -3.70774
5.92819 -4.86733   6.47729 -4.20613
8.41356 -4.88387   8.16979 -7.81246
4.6998 -3.42129   8.23244 -4.90337
4.6998 -3.42129   5.82091 -3.12063
9.99539 0.340368   8.84882 -4.21272
8.42227 -4.49703   9.97807 -5.30781
8.42227 -4.49703   9.95205 -3.11029
8.42227 -4.49703   4.05693 -9.47759
8.42227 -4.49703   8.59064 -6.90234
8.42227 -4.49703   6.1586 3.3391
8.39078 -1.36215   8.37603 -4.70419
8.39078 -1.36215   9.63304 -0.467925
8.39078 -1.36215   8.44334 -1.58438
8.37603 -4.70419   7.866 -4.36015
4.90189 0.284475   8.61236 -5.11023
4.90189 0.284475   8.84889 -3.58018
4.90189 0.284475   4.64158 0.501071
8.61236 -5.11023   9.994 -6.31968
2.79774 -6.65641   8.51299 -4.2934
2.79774 -6.65641   3.79151 -6.35881
2.79774 -6.65641   2.93149 -5.71808
2.79774 -6.65641   2.62308 -6.66863
2.79774 -6.65641   1.91908 -6.14709
2.79774 -6.65641   1.83039 -6.13758
2.79774 -6.65641   1.60488 -6.23779
2.79774 -6.65641   1.23564 -9.76455
2.79774 -6.65641   6.19825 -2.15613
8.51299 -4.2934   7.72767 -6.90577
8.51299 -4.2934   9.95915 -5.0446
8.51299 -4.2934   9.0383 -4.88877
8.51299 -4.2934   9.99989 -1.70045
8.92461 -4.29647   5.60927 -5.19104
8.92461 -4.29647   9.11789 -5.01795
8.92461 -4.29647   9.27629 -4.99216
0.823193 2.98519   8.38923 -5.17366
8.38923 -5.17366   5.49683 -5.50384
6.43747 -4.04705   8.71761 -4.35643
6.43747 -4.04705   8.89908 -4.00979
8.71761 -4.35643   7.74532 -4.7488
8.59696 -4.77188   6.27353 -7.29383
8.59696 -4.77188   9.99504 -4.61116
8.59696 -4.77188   9.98041 -4.2077
8.8837 -4.61826   8.73157 -7.56332
5.39761 -0.316267   9.10739 -4.28932
5.39761 -0.316267   5.97095 0.582841
9.24334 -1.97423   8.61564 -4.36701
9.24334 -1.97423   9.99224 0.0213218
9.24334 -1.97423   9.96724 -3.38113
7.77721 -3.28004   9.10965 -4.37169
9.10965 -4.37169   4.8571 -2.88491
9.71111 -5.62337   8.30226 -4.85295
9.71111 -5.62337   8.50356 -7.74396
8.02282 -5.2982   8.45655 -5.0779
8.02282 -5.2982   6.83668 -4.57487
8.45655 -5.0779   4.94337 -2.59962
8.45655 -5.0779   5.43447 -1.42965
6.49266 -3.65154   8.32519 -4.31768
8.32519 -4.31768   8.7815 -4.09168
8.63697 -4.63945   7.44403 -3.29934
9.56165 -4.32239   8.41471 -4.4472
9.56165 -4.32239   9.96169 -3.74011
7.6508 -6.54333   8.57437 -4.19734
7.6508 -6.54333   4.64635 -3.78734
7.6508 -6.54333   9.96632 -4.8903
8.57437 -4.19734   9.97485 -5.17068
8.57437 -4.19734   9.08184 -9.88354
5.43447 -1.42965   9.03977 -4.16432
9.41702 -3.64607   9.96791 -3.96668
7.26271 -9.95323   8.89073 -3.68441
7.26271 -9.95323   7.27051 -9.991
8.89073 -3.68441   3.76825 -6.00981
8.89073 -3.68441   5.87903 -7.80269
8.89073 -3.68441   9.9446 -4.11501
8.89073 -3.68441   9.99276 -0.925843
9.0407 -3.64998   8.99181 -3.29807
9.0407 -3.64998   9.95539 -4.63916
9.0407 -3.64998   9.98314 -3.61524
9.0407 -3.64998   9.96646 -3.78483
9.0407 -3.64998   9.97685 -3.07216
9.0407 -3.64998   3.49862 -7.00709
8.84889 -3.58018   9.32979 -4.31167
3.89751 -6.88215   8.93329 -3.75943
3.89751 -6.88215   4.03779 -6.21191
3.89751 -6.88215   2.97927 -9.85442
8.75289 -3.83924   9.39793 -3.82449
8.75289 -3.83924   7.09841 -5.49604
8.75289 -3.83924   9.86117 -6.1532
8.75289 -3.83924   6.17622 0.978226
9.39793 -3.82449   9.35309 -2.45854
9.34213 -5.21463   8.84898 -3.83296
9.34213 -5.21463   8.88743 -5.4486
9.34213 -5.21463   9.96467 -4.68611
9.34213 -5.21463   9.98227 -5.98326
9.34213 -5.21463   9.87969 -5.84931
7.62514 -9.35972   9.14951 -3.88508
7.62514 -9.35972   2.89016 -5.69759
7.62514 -9.35972   3.2897 -9.18612
7.62514 -9.35972   7.84194 -9.91556
9.14951 -3.88508   8.10136 -6.58958
3.10374 0.336888   9.2289 -3.6715
8.01355 -3.02536   9.15651 -4.20849
8.01355 -3.02536   4.87307 -2.93646
9.15651 -4.20849   9.94316 -4.12712
9.86746 -3.93224   9.31208 -3.89484
9.86746 -3.93224   9.97605 -3.96805
9.31208 -3.89484   9.96935 -3.11498
4.13044 -9.31756   9.2402 -3.97526
4.13044 -9.31756   5.14929 -7.65376
4.13044 -9.31756   1.35586 -6.69391
4.13044 -9.31756   3.92044 -9.91348
4.13044 -9.31756   9.85214 -9.48747
9.2402 -3.97526   9.97681 -2.74312
9.52348 -3.76643   9.48907 -3.61959
9.52348 -3.76643   9.96976 -4.07603
3.31402 -5.64695   9.17883 -3.50241
9.84864 -2.42588   7.89906 -3.80508
7.89906 -3.80508   3.99736 -5.78168
8.07116 -3.80745   5.81271 -4.54781
8.07116 -3.80745   9.99566 -4.54113
8.07116 -3.80745   9.97359 -3.31077
6.85988 -6.58717   8.14597 -3.73043
6.85988 -6.58717   5.74226 -5.26004
6.85988 -6.58717   9.97479 -3.97904
6.85988 -6.58717   7.70408 -9.82341
8.20204 -3.82904   5.84592 -2.21937
8.14243 -3.83697   6.65307 -4.06999
1.84546 -5.8305   7.8384 -4.23714
1.84546 -5.8305   6.62217 -7.08338
1.84546 -5.8305   2.04519 -5.84186
1.84546 -5.8305   1.99036 -5.78387
1.84546 -5.8305   2.17914 -6.3215
1.84546 -5.8305   2.42546 -6.1831
1.84546 -5.8305   9.52079 -9.49411
7.11341 -5.55932   7.89115 -3.90911
7.11341 -5.55932   9.88651 -6.33985
7.11341 -5.55932   4.91292 -3.27889
7.89115 -3.90911   5.87484 -5.47737
7.89115 -3.90911   9.95361 -8.05255
4.31502 -8.69749   7.96952 -4.1048
4.31502 -8.69749   2.51755 -5.94834
4.31502 -8.69749   6.97401 -6.55302
4.31502 -8.69749   1.25071 -6.7371
4.31502 -8.69749   1.94183 -6.14178
4.31502 -8.69749   4.54824 -8.68557
7.96952 -4.1048   9.94648 -5.61469
7.94339 -4.19632   8.06069 -2.6533
6.2789 -5.59019   8.44404 -3.7707
6.2789 -5.59019   7.5451 -5.54684
6.2789 -5.59019   9.97443 -9.35254
5.83987 -7.49527   8.14122 -4.08878
5.83987 -7.49527   5.22047 -7.8955
8.14122 -4.08878   8.07042 -4.06677
9.82285 -4.34396   8.38517 -3.86144
9.82285 -4.34396   9.96432 -4.33845
8.07042 -4.06677   9.9006 -0.117736
5.02383 -7.11281   7.95305 -3.92215
5.02383 -7.11281   5.40456 -9.93934
5.02383 -7.11281   7.35813 -9.93527
8.52141 -5.71628   8.41727 -3.69344
8.52141 -5.71628   9.90101 -5.79552
8.52141 -5.71628   9.23603 -6.35359
8.52141 -5.71628   9.98154 -1.30886
8.52141 -5.71628   9.89108 -6.39005
8.52141 -5.71628   9.96235 -6.42917
3.60187 -6.90212   8.09332 -4.09072
3.60187 -6.90212   2.87294 -5.75798
3.60187 -6.90212   1.73564 -6.36077
3.60187 -6.90212   4.66524 -8.2259
3.60187 -6.90212   9.46904 -6.49804
7.73702 -4.71469   7.68856 -4.64795
7.73702 -4.71469   7.4302 -5.38572
7.73702 -4.71469   7.73348 -2.12818
7.73702 -4.71469   7.92154 -6.26166
7.73702 -4.71469   7.0059 -5.70223
7.73702 -4.71469   4.34913 -5.34106
7.73702 -4.71469   9.95237 -4.82852
7.73702 -4.71469   4.42506 -8.39339
9.5928 -7.27517   8.14955 -4.93901
9.5928 -7.27517   7.82744 -5.95852
9.5928 -7.27517   2.6643 -7.78421
9.5928 -7.27517   9.97737 -8.02228
8.14955 -4.93901   7.38355 -6.44435
4.08722 -0.869278   8.145 -4.99947
4.08722 -0.869278   1.77325 1.68449
4.08722 -0.869278   3.36959 0.839305
4.08722 -0.869278   4.03908 -0.90266
4.08722 -0.869278   5.52377 -0.93168
8.145 -4.99947   8.06784 -4.53058
8.145 -4.99947   7.84953 -5.17298
8.145 -4.99947   5.6717 -7.04646
4.03143 -7.3159   8.13824 -4.76312
4.03143 -7.3159   6.09727 -4.4625
4.03143 -7.3159   3.83743 -5.18155
4.03143 -7.3159   2.95628 -5.90462
4.03143 -7.3159   2.82781 -9.03592
8.13824 -4.76312   8.21979 -3.5274
7.74532 -4.7488   8.96854 -5.92796
3.80661 -6.53852   7.82937 -4.44744
3.80661 -6.53852   3.00655 -6.23697
3.80661 -6.53852   3.43985 -5.43511
3.80661 -6.53852   5.76135 -6.20826
7.82937 -4.44744   9.95566 -8.75407
8.88713 -9.32292   8.02935 -4.39743
8.88713 -9.32292   5.72721 -6.47393
8.88713 -9.32292   9.50468 -7.52992
8.88713 -9.32292   8.44858 -9.8393
8.88713 -9.32292   7.75543 -9.93785
8.88713 -9.32292   9.99804 -8.94233
8.88713 -9.32292   9.9389 -9.17505
8.88713 -9.32292   8.73839 -9.94931
7.27655 -5.59504   8.0854 -4.72205
7.27655 -5.59504   7.66339 -7.10684
7.27655 -5.59504   5.55524 -7.79635
7.27655 -5.59504   9.80704 -4.92534
4.2137 -8.49039   7.67884 -4.81446
6.77683 -3.96606   6.72127 -3.81878
6.77683 -3.96606   4.50128 -3.99819
6.77683 -3.96606   6.49561 -5.60777
6.77683 -3.96606   9.95651 -6.16763
6.77683 -3.96606   9.94042 -0.181334
6.77683 -3.96606   5.47895 -9.99052
6.77683 -3.96606   5.3963 -9.80628
6.77683 -3.96606   4.53888 2.46227
6.77683 -3.96606   6.72692 1.79865
9.26152 -3.00437   7.00232 -4.59357
9.26152 -3.00437   7.10473 -3.91054
9.26152 -3.00437   9.96357 -0.802272
4.18406 -4.2824   7.29148 -4.43886
4.18406 -4.2824   3.99059 -4.28079
4.18406 -4.2824   4.10802 -4.32306
4.18406 -4.2824   9.78984 -1.8754
4.18406 -4.2824   9.33009 -0.421898
7.08154 -3.59082   7.17711 -4.72355
7.08154 -3.59082   7.40695 -4.82874
7.08154 -3.59082   9.85211 -3.02112
7.17711 -4.72355   5.77736 -5.26842
7.17711 -4.72355   9.92912 -1.64169
1.65857 -7.6518   6.82859 -4.25277
1.65857 -7.6518   3.09833 -7.31868
6.38358 -4.63936   7.07551 -4.42477
6.38358 -4.63936   3.77323 -5.14124
6.38358 -4.63936   4.88202 -3.14811
7.07551 -4.42477   9.92444 -4.20936
7.40695 -4.82874   9.30313 -6.237
7.40695 -4.82874   8.5722 -1.69753
9.9375 -7.92216   7.2787 -4.66415
7.2787 -4.66415   6.73865 -4.63989
7.2787 -4.66415   9.924 -5.08253
7.2787 -4.66415   9.94411 -3.11149
8.85305 -6.23811   6.76698 -4.38562
8.85305 -6.23811   9.96829 -7.06092
8.85305 -6.23811   9.91945 -8.09821
8.85305 -6.23811   7.31757 -7.68442
7.01756 -2.09678   7.02392 -4.31803
7.01756 -2.09678   4.79965 -3.47735
7.01756 -2.09678   5.82692 -3.24146
7.01756 -2.09678   9.90373 -3.81451
7.01756 -2.09678   9.88898 0.685239
7.57979 -5.12107   7.17716 -5.00964
7.57979 -5.12107   7.45828 -3.97076
7.57979 -5.12107   9.88638 -4.463
7.57979 -5.12107   9.99067 -7.3003
7.57979 -5.12107   9.90042 -6.91263
7.57979 -5.12107   4.74237 -1.88143
7.93809 -7.38017   6.79953 -4.45456
7.93809 -7.38017   4.75267 -6.04018
6.79953 -4.45456   9.89188 -0.513928
9.07804 -7.82512   7.12759 -4.2398
5.4915 1.6491   7.07335 -4.39665
5.4915 1.6491   7.6508 -6.54333
5.4915 1.6491   4.96975 3.17849
5.4915 1.6491   6.70819 0.678479
3.43454 -6.79946   7.21716 -4.79911
3.43454 -6.79946   1.76509 -7.49224
6.54155 -1.99224   6.97217 -4.65822
6.54155 -1.99224   9.86185 -5.35696
6.54155 -1.99224   3.24714 4.0441
7.40103 -4.66745   4.80685 -6.9767
6.2369 -1.85628   7.38949 -4.55246
7.84953 -5.17298   7.33792 -5.02256
7.84953 -5.17298   6.16482 -7.22407
7.84953 -5.17298   9.9447 -6.45536
5.5923 -3.85654   7.53477 -3.32187
5.5923 -3.85654   7.27814 -2.4198
5.5923 -3.85654   5.42802 -4.81988
5.5923 -3.85654   4.2692 -4.60211
5.5923 -3.85654   9.9375 -7.92216
5.5923 -3.85654   9.27933 -9.18627
5.5923 -3.85654   4.78957 -3.03301
7.53477 -3.32187   9.92108 -6.00287
7.53477 -3.32187   9.9463 -1.88408
7.53477 -3.32187   9.41366 -2.14428
7.53477 -3.32187   5.37065 1.4097
6.39929 -3.31879   7.44194 -3.31251
6.39929 -3.31879   5.3781 -4.61822
6.39929 -3.31879   7.0922 -2.93494
6.39929 -3.31879   9.97926 -4.15251
6.39929 -3.31879   9.28591 1.01283
7.44194 -3.31251   9.97942 -4.90879
7.44194 -3.31251   9.66212 -2.60143
6.60039 -6.16678   7.79877 -3.67989
6.60039 -6.16678   6.5182 -5.20647
6.60039 -6.16678   6.64356 -7.58986
5.44365 -1.97306   7.47157 -3.61106
7.47157 -3.61106   3.99639 -4.88504
7.47157 -3.61106   8.66553 -9.8674
4.53601 -3.36817   7.54059 -3.42887
4.53601 -3.36817   5.00204 -3.67127
4.53601 -3.36817   6.33669 -2.62321
4.53601 -3.36817   7.20592 -2.60914
4.53601 -3.36817   3.94045 -5.81514
4.53601 -3.36817   6.30364 -7.10096
4.53601 -3.36817   5.64274 -5.71935
4.53601 -3.36817   9.63127 -0.183444
4.53601 -3.36817   7.49012 0.150034
7.1057 -3.46816   8.19824 -0.419853
6.35605 -4.44357   7.38007 -3.42872
6.12855 -0.731019   7.68685 -3.62989
6.12855 -0.731019   6.12383 -0.961977
6.12855 -0.731019   5.25267 -1.0751
6.12855 -0.731019   4.73272 -1.57119
8.65948 -3.40938   7.66287 -3.32918
6.72127 -3.81878   9.87275 -2.26481
7.75572 -5.4029   7.06284 -4.02025
7.75572 -5.4029   9.25254 -5.49754
7.06284 -4.02025   7.77109 -3.697
7.06284 -4.02025   5.68729 -9.83599
7.06284 -4.02025   9.98105 -9.82924
7.06284 -4.02025   7.08627 -7.71315
7.06284 -4.02025   5.38457 -2.41283
7.35302 -9.92533   7.08154 -3.59082
7.35302 -9.92533   7.41749 -9.98777
7.35302 -9.92533   8.47678 -9.84091
6.93259 -3.76437   4.1952 -4.71115
7.80694 -3.36918   7.04644 -3.82039
7.80694 -3.36918   4.1506 -9.91912
9.39194 -7.16406   7.00896 -4.01198
9.39194 -7.16406   9.38731 -6.01819
9.39194 -7.16406   9.90101 -6.39332
9.39194 -7.16406   9.86595 -6.90262
9.39194 -7.16406   9.49061 -6.92153
9.39194 -7.16406   9.99221 -9.53147
4.54721 -2.96139   7.12028 -3.82167
4.54721 -2.96139   5.89612 -2.93545
4.54721 -2.96139   4.49702 1.09993
7.12028 -3.82167   4.658 -8.12474
6.91247 -3.11266   6.99911 -4.08033
6.91247 -3.11266   9.8086 -2.0571
6.49812 1.07381   7.56973 -4.06767
7.56973 -4.06767   6.44136 -2.53623
7.77109 -3.697   6.77334 -3.66165
7.77109 -3.697   7.15067 -3.13248
7.77109 -3.697   3.43454 -6.79946
7.77109 -3.697   9.39851 -5.31287
7.77109 -3.697   9.92413 -2.17638
7.77109 -3.697   9.54897 0.310317
7.77109 -3.697   7.18483 -9.93071
7.77109 -3.697   1.33292 1.88148
7.45828 -3.97076   9.94026 -2.51413
4.44697 -2.05523   7.60025 -4.60526
4.44697 -2.05523   9.1573 -3.09177
4.44697 -2.05523   6.43527 -2.23484
4.44697 -2.05523   4.73409 -0.313441
4.44697 -2.05523   6.21892 0.154305
4.44697 -2.05523   4.67107 -1.49418
4.44697 -2.05523   4.44039 -2.21186
4.44697 -2.05523   4.50097 -1.8863
7.41879 -3.79012   8.98319 -1.73807
7.41879 -3.79012   8.42863 -1.51614
7.41879 -3.79012   9.67791 -9.93702
4.76482 -6.05886   7.53422 -4.3718
4.76482 -6.05886   3.75184 -4.86748
7.53422 -4.3718   6.36729 -2.36359
7.53422 -4.3718   9.73281 -3.76033
7.53422 -4.3718   9.98537 -3.45186
7.53422 -4.3718   4.58765 -1.91096
7.30555 -3.99125   9.91702 -2.19227
7.30555 -3.99125   5.79884 -9.42436
7.24509 -3.89557   3.61824 -6.34101
7.30792 -7.92089   7.39374 -3.84509
7.30792 -7.92089   9.5416 -7.20181
7.30792 -7.92089   9.95025 -9.68204
7.30792 -7.92089   5.29452 -2.91738
7.58007 -3.837   9.87168 -1.47523
9.51233 -1.43417   7.68596 -4.62598
7.45324 -3.72369   9.95734 -4.88738
9.92994 -5.57103   7.43529 -4.36203
9.92994 -5.57103   9.93621 -5.29
9.68643 -7.71031   7.71162 -3.94803
9.18064 -2.06019   7.60722 -4.02414
9.18064 -2.06019   9.99523 -1.52271
9.18064 -2.06019   9.96451 -2.0249
9.18064 -2.06019   9.40963 -0.636655
9.18064 -2.06019   9.94305 -1.34453
9.18064 -2.06019   9.98672 -0.577996
7.60722 -4.02414   5.78595 -3.47471
5.57528 -3.54245   7.5738 -3.96572
5.57528 -3.54245   4.19059 -4.56694
5.57528 -3.54245   6.83224 0.166508
5.8254 -5.53226   7.66354 -4.56061
8.53767 -1.34706   7.80346 -5.53407
8.53767 -1.34706   4.18406 -4.2824
8.53767 -1.34706   8.92284 -2.21928
8.53767 -1.34706   7.78275 -1.7567
8.53767 -1.34706   8.70382 -1.78166
8.53767 -1.34706   8.77147 -0.863844
8.53767 -1.34706   9.99152 -3.25431
8.53767 -1.34706   4.22095 1.52614
8.53767 -1.34706   9.29352 0.415335
8.53767 -1.34706   7.69942 0.369593
8.53767 -1.34706   5.95756 -0.678359
8.53767 -1.34706   4.4987 -2.14219
7.80346 -5.53407   7.75572 -5.4029
7.80346 -5.53407   4.02056 -4.46634
7.80346 -5.53407   8.90232 -5.63267
7.80346 -5.53407   9.92994 -5.57103
7.80346 -5.53407   9.28295 -2.68592
7.80346 -5.53407   9.18003 -8.878
7.80346 -5.53407   8.68533 -7.55885
7.4302 -5.38572   2.66942 -5.7859
7.4302 -5.38572   9.66113 -9.78536
7.4302 -5.38572   5.4725 -1.94406
9.4117 -8.66307   7.57979 -5.12107
9.4117 -8.66307   4.25027 -4.3363
9.4117 -8.66307   6.46754 -9.99122
9.4117 -8.66307   7.78752 -9.93276
9.4117 -8.66307   9.91226 -8.67709
9.4117 -8.66307   9.88115 -8.73464
9.4117 -8.66307   9.97907 -8.41245
9.4117 -8.66307   9.20144 -9.89036
9.4117 -8.66307   9.61751 -9.91884
9.4117 -8.66307   8.96235 -8.55088
9.4117 -8.66307   9.55334 -8.82956
4.77206 -7.89032   7.938 -5.60119
4.77206 -7.89032   7.00009 -5.76774
4.77206 -7.89032   2.56836 -5.90403
4.77206 -7.89032   3.20854 -5.47938
4.77206 -7.89032   4.95546 -6.49073
4.77206 -7.89032   5.51402 -6.56134
4.77206 -7.89032   6.03065 -7.83994
4.77206 -7.89032   4.84018 -9.29648
4.77206 -7.89032   6.40318 -9.97609
7.938 -5.60119   9.93106 -4.66588
7.938 -5.60119   9.9332 -5.23704
7.938 -5.60119   9.90163 -5.90009
7.938 -5.60119   8.40944 -7.42013
7.938 -5.60119   8.75903 1.23826
9.0385 -6.96043   7.62772 -5.526
9.0385 -6.96043   6.3278 -4.25057
9.0385 -6.96043   4.03143 -7.3159
9.0385 -6.96043   9.93526 -5.36121
9.0385 -6.96043   9.85233 -6.1265
9.0385 -6.96043   6.31249 -9.91996
7.62772 -5.526   7.96596 -5.85367
7.62772 -5.526   8.41678 -7.08941
8.47176 -5.231   4.54721 -2.96139
5.52509 -2.61375   8.0541 -6.03265
5.52509 -2.61375   6.01651 -2.8104
8.0541 -6.03265   7.63497 -5.19768
7.42737 -6.50407   7.71221 -5.72005
7.42737 -6.50407   4.45927 -4.17078
7.42737 -6.50407   7.12028 -6.85679
7.42737 -6.50407   4.59211 -6.30075
7.71221 -5.72005   6.46192 -6.6298
7.71221 -5.72005   5.13849 -7.83641
7.71221 -5.72005   9.95857 -2.87478
7.71221 -5.72005   9.11944 -9.93636
7.71221 -5.72005   6.56296 -7.8713
7.71221 -5.72005   3.11226 1.49467
7.71221 -5.72005   5.59814 -2.70561
7.96596 -5.85367   7.41144 -5.9532
7.96596 -5.85367   9.92931 -1.12053
7.96596 -5.85367   5.92606 -1.74163
7.63497 -5.19768   6.3516 -2.52945
7.63497 -5.19768   9.9281 -6.74106
7.63497 -5.19768   4.92096 -3.11672
6.35889 -3.16423   7.89573 -5.46848
6.35889 -3.16423   3.80618 3.66564
7.89573 -5.46848   6.96383 -5.39362
7.89573 -5.46848   9.68643 -7.71031
7.89573 -5.46848   9.90709 -7.17612
7.82744 -5.95852   9.94034 -3.9618
7.82744 -5.95852   7.8598 -8.13807
7.78265 -5.05684   6.12553 -2.97569
7.78265 -5.05684   6.26147 -4.10922
7.78265 -5.05684   6.91117 -0.100448
6.91713 -5.77479   8.42094 -5.33172
6.91713 -5.77479   2.47241 -5.89135
6.91713 -5.77479   5.37106 -6.8401
6.91713 -5.77479   9.99904 -2.76571
6.91713 -5.77479   3.32044 -9.21579
6.91713 -5.77479   8.0144 -9.92871
8.42094 -5.33172   5.44319 -2.52969
4.45056 -3.504   7.76834 -5.51957
4.45056 -3.504   4.66684 -3.875
4.45056 -3.504   4.22486 -4.74926
4.45056 -3.504   5.22927 -6.28694
4.45056 -3.504   5.19433 -2.13595
9.23603 -6.35359   8.02282 -5.2982
9.23603 -6.35359   9.65791 -5.97696
8.90232 -5.63267   7.72332 -5.86111
8.90232 -5.63267   8.92186 -5.3333
8.90232 -5.63267   9.85768 -4.47894
8.90232 -5.63267   9.97722 -5.36587
8.90232 -5.63267   9.97547 -3.75386
5.80322 -5.24638   7.54688 -5.25714
5.80322 -5.24638   6.21477 -5.31055
8.24302 -5.92568   8.42297 -5.37629
8.24302 -5.92568   7.49894 -6.76116
8.24302 -5.92568   5.7844 -9.89497
8.42297 -5.37629   2.11192 -6.63773
5.7571 -1.86391   8.24309 -5.23579
5.7571 -1.86391   4.46105 -5.15792
5.7571 -1.86391   3.48704 0.0761276
5.84118 -7.14385   8.42801 -5.37732
2.46046 -7.25234   8.6505 -2.70156
2.46046 -7.25234   2.71986 -5.96717
8.6505 -2.70156   6.04749 -4.1193
8.6505 -2.70156   5.1244 -6.48413
8.6505 -2.70156   9.81057 -3.71276
8.6505 -2.70156   9.95213 -3.85188
8.6505 -2.70156   9.99437 -2.18793
8.6505 -2.70156   9.9794 -1.29908
8.6505 -2.70156   7.77719 -1.4932
8.6505 -2.70156   8.79827 -2.38532
8.6505 -2.70156   9.37458 -3.04519
8.6505 -2.70156   1.92954 -9.90473
8.6505 -2.70156   9.07447 -7.57949
8.6505 -2.70156   9.9769 -8.22201
8.6505 -2.70156   5.06394 -0.443579
8.6505 -2.70156   0.488572 2.17335
8.77915 -3.00611   8.57977 -2.9756
8.77915 -3.00611   6.86101 -6.02043
8.77915 -3.00611   9.98693 -1.71587
8.77915 -3.00611   5.02082 -2.5843
6.36489 -0.997037   7.96904 -3.26941
6.36489 -0.997037   9.91177 -0.542276
6.36489 -0.997037   4.80545 2.02046
6.36489 -0.997037   5.84642 3.46203
6.36489 -0.997037   6.97254 -0.138969
6.36489 -0.997037   4.59704 -1.49133
6.36489 -0.997037   5.91574 -1.63222
9.44299 -3.3944   8.69622 -3.36012
9.98152 -4.03964   8.16653 -3.41089
9.98152 -4.03964   6.85388 2.09181
8.16653 -3.41089   8.1923 -3.03804
8.16653 -3.41089   4.67498 -3.76515
8.57977 -2.9756   6.76903 -2.69592
8.57977 -2.9756   7.95594 -2.46497
8.57977 -2.9756   9.97045 -4.49116
8.57977 -2.9756   9.48607 -2.91391
8.57977 -2.9756   9.93677 -3.27453
7.81463 -2.99786   5.98808 -2.70979
7.81463 -2.99786   5.30541 -5.11178
8.69622 -3.36012   9.96816 -1.17777
8.69622 -3.36012   4.71666 -3.21872
8.99181 -3.29807   9.95061 -5.07365
8.99181 -3.29807   9.88785 -2.63884
9.96619 -1.81306   8.1709 -3.24272
8.1709 -3.24272   9.67582 -5.91393
9.37458 -3.04519   9.26152 -3.00437
9.37458 -3.04519   9.95087 -3.63998
9.37458 -3.04519   9.18064 -2.06019
9.37458 -3.04519   8.26463 -2.08349
9.37458 -3.04519   9.88874 -2.81451
9.37458 -3.04519   4.82905 -1.88761
9.70346 -9.16943   9.76802 -3.32237
9.70346 -9.16943   7.50544 -2.56933
9.70346 -9.16943   8.19735 -9.48147
9.70346 -9.16943   9.15995 -9.97024
9.70346 -9.16943   9.97945 -9.41632
9.76802 -3.32237   4.67666 -3.84482
9.76802 -3.32237   5.69856 -8.45857
7.67096 -8.27167   8.01355 -3.02536
7.67096 -8.27167   7.83717 -8.46646
9.1573 -3.09177   8.09158 -2.28726
9.1573 -3.09177   9.59889 -2.57984
7.90923 -3.05228   4.43378 -3.7632
5.15585 -7.98952   7.77721 -3.28004
5.15585 -7.98952   5.5101 -8.09111
5.15585 -7.98952   5.13178 -8.18952
5.15585 -7.98952   5.22017 -8.03986
5.15585 -7.98952   2.09557 -9.9502
4.54453 -1.65855   8.10428 -3.38228
4.54453 -1.65855   5.55181 -4.00093
6.86176 0.242482   8.33336 -3.25599
6.86176 0.242482   2.68683 3.13442
8.33336 -3.25599   4.2808 0.795416
9.13311 -5.37955   9.31386 -3.18438
9.13311 -5.37955   8.92022 -5.79297
9.13311 -5.37955   4.93505 -9.91869
6.73546 -3.24058   8.65766 -3.16752
7.89705 -3.45823   4.83258 -3.2731
6.02129 -1.17129   8.97457 -2.8607
4.86484 -5.78878   8.10853 -2.88264
4.86484 -5.78878   8.64012 -9.98789
8.10853 -2.88264   8.2686 -1.70919
6.69977 -2.27405   8.29947 -2.98668
6.69977 -2.27405   7.21503 -6.37761
8.29947 -2.98668   9.93681 -3.97277
7.20592 -2.60914   8.89447 -2.8003
7.20592 -2.60914   4.73553 -4.82534
8.89447 -2.8003   8.64606 -3.06902
8.89447 -2.8003   4.39452 0.74272
5.52888 -6.8661   9.29302 -3.45692
5.52888 -6.8661   4.42501 -9.96506
9.48607 -2.91391   7.74208 -3.139
9.48607 -2.91391   9.99432 -8.04645
7.92938 -2.41118   9.14464 -3.44471
7.92938 -2.41118   6.4995 -3.14983
7.92938 -2.41118   7.02802 -5.00724
7.92938 -2.41118   5.07588 -5.72732
7.92938 -2.41118   9.32775 -0.611438
9.20766 -0.704482   8.05633 -3.43273
9.20766 -0.704482   9.87363 -0.956443
9.20766 -0.704482   9.93323 0.702996
5.2188 -5.90063   5.43012 -3.60491
5.2188 -5.90063   4.62346 -3.98189
5.2188 -5.90063   3.82514 -7.54973
5.43012 -3.60491   4.93088 -4.69257
5.57576 2.98436   5.51159 -3.88105
5.57576 2.98436   3.74133 4.47414
5.57576 2.98436   5.52944 2.59841
5.51159 -3.88105   3.71169 -9.1433
5.51159 -3.88105   9.97313 -6.60474
3.2445 -9.87756   5.10605 -3.41127
3.2445 -9.87756   9.86186 -3.66201
3.2445 -9.87756   3.28695 -9.99239
5.10605 -3.41127   5.11217 -4.08653
5.10605 -3.41127   4.63179 -3.55829
5.10605 -3.41127   4.56412 -3.9016
5.10605 -3.41127   4.56996 -3.68526
5.10605 -3.41127   4.75465 -3.12693
5.36569 -3.82758   5.29271 -3.92847
5.36569 -3.82758   6.9595 -5.31388
6.30625 -4.94888   5.57298 -4.04601
6.30625 -4.94888   5.62413 -5.17744
6.30625 -4.94888   9.03847 -6.7628
5.00204 -3.67127   7.27876 -2.47932
5.00204 -3.67127   4.50806 -3.63114
5.11217 -4.08653   4.74303 -9.99732
7.86056 -2.41736   5.06278 -3.79334
7.86056 -2.41736   5.80456 -4.11289
7.86056 -2.41736   8.14125 -2.57892
7.86056 -2.41736   9.93506 -4.00458
7.86056 -2.41736   9.57495 -7.84884
7.86056 -2.41736   5.4915 1.6491
7.86056 -2.41736   2.49209 1.74446
5.06278 -3.79334   6.94978 -5.5599
5.06278 -3.79334   5.64622 -1.04408
9.34654 -7.93803   5.67497 -4.05218
9.34654 -7.93803   9.90539 -7.50977
5.19423 -3.70043   4.56938 -3.82519
5.16348 -3.47468   4.61679 -3.78416
4.99233 -3.31031   6.17914 -4.00538
6.00735 -3.9172   8.30655 -1.65947
4.65313 -0.801499   5.57528 -3.54245
5.71456 -3.91954   5.5531 -3.94691
5.71456 -3.91954   5.56478 -3.87189
5.10693 -6.73597   5.55794 -3.31024
5.10693 -6.73597   5.30344 -6.88635
5.55794 -3.31024   5.18491 -3.7523
5.55794 -3.31024   4.57685 -3.99912
5.55794 -3.31024   4.43841 -4.20179
8.99681 -4.67008   5.21264 -3.07146
8.99681 -4.67008   7.81783 -2.60363
8.99681 -4.67008   6.03126 -6.85673
8.99681 -4.67008   9.98187 -8.51189
4.34913 -5.34106   5.63995 -3.42365
4.34913 -5.34106   4.33131 -4.06142
4.34913 -5.34106   4.31155 -4.82098
4.34913 -5.34106   3.82671 -4.78211
4.34913 -5.34106   4.06647 -7.0576
4.34913 -5.34106   8.51927 -6.32418
4.34913 -5.34106   1.91667 -6.79375
4.34913 -5.34106   2.45281 -8.59635
4.34913 -5.34106   6.88443 -9.89421
4.34913 -5.34106   8.2889 -9.91055
5.63995 -3.42365   4.87346 -2.6977
5.29271 -3.92847   4.66261 -6.56154
5.29271 -3.92847   6.93632 -7.99665
8.41678 -7.08941   4.85653 -3.39885
8.41678 -7.08941   7.27348 -6.40293
8.41678 -7.08941   3.86449 -5.19409
8.41678 -7.08941   6.91064 -6.93997
8.41678 -7.08941   5.82906 -9.98373
8.41678 -7.08941   8.22509 -8.03162
5.18491 -3.7523   9.82578 -7.81283
7.26039 -2.14683   5.93945 -3.7193
7.26039 -2.14683   5.53583 -4.98488
5.93945 -3.7193   2.40914 -6.05272
8.52197 -1.50722   5.42826 -3.93247
5.26408 -4.63856   5.36495 -2.98992
5.36495 -2.98992   4.71135 -3.72798
6.27527 -3.8816   4.9091 -3.42104
6.27527 -3.8816   6.57321 -0.00238458
6.27527 -3.8816   4.88304 -2.23683
7.84098 1.53697   5.67732 -3.90994
6.09727 -4.4625   5.05089 -3.84738
6.09727 -4.4625   6.28842 -4.28585
6.09727 -4.4625   4.98047 -5.79404
5.25343 -4.18531   5.67678 -3.99435
4.69612 1.44976   5.61763 -3.64595
3.70291 -7.18711   5.49097 -3.72217
4.39822 -4.94047   4.91966 -5.22191
4.39822 -4.94047   6.15556 -7.52137
4.39822 -4.94047   4.31502 -8.69749
4.91966 -5.22191   5.19761 -5.30076
4.91966 -5.22191   3.95374 -4.99639
4.91966 -5.22191   5.2188 -5.90063
4.91966 -5.22191   9.91097 -0.698112
4.91966 -5.22191   6.75224 -7.73618
9.30593 -1.47148   4.85653 -5.02186
9.30593 -1.47148   7.23083 -6.92128
5.53583 -4.98488   4.8917 -4.60483
4.8917 -4.60483   4.88269 -3.77229
4.8917 -4.60483   4.35042 -4.17415
6.32507 -5.67933   4.94977 -4.92099
5.02445 -0.870884   4.88772 -5.13263
4.88772 -5.13263   5.06559 -5.73683
8.63046 -7.28631   4.49449 -3.99729
8.63046 -7.28631   5.82822 -5.69125
8.63046 -7.28631   9.68117 -1.08016
8.63046 -7.28631   6.78999 -8.26439
6.94121 -5.08548   5.03493 -4.08294
6.94121 -5.08548   9.94551 -2.61879
5.03493 -4.08294   4.6693 -4.55273
9.60421 -4.14765   4.63377 -4.06196
9.60421 -4.14765   9.97429 -4.13406
9.60421 -4.14765   9.33282 -0.129265
9.60421 -4.14765   8.50749 -2.17415
9.60421 -4.14765   5.12642 0.0475466
4.56412 -3.9016   7.65196 1.72685
2.94332 -5.70646   4.94495 -4.02351
4.94495 -4.02351   7.68578 -2.0716
4.94495 -4.02351   9.04547 -4.63961
4.49719 -2.69126   4.7139 -3.71014
4.49719 -2.69126   4.63588 -4.26784
4.49719 -2.69126   5.98919 -3.50577
4.49719 -2.69126   6.73546 -3.24058
4.49719 -2.69126   7.26039 -2.14683
4.49719 -2.69126   7.21005 -5.9704
4.49719 -2.69126   5.11715 -5.76013
4.49719 -2.69126   9.89423 -2.83731
4.49719 -2.69126   4.45011 -3.64696
4.49719 -2.69126   4.48233 -2.71672
4.49719 -2.69126   4.5064 -2.18707
6.46449 -5.28455   4.60785 -3.80414
6.46449 -5.28455   2.01834 -5.9801
6.46449 -5.28455   9.86795 -7.69559
4.56938 -3.82519   9.10917 0.0426017
4.73742 -4.33773   7.35006 -1.83386
4.73742 -4.33773   5.22677 -8.84215
7.30671 -7.74553   4.86327 -3.97079
7.30671 -7.74553   6.42413 -9.93168
7.21543 -2.55962   4.5298 -3.90255
7.21543 -2.55962   5.8264 -2.67304
7.21543 -2.55962   9.27087 -1.43291
7.21543 -2.55962   4.71689 -3.2072
4.63588 -4.26784   7.30017 0.577192
7.573 -1.34662   4.62459 -3.90206
7.573 -1.34662   9.92866 -2.31753
5.10792 -4.50258   4.6291 -3.93571
6.86101 -6.02043   4.52463 -4.22337
6.86101 -6.02043   6.79764 -5.98146
6.86101 -6.02043   5.34121 -7.88127
5.87484 -5.47737   4.64421 -4.04725
6.0753 -8.26078   4.71765 -4.56764
4.71765 -4.56764   9.26858 -5.80703
4.71765 -4.56764   5.65374 -0.0165287
5.96694 -5.51434   4.54915 -3.90426
5.96694 -5.51434   4.67881 -1.82504
4.43378 -3.7632   7.44771 -1.40511
6.63973 -5.22394   4.85514 -3.56912
6.63973 -5.22394   9.9167 -7.63342
6.63973 -5.22394   5.37125 1.5366
5.30541 -5.11178   4.87276 -3.99503
5.30541 -5.11178   4.19848 -4.62359
5.30541 -5.11178   3.42698 -7.67585
5.30541 -5.11178   8.13692 -9.43403
9.21316 -0.760069   5.59233 -4.56779
9.21316 -0.760069   9.36226 -4.45214
9.21316 -0.760069   9.98152 -4.03964
9.21316 -0.760069   9.73454 -1.35034
9.21316 -0.760069   9.80457 -0.328107
9.21316 -0.760069   8.8532 -0.754491
9.21316 -0.760069   3.85402 -8.06015
5.59233 -4.56779   6.09252 -2.56958
5.59233 -4.56779   7.09594 -6.03
5.59233 -4.56779   3.34564 -5.34736
5.59233 -4.56779   7.0092 -8.07757
5.59233 -4.56779   5.76299 -0.726201
7.94082 -1.59528   5.49904 -4.3702
7.94082 -1.59528   7.01622 -5.28465
7.94082 -1.59528   8.06451 -1.42082
7.94082 -1.59528   5.08782 -1.89165
5.49904 -4.3702   5.52523 -4.31596
5.49904 -4.3702   5.42724 -4.75868
5.49904 -4.3702   4.20045 -4.51575
5.49904 -4.3702   9.34213 -5.21463
5.49904 -4.3702   9.95613 -6.032
5.49904 -4.3702   4.79316 -2.83205
5.80456 -4.11289   7.21899 -5.19827
5.80456 -4.11289   1.5455 -6.24743
7.20517 -5.88048   5.10792 -4.50258
5.05651 -5.69363   5.80286 -4.32745
5.05651 -5.69363   9.30055 -1.68177
5.80286 -4.32745   9.99652 -5.27123
5.80286 -4.32745   9.82874 -2.71486
5.80286 -4.32745   4.85164 -2.85672
6.47729 -4.20613   5.68684 -4.18748
6.47729 -4.20613   9.43784 -4.6411
6.47729 -4.20613   9.83451 -0.210289
6.47729 -4.20613   1.69337 -9.96665
6.47729 -4.20613   9.71231 -9.96059
5.59594 -4.43396   5.32505 -4.5095
5.59594 -4.43396   9.97977 0.21044
8.18051 -2.28529   6.01183 -4.0992
8.18051 -2.28529   7.41675 -2.55009
8.18051 -2.28529   9.29062 -0.973871
6.7662 -1.80483   5.03294 -4.60351
6.7662 -1.80483   9.40713 -5.12758
6.7662 -1.80483   4.55206 -3.32515
5.03294 -4.60351   9.01724 -0.702198
5.03294 -4.60351   9.97439 -7.166
4.39008 -4.45595   5.06454 -4.43428
4.35435 -1.30902   5.06565 -4.30912
4.6902 -0.612303   6.16756 -4.00225
4.6902 -0.612303   4.16904 -1.34885
4.6902 -0.612303   4.09322 -1.10106
5.86128 -0.562196   5.72136 -4.06935
6.4923 -2.2276   5.045 -6.38329
6.4923 -2.2276   5.05797 -3.00134
6.4923 -2.2276   5.86128 -0.562196
5.82091 -3.12063   9.45349 -4.9274
5.82091 -3.12063   9.8938 0.677687
5.82091 -3.12063   9.97486 -9.74238
5.82091 -3.12063   4.88108 -2.93399
8.82532 -1.14834   6.87255 -3.20701
8.82532 -1.14834   9.85138 -1.43508
8.82532 -1.14834   9.87976 -2.28803
8.82532 -1.14834   4.30109 -1.07377
6.87255 -3.20701   9.82122 -0.791646
5.52273 -3.03266   5.93404 -2.84705
5.52273 -3.03266   6.38617 -2.77436
5.52273 -3.03266   4.84926 -2.36018
5.52273 -3.03266   4.82586 -2.42562
5.3399 -2.24847   6.63283 -3.55175
5.3399 -2.24847   9.95419 -0.416118
6.63283 -3.55175   5.3805 -4.99543
6.77334 -3.66165   6.80959 -3.51777
6.76428 -9.11591   5.72457 -3.13884
6.76428 -9.11591   2.77565 -5.88619
6.76428 -9.11591   3.29883 -7.99235
6.76428 -9.11591   7.32417 -9.98496
6.76428 -9.11591   5.63251 -8.81872
6.76428 -9.11591   6.09707 -9.97976
6.76428 -9.11591   9.97855 -9.14198
6.76428 -9.11591   6.85312 -8.25438
6.76428 -9.11591   8.33208 -7.37233
5.55524 -7.79635   6.27527 -3.8816
6.11185 -5.2262   6.14632 -2.81002
6.11185 -5.2262   7.65242 -2.1272
6.11185 -5.2262   6.2453 -5.03521
6.11185 -5.2262   4.33187 -4.19347
6.11185 -5.2262   3.42112 -5.45193
6.11185 -5.2262   4.65576 -3.44857
6.14632 -2.81002   7.2369 -3.12848
6.76903 -2.69592   6.01501 -3.01498
6.76903 -2.69592   6.78791 -2.57021
6.76903 -2.69592   9.9543 -5.35008
6.76903 -2.69592   9.7308 -3.85471
6.76903 -2.69592   3.32076 -8.09977
5.98919 -3.50577   9.99082 -6.47862
5.98919 -3.50577   4.56974 -2.56415
6.01501 -3.01498   1.91432 -8.23799
6.01501 -3.01498   4.9011 -3.03564
5.93404 -2.84705   4.83827 -3.04727
0.869269 2.4247   5.85398 -2.6924
0.869269 2.4247   1.53513 2.95421
0.869269 2.4247   0.139787 0.407439
0.869269 2.4247   0.823193 2.98519
5.85398 -2.6924   5.85192 -2.69532
3.13208 1.17922   6.88819 -3.24617
3.13208 1.17922   3.5498 1.11376
4.34389 -7.0549   6.25171 -3.73768
4.34389 -7.0549   6.54976 -3.52301
4.34389 -7.0549   2.82375 -5.79457
4.34389 -7.0549   9.95709 -5.75141
4.34389 -7.0549   3.25498 -8.2609
4.34389 -7.0549   7.58477 -9.93172
6.25171 -3.73768   4.92101 -2.12055
8.20741 -0.618572   6.35889 -3.16423
8.20741 -0.618572   6.2789 -5.59019
8.20741 -0.618572   9.90418 -2.84982
8.20741 -0.618572   8.27727 1.25012
6.54976 -3.52301   7.62466 -7.01863
6.80465 -3.37986   9.91204 -1.55454
4.97494 -2.79403   6.093 -2.99238
4.97494 -2.79403   9.90095 -3.24329
6.12553 -2.97569   5.54743 -6.29161
6.97401 -6.55302   6.28428 -3.28208
6.97401 -6.55302   9.84062 -7.88349
6.97401 -6.55302   9.83109 -9.99268
6.38617 -2.77436   7.59006 -2.32604
6.38617 -2.77436   4.86037 -3.02929
5.87173 -3.0265   4.90288 -2.41872
7.69307 -2.40326   6.49266 -3.65154
7.69307 -2.40326   6.70631 -4.93115
7.69307 -2.40326   9.75954 -0.90288
6.78791 -2.57021   6.38297 -3.02519
6.78791 -2.57021   9.9595 -4.44797
6.78791 -2.57021   9.80921 0.0241075
6.38297 -3.02519   5.32027 -2.45694
7.96672 -1.02304   6.58529 -3.16022
7.96672 -1.02304   5.83257 0.715535
4.11694 -1.25365   6.26451 -3.66893
2.82417 -6.2174   6.02017 -3.08786
3.73846 -4.74591   6.28911 -3.47679
7.11012 -8.63942   6.19821 -3.80251
7.11012 -8.63942   7.30094 -9.84213
7.11012 -8.63942   6.65145 -9.02125
7.11012 -8.63942   7.45608 -9.68908
3.10024 -5.31771   8.18051 -2.28529
3.10024 -5.31771   5.81037 -5.6887
3.10024 -5.31771   3.43411 -5.12102
3.10024 -5.31771   3.71844 -4.92655
3.10024 -5.31771   3.84009 -4.81406
3.10024 -5.31771   2.58637 -5.68225
3.10024 -5.31771   3.30638 -5.95595
3.10024 -5.31771   3.34534 -5.51519
3.10024 -5.31771   3.17313 -5.4055
3.10024 -5.31771   3.2497 -5.56989
3.10024 -5.31771   3.5474 -5.53472
3.10024 -5.31771   4.31803 -6.81684
3.10024 -5.31771   6.00317 -7.30038
3.10024 -5.31771   5.72164 -7.9122
3.10024 -5.31771   9.89735 -6.19627
3.10024 -5.31771   9.97087 -0.57576
3.10024 -5.31771   2.54338 -7.3827
3.10024 -5.31771   1.86954 -6.28247
3.10024 -5.31771   1.76216 -8.04853
3.10024 -5.31771   2.24378 -9.87246
3.10024 -5.31771   3.19278 -8.72083
3.10024 -5.31771   5.56384 -9.82246
3.10024 -5.31771   9.88225 -9.36589
7.65242 -2.1272   9.72657 -2.40522
7.65242 -2.1272   9.99225 -0.739074
7.65242 -2.1272   5.89984 -2.49952
7.15067 -3.13248   7.76465 -2.41589
7.15067 -3.13248   6.11185 -5.2262
7.15067 -3.13248   5.51318 -5.10674
7.15067 -3.13248   5.59709 -5.94175
7.76465 -2.41589   7.92938 -2.41118
7.76465 -2.41589   2.39264 -7.86145
3.24216 2.91944   7.47928 -2.10136
3.24216 2.91944   8.87277 -2.15495
3.24216 2.91944   3.95532 1.12476
3.24216 2.91944   4.95729 0.612673
7.47928 -2.10136   9.99429 -5.15816
6.12141 -1.44743   7.69307 -2.40326
5.84597 -6.80059   7.93812 -2.17524
5.84597 -6.80059   7.06442 -7.12616
7.93812 -2.17524   9.96179 -4.93887
7.93812 -2.17524   3.31272 -7.26094
7.73348 -2.12818   3.26726 3.23548
9.85069 -8.25994   7.98344 -2.5674
9.85069 -8.25994   9.98523 -8.14818
7.98344 -2.5674   7.5368 -2.72905
7.98344 -2.5674   9.42813 -2.6767
8.76552 -5.38575   7.45725 -2.16167
8.76552 -5.38575   5.94661 -5.22536
8.76552 -5.38575   8.63865 -5.22151
8.76552 -5.38575   8.9609 -5.75054
8.76552 -5.38575   9.90643 -5.31015
8.76552 -5.38575   4.03256 -8.29663
8.76552 -5.38575   9.99498 -7.06883
7.32556 -2.09871   7.41635 -2.24231
7.32556 -2.09871   9.8688 -1.33416
7.32556 -2.09871   8.56678 -0.655763
7.32556 -2.09871   2.00396 2.78133
7.59006 -2.32604   9.94008 -9.87931
7.5368 -2.72905   8.03563 -2.54161
6.72626 -2.26165   7.8382 -2.33947
6.72626 -2.26165   5.02445 -0.870884
6.72626 -2.26165   5.52168 -0.969041
8.06069 -2.6533   9.85519 -2.19219
4.7027 -1.06653   7.98636 -2.44612
4.7027 -1.06653   5.65881 -0.748782
5.21738 -1.41188   7.42776 -1.99272
2.38638 2.47159   7.89811 -2.55792
7.47454 -1.96924   7.57906 -2.36148
7.5999 -1.69593   7.73468 -2.62652
8.14125 -2.57892   5.31222 0.283793
6.56636 -1.97416   4.75531 -2.71765
7.82539 -7.9722   6.1846 -2.28423
7.82539 -7.9722   8.3057 -9.86311
7.82539 -7.9722   9.5928 -7.27517
7.82539 -7.9722   8.31642 -9.61964
7.82539 -7.9722   9.21981 -8.10506
7.82539 -7.9722   9.4117 -8.66307
7.82539 -7.9722   7.80324 -8.08923
6.1846 -2.28423   5.41658 -5.49039
6.1846 -2.28423   6.24443 -2.21965
3.3573 0.0655258   7.12235 -2.28621
3.3573 0.0655258   9.44818 -2.79332
7.12235 -2.28621   7.01756 -2.09678
7.12235 -2.28621   7.16254 -2.66232
7.12235 -2.28621   9.94279 0.397551
7.12235 -2.28621   7.49113 0.786548
7.12235 -2.28621   4.85696 -3.18748
6.33669 -2.62321   6.36085 -4.63191
4.33131 -4.06142   7.32556 -2.09871
6.36729 -2.36359   9.86304 -0.902836
5.35767 -0.587037   7.39618 -1.82813
5.35767 -0.587037   4.39206 0.536142
5.35767 -0.587037   6.42789 0.0921778
7.39618 -1.82813   9.96144 -3.91654
7.39618 -1.82813   9.85397 -1.2461
7.39618 -1.82813   9.87633 0.271069
7.39618 -1.82813   4.9348 0.485745
7.39618 -1.82813   6.81974 -0.84413
3.056 -7.37297   6.69977 -2.27405
3.056 -7.37297   1.53969 -7.39104
6.46438 -2.35406   3.9698 -4.93321
6.97616 -6.49089   6.36413 -2.29978
1.28551 3.21391   6.82937 -1.98201
6.82937 -1.98201   4.91812 -2.89464
7.72817 -2.82665   6.1442 -2.48971
5.07593 -2.17255   7.18633 -1.64211
5.07593 -2.17255   4.42457 -6.40345
5.07593 -2.17255   8.21862 1.80703
5.07593 -2.17255   4.53197 -2.3222
2.1496 1.19208   7.08707 -2.30482
2.1496 1.19208   2.67801 0.708408
7.08707 -2.30482   8.71965 -0.881503
6.98422 -2.91631   7.44135 -3.16564
6.98422 -2.91631   5.20269 -5.81525
7.44135 -3.16564   4.69351 -6.43502
9.21981 -8.10506   6.98422 -2.91631
9.21981 -8.10506   4.72673 -9.98655
9.21981 -8.10506   9.0385 -6.96043
9.21981 -8.10506   9.89513 -7.70992
9.21981 -8.10506   9.98573 -7.63737
9.21981 -8.10506   9.94489 -8.09509
9.21981 -8.10506   8.80842 -9.00019
9.21981 -8.10506   6.486 -9.02306
7.0922 -2.93494   4.32804 -3.89423
7.0922 -2.93494   4.21211 -4.2486
7.0922 -2.93494   5.63361 2.31461
7.0922 -2.93494   4.61021 -3.10114
6.3278 -4.25057   7.00717 -3.4539
6.3278 -4.25057   4.5068 -5.53691
9.76805 -5.00883   7.49077 -2.75769
5.2444 3.08133   7.72817 -2.82665
5.2444 3.08133   9.97716 -0.243579
5.59709 -5.94175   6.90724 -2.76778
5.59709 -5.94175   5.87769 -5.7183
5.59709 -5.94175   3.45452 -5.22713
5.59709 -5.94175   4.95573 0.482936
6.90724 -2.76778   9.13311 -5.37955
6.90724 -2.76778   9.91852 -6.1732
4.59337 -0.512253   7.21543 -2.55962
9.94395 -0.905573   7.19245 -2.91074
7.19245 -2.91074   7.61182 -2.61798
7.19245 -2.91074   6.98139 -3.39485
7.19245 -2.91074   9.98091 -4.50958
7.82269 -1.6122   7.02998 -3.00758
7.39414 -2.83025   9.15814 -0.969801
7.27876 -2.47932   9.91615 0.1126
7.74678 0.474195   7.43489 -2.7007
7.74678 0.474195   5.51667 2.27138
7.74678 0.474195   8.50913 1.38371
7.74678 0.474195   4.67135 -2.24864
7.43489 -2.7007   9.8687 -1.31628
4.16155 -1.39316   7.2714 -2.97307
4.16155 -1.39316   9.03005 -0.971504
4.16155 -1.39316   8.38603 -1.75776
4.16155 -1.39316   5.14173 1.72037
4.16155 -1.39316   5.50274 -1.87162
6.98139 -3.39485   9.98755 -5.99626
6.98139 -3.39485   9.73048 -2.74093
7.2369 -3.12848   5.80434 -0.900718
4.54364 -0.273151   7.01757 -2.94656
4.54364 -0.273151   7.12451 -8.06738
4.54364 -0.273151   1.99926 4.02301
4.54364 -0.273151   4.2142 -0.362217
4.54364 -0.273151   3.47616 -0.125166
4.54364 -0.273151   3.42446 -0.117503
4.54364 -0.273151   4.19427 -0.987921
4.30906 -4.23774   6.30755 -5.66535
6.30755 -5.66535   6.35605 -4.44357
6.30755 -5.66535   4.39822 -4.94047
6.30755 -5.66535   6.17368 -6.88315
6.30755 -5.66535   9.9672 -0.615411
6.30755 -5.66535   8.35101 -1.93629
4.43776 -8.13011   6.31641 -4.92047
4.43776 -8.13011   2.44574 -6.01752
4.43776 -8.13011   4.63969 -9.41681
6.31641 -4.92047   5.8254 -5.53226
6.56577 -5.41538   6.30625 -4.94888
6.56577 -5.41538   6.46449 -5.28455
6.56577 -5.41538   4.43126 -4.17681
5.73165 -5.02648   5.65014 -5.19421
5.73165 -5.02648   4.49268 -4.49026
5.73165 -5.02648   3.23407 -7.88313
6.45752 -5.03673   5.70255 -5.49443
6.45752 -5.03673   6.2061 -5.46909
5.90954 -4.7421   4.46632 -4.1895
6.21477 -5.31055   5.96694 -5.51434
1.60488 -6.23779   6.36595 -4.96302
5.94661 -5.22536   6.12466 -5.13044
5.94661 -5.22536   1.78614 -7.40841
6.2453 -5.03521   4.86484 -5.78878
6.16554 -5.92841   6.31739 -5.25543
6.16554 -5.92841   6.7302 -7.62282
6.16554 -5.92841   4.72625 -7.10512
6.16554 -5.92841   2.35388 -6.21377
6.16554 -5.92841   7.1747 -9.92058
6.31739 -5.25543   4.52454 -6.47876
4.64158 0.501071   6.10726 -4.7562
4.64158 0.501071   4.80887 0.940916
6.01252 -4.76674   6.32984 -5.24354
5.64714 -4.77049   9.98839 -4.33231
4.21186 -6.5154   5.03717 -5.30991
4.21186 -6.5154   3.06288 -6.05131
4.21186 -6.5154   3.00331 -5.60817
4.21186 -6.5154   7.9142 -7.6071
5.03717 -5.30991   3.62769 -5.37196
5.03717 -5.30991   6.6741 -7.37907
5.03717 -5.30991   1.90144 -9.8094
5.03717 -5.30991   5.41379 0.623133
5.42802 -4.81988   1.51053 -9.86895
5.42802 -4.81988   6.89901 0.94561
5.41658 -5.49039   5.26134 -5.21273
5.41658 -5.49039   4.45404 -4.17142
5.41658 -5.49039   6.85988 -6.58717
5.41658 -5.49039   4.24931 -6.24184
5.55983 -4.87725   4.25935 -4.23523
5.55983 -4.87725   2.88694 -7.54039
3.43196 -9.88833   5.49511 -4.89548
2.45437 -6.90687   5.39414 -4.95975
2.45437 -6.90687   3.08672 -7.26776
2.45437 -6.90687   1.62215 -6.21568
2.45437 -6.90687   1.63033 -6.24207
2.45437 -6.90687   1.6845 -8.38889
2.45437 -6.90687   3.33785 -7.9751
5.39414 -4.95975   4.37197 -4.85985
5.39414 -4.95975   4.98763 -0.238782
5.42986 -5.45048   4.4829 -5.67691
5.17991 -5.18802   3.97962 -4.57315
6.92085 -8.92078   5.80713 -5.70911
6.92085 -8.92078   6.2604 -7.43119
6.92085 -8.92078   7.11475 -9.96748
6.92085 -8.92078   6.56115 -9.50396
6.92085 -8.92078   9.94985 -9.37502
4.25935 -4.23523   5.49863 -5.51702
9.86795 -7.69559   6.09126 -5.37591
6.09126 -5.37591   9.95723 -5.18249
5.60927 -5.19104   9.98173 -2.06134
8.94627 -9.3397   5.6552 -5.31727
8.94627 -9.3397   8.83847 -5.60919
8.94627 -9.3397   7.11292 -9.9912
8.94627 -9.3397   9.96054 -8.1197
8.94627 -9.3397   9.36265 -9.95364
5.20514 -6.05725   6.38796 -5.43341
5.20514 -6.05725   5.1028 -5.9205
5.20514 -6.05725   5.49838 -6.40708
6.38796 -5.43341   6.58169 -5.83251
7.122 -6.20788   6.32507 -5.67933
7.122 -6.20788   4.04191 -8.22953
7.122 -6.20788   9.58955 -6.51822
7.122 -6.20788   8.84338 0.241527
4.95546 -6.49073   6.28613 -5.76326
4.95546 -6.49073   5.58408 -6.49656
6.28613 -5.76326   5.3548 -9.93869
6.99464 -9.27048   6.21058 -5.69054
6.99464 -9.27048   3.51918 -5.34702
6.99464 -9.27048   1.32339 -6.52828
6.99464 -9.27048   3.35872 -7.28325
6.99464 -9.27048   7.26587 -9.82515
6.99464 -9.27048   7.6777 -9.90154
7.92154 -6.26166   9.72412 -4.11332
7.92154 -6.26166   8.51909 -8.75079
6.72092 -1.05853   7.42737 -6.50407
4.95112 -5.87899   7.6998 -6.30045
4.95112 -5.87899   7.91209 -6.87425
4.95112 -5.87899   8.43448 -6.61451
7.6998 -6.30045   7.54205 -6.19897
7.6998 -6.30045   9.98928 -5.87086
7.54205 -6.19897   6.59004 -8.08504
7.21503 -6.37761   7.19783 -5.35126
7.21503 -6.37761   9.07513 -6.55129
7.41144 -5.9532   2.04128 -6.01236
9.04367 -8.51692   7.25341 -6.25616
9.04367 -8.51692   9.96964 -7.42219
9.04367 -8.51692   7.70676 -9.9462
9.04367 -8.51692   9.81244 -9.47998
7.25341 -6.25616   2.9998 -5.6594
7.25341 -6.25616   9.86111 -7.8289
6.91064 -6.93997   7.122 -6.20788
6.91064 -6.93997   9.0427 -9.90468
6.93566 0.0977851   7.14267 -6.14926
6.93566 0.0977851   6.56577 -5.41538
6.93566 0.0977851   9.15863 -5.73857
6.93566 0.0977851   9.94538 -5.3829
6.93566 0.0977851   8.57676 -0.723081
6.93566 0.0977851   6.98753 0.762103
6.03065 -7.83994   7.26794 -6.40309
6.03065 -7.83994   5.75967 -7.99458
6.03065 -7.83994   1.39918 -8.75486
6.03065 -7.83994   6.35365 -9.80658
7.44087 -8.7214   7.52826 -5.88791
7.44087 -8.7214   8.95664 -7.30312
7.38355 -6.44435   9.5363 -8.32331
9.39409 -6.77776   7.47283 -5.83704
8.31546 -7.73128   7.76991 -5.98899
6.65406 -4.42222   7.20096 -6.02002
7.21899 -5.19827   2.34047 -5.89741
7.21899 -5.19827   6.89306 -8.53375
7.21899 -5.19827   4.78173 -2.57998
7.21899 -5.19827   4.73867 -2.40109
8.80842 -9.00019   6.91713 -5.77479
8.80842 -9.00019   6.50163 -7.32106
8.80842 -9.00019   9.93996 -7.58543
8.80842 -9.00019   7.73327 -9.86711
8.80842 -9.00019   8.97865 -9.87829
8.80842 -9.00019   8.89414 -9.9878
8.80842 -9.00019   9.88273 -9.14444
8.80842 -9.00019   9.8546 -9.1246
8.80842 -9.00019   8.00208 -8.49226
7.01622 -5.28465   4.15782 -4.43931
4.03908 -0.90266   6.94121 -5.08548
4.03908 -0.90266   4.63252 -0.888442
7.23989 -5.39601   9.86872 -8.04952
7.00009 -5.76774   9.94293 -8.35465
7.00009 -5.76774   9.31946 -9.94782
6.61389 -5.99789   5.93385 -6.47814
6.61389 -5.99789   6.05715 -7.39276
6.61389 -5.99789   6.02187 -9.80747
6.61389 -5.99789   8.81189 -9.9644
4.5068 -5.53691   7.20517 -5.88048
6.79764 -5.98146   7.71384 -6.72555
8.81798 -0.0866936   6.79382 -5.36603
6.79382 -5.36603   4.40108 -6.97618
2.74759 -7.28379   7.12414 -5.93676
2.74759 -7.28379   4.48116 -5.50107
2.74759 -7.28379   1.65261 -6.25766
2.74759 -7.28379   9.31159 -8.80053
7.02802 -5.00724   4.79734 -3.25348
7.02802 -5.00724   4.81216 -2.97881
6.69463 -5.86973   4.0006 -4.9869
6.69463 -5.86973   9.28615 -4.18078
6.56501 -4.76491   7.24178 -5.68196
6.56501 -4.76491   9.88795 -4.40279
6.56501 -4.76491   7.44087 -8.7214
7.9142 -7.6071   6.95441 -5.26974
7.9142 -7.6071   4.36297 -4.3891
7.9142 -7.6071   7.82922 -9.96772
7.9142 -7.6071   9.12131 -9.88415
7.9142 -7.6071   8.68112 -9.83413
7.9142 -7.6071   7.89433 -7.4366
7.4587 -5.57512   4.51591 -9.85864
6.58169 -5.83251   9.83553 -6.37799
9.9856 -5.68992   6.75431 -5.29778
6.75431 -5.29778   4.85677 -3.01413
9.86548 -4.81124   6.78551 -5.40769
7.31757 -7.68442   7.23219 -5.71229
7.31757 -7.68442   5.70188 -6.6491
7.31757 -7.68442   8.54804 0.302082
4.86349 -5.33741   6.87854 -5.57732
9.11883 -6.50776   7.15232 -5.74364
6.198 -4.3737   8.10979 -6.1675
6.198 -4.3737   4.81533 -3.27438
6.36085 -4.63191   3.88276 -5.83001
6.15825 -4.26692   3.90271 0.741084
2.83539 -5.9116   6.65059 -4.75292
2.83539 -5.9116   2.78928 -6.58013
2.83539 -5.9116   2.3775 -8.36352
8.24026 -8.24658   6.6966 -4.47242
8.24026 -8.24658   4.40159 -4.36204
8.24026 -8.24658   4.43581 -4.5391
8.24026 -8.24658   9.98905 -4.80314
8.24026 -8.24658   9.01534 -9.89256
6.6966 -4.47242   4.69612 1.44976
6.73865 -4.63989   6.6299 -4.64725
4.07756 -6.81298   6.57086 -4.83138
4.79734 -3.25348   6.28488 -4.05601
4.91294 -2.5706   6.65406 -4.42222
2.37711 -5.77445   2.4646 -5.63931
2.37711 -5.77445   2.64175 -5.57812
2.37711 -5.77445   2.779 -5.68491
2.37711 -5.77445   3.31467 -5.81551
2.37711 -5.77445   2.00594 -6.85115
2.37711 -5.77445   5.04757 -9.90752
2.37711 -5.77445   3.86209 -9.99303
2.37711 -5.77445   3.2445 -9.87756
2.37711 -5.77445   2.96183 -9.88457
7.5712 -6.94644   4.09039 -4.49942
7.5712 -6.94644   4.5191 -4.36988
7.5712 -6.94644   4.6635 -6.10477
7.5712 -6.94644   9.11924 -1.62014
7.5712 -6.94644   2.83091 -7.96719
7.5712 -6.94644   9.97655 -6.77841
7.5712 -6.94644   5.46967 -9.87527
7.5712 -6.94644   8.55965 -7.4195
4.09039 -4.49942   8.8372 -5.26439
4.7415 -8.10908   4.30906 -4.23774
4.7415 -8.10908   3.40083 -7.00107
4.7415 -8.10908   3.45328 -9.8968
4.7415 -8.10908   5.14215 -8.96277
5.91571 -7.26131   4.4013 -4.23997
5.91571 -7.26131   3.59131 -6.90335
5.91571 -7.26131   3.9935 -5.57802
5.91571 -7.26131   6.31924 -6.64703
5.91571 -7.26131   6.17603 -7.62521
5.91571 -7.26131   4.74833 -9.9014
5.91571 -7.26131   5.49662 -9.99106
5.91571 -7.26131   5.2177 -9.39071
5.91571 -7.26131   6.06503 -8.78373
5.91571 -7.26131   7.30792 -7.92089
5.91571 -7.26131   8.62072 0.969975
4.5191 -4.36988   4.3484 -4.26612
4.5191 -4.36988   4.22985 -4.33015
4.5191 -4.36988   6.20149 -7.83092
4.5191 -4.36988   7.19094 -0.737474
4.3484 -4.26612   4.04306 -5.47625
4.3484 -4.26612   1.7456 -9.85457
4.27072 -3.96111   7.88995 -1.72349
7.98521 -6.76363   4.39508 -3.91244
7.98521 -6.76363   9.46075 -5.44436
7.98521 -6.76363   7.48787 -9.09879
4.32804 -3.89423   8.23605 -6.193
4.32804 -3.89423   4.69562 -3.46969
4.1421 -4.09622   4.62637 -4.72185
4.1421 -4.09622   3.88469 -4.62419
4.1421 -4.09622   3.76255 -4.79112
4.1421 -4.09622   4.27294 -5.54137
4.1421 -4.09622   9.61772 -3.04789
4.1421 -4.09622   9.21773 -9.90286
5.07218 -5.66119   4.45498 -4.25055
5.07218 -5.66119   4.02408 -5.56915
7.91236 -8.11106   4.13783 -4.62627
7.91236 -8.11106   8.61654 -9.96911
4.13783 -4.62627   4.46292 -5.08832
4.13783 -4.62627   4.24823 -9.8575
4.86898 -8.76359   4.15282 -4.62979
4.86898 -8.76359   4.99393 -9.88875
4.86898 -8.76359   4.66595 -9.86988
4.86898 -8.76359   4.96348 -8.69258
4.86898 -8.76359   6.0018 -9.94012
4.86898 -8.76359   7.04566 -9.93031
4.86898 -8.76359   5.28867 -9.00017
4.09842 -4.82366   4.18097 -4.56544
4.40159 -4.36204   4.35131 -8.82122
6.22654 -6.29169   4.42087 -4.39705
6.22654 -6.29169   5.67883 -5.66898
6.22654 -6.29169   8.20768 -1.43756
6.22654 -6.29169   1.93559 -7.9881
6.22654 -6.29169   2.98151 -9.9869
6.22654 -6.29169   1.79999 -9.27265
3.76825 -6.00981   4.47126 -4.54538
3.76825 -6.00981   3.5153 -5.38114
4.33726 -4.76547   4.39008 -4.45595
4.33726 -4.76547   4.21918 -4.72295
4.33726 -4.76547   5.07218 -5.66119
7.9101 -9.9519   4.33819 -4.42856
7.9101 -9.9519   6.99464 -9.27048
4.53113 -7.57917   4.33691 -4.48332
5.90787 -8.01279   4.49051 -4.2867
3.94339 -4.35785   4.29151 -4.43155
4.10802 -4.32306   3.94863 -6.80797
4.10802 -4.32306   7.96823 -1.78188
3.62769 -5.37196   3.52845 -5.22017
3.62769 -5.37196   3.74003 -5.40748
3.68192 -5.09658   3.6948 -5.75556
3.68192 -5.09658   7.67096 -8.27167
4.29582 -5.16879   3.57455 -5.01754
3.30638 -5.95595   3.46251 -5.19359
4.53668 -5.57547   3.7282 -5.05894
4.46292 -5.08832   4.02569 -4.55554
4.46292 -5.08832   3.87996 -4.92407
5.67883 -5.66898   4.33726 -4.76547
7.46622 -7.63744   4.26269 -4.7688
7.46622 -7.63744   4.20181 -4.69478
7.46622 -7.63744   8.62765 -5.74134
7.46622 -7.63744   7.30671 -7.74553
6.94815 -7.98263   4.37009 -4.69851
5.50274 -1.87162   4.30006 -4.82189
4.5245 -4.78983   9.87511 -5.68332
3.82671 -4.78211   9.8221 -1.30945
2.04398 -9.82477   4.00278 -4.84876
2.04398 -9.82477   2.07384 -9.62981
4.00278 -4.84876   9.94798 0.727702
3.84674 -4.85252   3.73846 -4.74591
3.84674 -4.85252   3.03766 -9.84697
9.36226 -4.45214   4.02486 -4.89226
9.36226 -4.45214   4.95589 -6.20875
9.36226 -4.45214   9.30541 -5.55568
9.36226 -4.45214   9.85886 -5.04213
4.02486 -4.89226   4.11045 -4.76229
5.649 -6.17196   4.03794 -4.64895
5.649 -6.17196   7.23967 -7.1703
5.649 -6.17196   6.02366 -6.52343
5.649 -6.17196   1.80433 -6.17388
5.649 -6.17196   1.72355 -6.2509
5.649 -6.17196   4.01868 -7.89271
5.649 -6.17196   6.5381 -9.76209
5.649 -6.17196   6.91187 -8.43996
5.649 -6.17196   7.64106 -8.86278
4.03794 -4.64895   4.45668 -9.19052
4.03794 -4.64895   6.09642 -2.08372
3.75184 -4.86748   3.68199 -4.84268
3.75184 -4.86748   4.4487 -5.27279
4.63725 -9.14786   3.99953 -4.88557
4.63725 -9.14786   5.58854 -7.10973
4.63725 -9.14786   2.76205 -7.54498
4.63725 -9.14786   1.70233 -6.21362
4.63725 -9.14786   4.89608 -9.89236
4.63725 -9.14786   3.7879 -7.24203
3.91724 -4.72401   4.83781 -2.61154
3.68199 -4.84268   3.63162 -4.85
4.4487 -5.27279   3.66918 -4.84866
8.16979 -7.81246   4.15854 -4.79912
8.16979 -7.81246   9.9685 -5.37221
4.0006 -4.9869   4.05579 -4.84271
5.43088 -5.78874   3.98392 -4.87272
5.43088 -5.78874   6.50591 -1.34709
2.60852 -8.0448   3.95806 -4.99345
2.60852 -8.0448   2.28845 -9.98484
5.10708 -6.42565   3.90275 -5.06762
5.10708 -6.42565   6.33759 -6.635
8.98839 -4.95485   4.09842 -4.82366
8.98839 -4.95485   4.00575 -9.87683
3.8631 -6.314   4.13166 -9.94276
3.8631 -6.314   3.74786 -9.89424
3.8631 -6.314   3.18145 -9.96882
3.8631 -6.314   1.94433 -9.98004
3.8631 -6.314   6.94641 -8.17476
2.99421 -5.56772   3.43859 -6.32863
2.99421 -5.56772   3.05549 -5.54017
3.43859 -6.32863   3.78101 -6.41299
3.43859 -6.32863   2.92414 -5.79232
3.43859 -6.32863   2.24208 -7.36939
3.43859 -6.32863   2.5697 -7.55107
3.43859 -6.32863   3.32512 -9.83684
3.43859 -6.32863   1.37226 -8.70958
3.43859 -6.32863   2.09926 -9.51881
3.43859 -6.32863   9.92561 -6.43485
3.06142 -6.30153   2.49843 -5.70938
3.06142 -6.30153   3.01816 -5.60484
3.06142 -6.30153   6.31273 -6.74265
3.06142 -6.30153   2.87693 -8.85641
3.06142 -6.30153   5.55991 -9.85596
3.06142 -6.30153   6.92085 -8.92078
3.78101 -6.41299   3.75051 -6.09194
3.78101 -6.41299   9.81747 -5.26325
3.09833 -7.31868   3.80661 -6.53852
5.64274 -5.71935   4.023 -6.50484
4.023 -6.50484   5.92983 -8.69751
4.92956 -9.83848   3.99234 -6.52268
4.92956 -9.83848   1.38282 -6.72386
3.59131 -6.90335   3.40785 -6.72253
4.31803 -6.81684   3.93062 -6.46341
3.47204 -6.34284   1.76183 -8.05429
2.779 -5.68491   5.54187 -9.94474
3.0345 -9.47181   2.47256 -5.76863
3.0345 -9.47181   4.49449 -6.02508
3.0345 -9.47181   2.4773 -7.95671
3.0345 -9.47181   9.97255 -9.47275
2.72512 -6.03979   2.63086 -5.89662
2.63086 -5.89662   6.70995 -9.84361
4.09259 -6.15739   2.35216 -5.75478
4.09259 -6.15739   4.77206 -7.89032
4.09259 -6.15739   8.25646 -2.08164
4.42506 -8.39339   2.94332 -5.70646
4.42506 -8.39339   2.43059 -5.93163
4.42506 -8.39339   2.74053 -8.48935
4.42506 -8.39339   5.15156 -9.98263
4.42506 -8.39339   4.42067 -8.90045
2.43059 -5.93163   3.70291 -7.18711
5.045 -6.38329   2.53971 -5.93075
5.045 -6.38329   4.9316 -6.349
5.045 -6.38329   5.35575 -6.18447
5.045 -6.38329   8.03777 -8.31911
5.53513 -8.33286   2.97514 -5.66762
5.53513 -8.33286   3.94922 -9.96094
5.53513 -8.33286   1.55538 -8.8372
5.53513 -8.33286   6.90599 -9.90719
5.53513 -8.33286   6.63945 -9.99219
5.53513 -8.33286   6.1485 -9.48711
5.53513 -8.33286   8.25385 -9.99848
3.40083 -7.00107   2.69357 -5.84616
3.40083 -7.00107   6.61576 -9.47135
2.69357 -5.84616   5.0614 -9.98721
3.06288 -6.05131   2.41571 -5.84088
3.06288 -6.05131   4.70772 -5.61581
2.71986 -5.96717   2.73161 -5.8028
2.27449 -6.47728   2.31991 -5.89867
2.27449 -6.47728   2.05323 -5.976
7.51467 -9.44267   2.41252 -5.83858
7.51467 -9.44267   2.52789 -7.62962
7.51467 -9.44267   7.65948 -9.97293
7.51467 -9.44267   9.93764 -9.79806
7.51467 -9.44267   9.01577 -7.69998
7.51467 -9.44267   7.89564 -8.30382
4.44474 -7.60661   2.6863 -5.81634
6.11589 -7.98255   2.95032 -5.80813
6.11589 -7.98255   3.0602 -9.71567
6.11589 -7.98255   5.90944 -9.94261
1.22727 -7.68569   2.96702 -5.56507
6.3521 -9.13845   2.64318 -5.90231
6.3521 -9.13845   9.51762 -7.88734
6.3521 -9.13845   5.90799 -9.91125
6.3521 -9.13845   5.77217 -9.86906
3.31467 -5.81551   3.29105 -5.93231
3.31467 -5.81551   5.7244 -9.65772
3.31467 -5.81551   7.72671 -0.693178
3.31467 -5.81551   5.52509 -2.61375
5.30127 -8.5044   3.06635 -5.86093
5.30127 -8.5044   5.65833 -8.70022
3.06635 -5.86093   6.21979 -7.65103
5.25515 -6.48852   3.03976 -5.9482
4.95841 -6.82047   3.25084 -5.39556
4.95841 -6.82047   3.10024 -5.31771
4.95841 -6.82047   7.25942 -6.98689
4.95841 -6.82047   7.5712 -6.94644
4.95841 -6.82047   4.84067 -6.2603
4.95841 -6.82047   8.82532 -1.14834
4.95841 -6.82047   4.92152 -9.87841
4.95841 -6.82047   1.90048 -9.90015
4.95841 -6.82047   5.93358 -9.86769
4.95841 -6.82047   9.96182 -9.63767
4.95841 -6.82047   7.82539 -7.9722
4.95841 -6.82047   4.53601 -3.36817
2.60412 -7.59826   3.09944 -5.63367
2.60412 -7.59826   9.86548 -4.81124
2.60412 -7.59826   1.83485 -6.19095
3.09944 -5.63367   3.13588 -5.54024
3.09944 -5.63367   3.64957 -5.34718
3.09944 -5.63367   9.67082 -5.3592
6.37113 -7.86766   2.99421 -5.56772
6.37113 -7.86766   4.62097 -6.2149
6.37113 -7.86766   5.64069 -9.86415
6.37113 -7.86766   6.92553 -8.14578
3.3435 -5.42729   6.64708 -8.9518
5.34121 -7.88127   3.3634 -5.49867
5.34121 -7.88127   3.69387 -5.33408
5.34121 -7.88127   6.22654 -6.29169
5.34121 -7.88127   1.60403 -6.50526
5.34121 -7.88127   1.26193 -6.74891
4.42067 -8.90045   3.16091 -5.53706
4.42067 -8.90045   7.30585 -6.97186
4.42067 -8.90045   4.86898 -8.76359
5.75967 -7.99458   3.35131 -5.41364
5.75967 -7.99458   6.33214 -9.95383
2.15481 -7.0001   3.04831 -5.68633
4.2649 -5.771   3.15931 -5.52456
5.85288 -7.22445   3.31402 -5.64695
3.5474 -5.53472   3.21265 -5.27165
4.42457 -6.40345   2.94638 -5.40881
4.42457 -6.40345   3.88746 -6.20684
2.94638 -5.40881   3.83085 -8.80291
2.94638 -5.40881   8.74746 -9.90866
5.61885 -9.80502   2.72512 -6.03979
5.61885 -9.80502   2.8738 -9.20779
5.61885 -9.80502   5.64698 -9.9711
2.95628 -5.90462   6.66408 -6.29364
6.85312 -8.25438   2.71269 -5.96381
6.85312 -8.25438   6.25886 -9.92611
5.22677 -8.84215   2.53696 -6.01279
5.22677 -8.84215   1.91028 -8.47969
1.46187 -6.67322   2.46266 -5.99007
3.79564 -6.1221   1.8347 -6.224
3.88746 -6.20684   1.77497 -5.83318
3.39852 -7.52043   3.74841 -6.00145
3.39852 -7.52043   2.50334 -9.90026
3.39852 -7.52043   5.68173 -9.86887
3.74841 -6.00145   5.59736 -9.9488
9.12131 -9.88415   4.17427 -5.99018
4.17427 -5.99018   3.96682 -9.84654
1.45918 -6.32713   4.2416 -6.1699
1.45918 -6.32713   1.97788 -5.91218
3.85402 -8.06015   4.35627 -5.33551
3.85402 -8.06015   1.2621 -6.75699
3.85402 -8.06015   3.67702 -9.98091
3.85402 -8.06015   6.72364 -8.01364
4.61957 -5.48632   4.44591 -5.47528
5.20269 -5.81525   3.44457 -5.41968
6.6741 -7.37907   3.48652 -5.86364
6.6741 -7.37907   5.10693 -6.73597
3.48652 -5.86364   3.4803 -5.84331
4.59211 -6.30075   3.68825 -5.34309
4.59211 -6.30075   4.48393 -7.51506
9.15753 -6.09673   3.65412 -5.27257
9.15753 -6.09673   9.98442 -6.56177
3.74003 -5.40748   7.80575 -7.87724
7.08627 -7.71315   3.47746 -5.32954
7.08627 -7.71315   5.64689 -7.25021
7.08627 -7.71315   8.47084 -9.90926
3.47746 -5.32954   5.97998 -9.97026
6.6595 -6.42176   3.58218 -5.24807
6.6595 -6.42176   5.71644 -9.90454
6.6595 -6.42176   5.36903 -9.9384
3.67377 -8.89669   3.40255 -5.48013
3.67377 -8.89669   5.12437 -6.9426
3.67377 -8.89669   3.54095 -9.8685
3.67377 -8.89669   3.61308 -9.03903
3.94045 -5.81514   2.22827 -5.86199
6.17603 -7.62521   3.8684 -5.20115
6.17603 -7.62521   5.58646 -9.56769
4.35713 -5.68363   6.80548 -7.13698
3.88276 -5.83001   5.53788 -7.10735
3.9935 -5.57802   4.01877 -5.61421
3.9935 -5.57802   7.71165 -7.32903
3.6948 -5.75556   6.15068 -7.12493
5.93385 -6.47814   4.32315 -5.77775
5.93385 -6.47814   9.93671 -5.90335
5.93385 -6.47814   9.89985 -3.80026
4.4829 -5.67691   1.62411 -9.89514
3.97382 -5.37506   4.12097 -6.56571
5.57812 -7.61655   5.91571 -7.26131
5.57812 -7.61655   9.99727 -5.48786
5.57812 -7.61655   9.97351 -2.35848
5.57812 -7.61655   2.70568 -9.98458
6.94641 -8.17476   7.33635 -6.56919
6.94641 -8.17476   9.96165 -6.53495
6.94641 -8.17476   7.14267 -8.08155
7.33635 -6.56919   5.20514 -6.05725
7.33635 -6.56919   9.94759 -9.82117
7.33635 -6.56919   7.63952 -7.65855
7.33635 -6.56919   8.65619 -8.48499
7.63952 -7.65855   7.46549 -7.19071
7.63952 -7.65855   8.39657 -9.66672
7.63952 -7.65855   9.80815 -8.22682
7.63952 -7.65855   7.54986 -9.11622
7.46549 -7.19071   6.14375 -6.39612
7.46549 -7.19071   8.27142 -9.86612
7.46549 -7.19071   5.79144 -0.41926
7.23967 -7.1703   1.6033 -8.34963
7.23967 -7.1703   4.21986 -8.92152
7.23967 -7.1703   9.9629 -7.96735
7.23967 -7.1703   9.96515 -7.14954
7.23967 -7.1703   9.94378 -7.84536
9.09433 -6.449   7.31815 -7.0735
9.09433 -6.449   8.6079 -6.46175
9.09433 -6.449   2.94014 -9.4434
9.09433 -6.449   9.91037 -7.90706
9.09433 -6.449   9.96406 -6.66769
9.09433 -6.449   9.86622 -6.55779
9.09433 -6.449   5.34879 -9.69988
9.09433 -6.449   8.33743 -9.98797
9.09433 -6.449   8.83718 -9.92807
9.09433 -6.449   8.51991 -0.271819
9.09433 -6.449   4.359 -1.38087
9.90101 -6.39332   6.25388 -6.8901
7.12028 -6.85679   6.28306 -6.04515
6.50163 -7.32106   8.85305 -6.23811
6.66408 -6.29364   9.12537 -2.1845
6.66408 -6.29364   6.94815 -7.98263
6.66408 -6.29364   8.31546 -7.73128
6.64535 -6.94228   8.94235 -6.84542
5.76135 -6.20826   6.2424 -6.68511
5.76135 -6.20826   6.19809 -6.51928
5.76135 -6.20826   5.5372 -6.61188
5.76135 -6.20826   9.95395 -2.91373
5.76135 -6.20826   8.35517 -8.21462
6.2424 -6.68511   8.69513 -9.04774
6.62217 -7.08338   1.72903 -8.43305
8.68533 -7.55885   6.57656 -7.36477
8.68533 -7.55885   7.98521 -6.76363
8.68533 -7.55885   9.97366 -6.24994
8.68533 -7.55885   9.98021 -6.37456
8.68533 -7.55885   9.95112 -7.28095
8.68533 -7.55885   9.986 -9.02592
8.68533 -7.55885   7.09255 -7.59578
6.57656 -7.36477   4.75658 -9.62317
6.57656 -7.36477   7.51467 -9.44267
2.88195 -9.57173   7.73316 -6.94946
2.88195 -9.57173   2.40081 -9.95579
2.88195 -9.57173   3.45345 -9.25694
6.64356 -7.58986   7.01651 -6.67603
7.06442 -7.12616   7.07893 -7.03245
7.06442 -7.12616   9.99897 -8.61105
9.18713 -9.95974   6.69507 -7.47013
6.69507 -7.47013   6.17169 -5.90495
7.4926 -8.31515   6.48906 -6.44413
7.4926 -8.31515   8.97864 -2.28951
7.4926 -8.31515   7.75686 -9.94212
7.4926 -8.31515   8.60173 -9.84378
7.4926 -8.31515   7.83569 -9.91243
7.4926 -8.31515   8.06572 -9.96083
7.4926 -8.31515   7.42523 -8.89205
8.43448 -6.61451   6.88944 -6.9777
7.49894 -6.76116   9.83882 -9.9883
9.94637 -8.40912   6.77966 -7.60256
6.77966 -7.60256   8.83784 -9.95782
4.85909 -8.7933   7.58439 -7.18956
7.66339 -7.10684   8.60236 -9.97267
8.23605 -6.193   6.67765 -7.23881
8.23605 -6.193   9.97218 -3.27833
7.30626 -1.36953   6.61756 -6.42494
7.30626 -1.36953   7.38777 -1.40197
7.30626 -1.36953   9.94154 -2.86549
7.30626 -1.36953   3.25919 3.12829
4.06647 -7.0576   2.19295 -7.91393
4.06647 -7.0576   4.61464 -9.04893
4.06647 -7.0576   6.46111 -9.85154
4.06647 -7.0576   7.77981 -7.6349
7.55009 -9.23628   4.09602 -6.96349
7.55009 -9.23628   8.50199 -9.95828
7.55009 -9.23628   8.20304 -8.74461
2.31828 -6.68445   4.54152 -7.2705
4.54152 -7.2705   5.96149 -9.92075
4.54152 -7.2705   6.67263 -9.98323
4.55119 -6.36099   4.22659 -7.35488
4.22659 -7.35488   3.66877 -7.12207
4.48089 -6.78111   2.26969 -9.92326
5.44844 -9.99933   4.60826 -6.77448
4.60826 -6.77448   4.36432 -9.87775
4.60826 -6.77448   3.54475 -9.27445
2.86275 -6.69814   4.07756 -6.81298
2.86275 -6.69814   4.42243 -7.02671
2.86275 -6.69814   1.638 -6.41581
2.86275 -6.69814   4.04657 -9.81004
6.86291 -9.1648   4.02068 -7.38053
6.86291 -9.1648   9.95523 -5.75427
6.86291 -9.1648   9.69644 -7.10862
6.86291 -9.1648   6.63911 -9.52347
4.02068 -7.38053   1.39947 -6.62529
4.42243 -7.02671   6.95478 -9.99359
4.47385 -6.59776   4.49294 -6.71207
4.62097 -6.2149   4.36154 -6.21726
4.6635 -6.10477   7.5005 -9.91676
4.6635 -6.10477   7.71178 -7.8101
4.49544 -6.17787   2.12456 -6.05822
3.6804 -7.39589   4.38485 -6.10225
4.92551 -6.8859   5.00027 -6.76406
4.92551 -6.8859   6.21013 -9.99537
5.10737 0.480172   4.78108 -6.75743
4.72733 -7.72159   4.44474 -7.60661
4.48393 -7.51506   3.57144 -8.48664
5.79884 -9.42436   4.53113 -7.57917
5.79884 -9.42436   5.51602 -8.91772
5.79884 -9.42436   7.56072 -9.44548
5.34847 -6.07056   7.35302 -9.92533
5.34847 -6.07056   6.65003 -8.07587
4.65437 -5.55321   5.91037 -6.64084
4.65437 -5.55321   9.95263 -3.12622
4.98047 -5.79404   9.87409 -1.50613
4.98047 -5.79404   8.91678 -9.89177
4.98047 -5.79404   7.86576 -7.92058
1.97625 -9.27346   5.10078 -6.23886
1.97625 -9.27346   3.08733 -9.93086
1.97625 -9.27346   2.72111 -9.88703
1.97625 -9.27346   2.11437 -9.95728
4.95589 -6.20875   5.27124 -5.91369
5.11715 -5.76013   8.19307 -6.71253
5.11715 -5.76013   6.96314 -0.896168
9.15863 -5.73857   5.05651 -5.69363
9.15863 -5.73857   9.97518 -6.52517
9.15863 -5.73857   8.24026 -8.24658
5.27124 -5.91369   5.22328 -5.73361
5.27124 -5.91369   9.96548 -9.53264
8.39657 -9.66672   4.74934 -5.50877
4.74934 -5.50877   6.87885 -7.80245
4.9896 -1.21875   4.93162 -6.09736
4.9896 -1.21875   5.6035 -7.10461
4.9896 -1.21875   5.25609 -0.0875507
4.9896 -1.21875   7.47173 -0.473557
4.9896 -1.21875   4.90463 -1.06038
3.28137 -7.35124   4.93006 -5.72457
3.28137 -7.35124   2.79774 -6.65641
3.28137 -7.35124   2.03726 -6.0308
3.28137 -7.35124   5.61885 -9.80502
4.70772 -5.61581   8.76731 -6.16882
9.31159 -8.80053   4.95397 -6.04036
9.31159 -8.80053   9.97689 -7.23657
9.31159 -8.80053   9.66452 -8.17139
4.9316 -6.349   4.92355 -6.04252
6.14375 -6.39612   9.9145 -6.49929
8.62028 -6.84439   6.16554 -5.92841
8.62028 -6.84439   7.46622 -7.63744
6.28306 -6.04515   5.90787 -8.01279
8.5631 -8.5577   6.16245 -6.44068
7.94934 0.473833   5.50181 -6.39808
7.94934 0.473833   6.72474 -0.352136
5.72721 -6.47393   5.47138 -7.01531
5.72721 -6.47393   8.53648 -9.82309
1.21813 -7.17927   5.10708 -6.42565
5.48444 -6.28843   5.33286 -6.27564
5.48444 -6.28843   5.01603 -7.4075
5.58408 -6.49656   9.99995 -5.7064
6.52514 -8.3742   5.50272 -6.46341
6.52514 -8.3742   5.45876 -6.27547
6.52514 -8.3742   9.99378 -7.46372
6.52514 -8.3742   6.27892 -9.84875
6.52514 -8.3742   6.17557 -9.62549
6.52514 -8.3742   7.75476 -9.90652
6.52514 -8.3742   9.9783 -9.64192
1.66189 -5.98904   5.65957 -6.17837
7.1721 -8.083   5.96509 -6.54923
7.1721 -8.083   9.91581 -7.29016
7.1721 -8.083   8.93214 -9.97649
7.1721 -8.083   6.52514 -8.3742
5.54743 -6.29161   8.65104 -9.89944
8.33208 -7.37233   5.37539 -5.5817
8.33208 -7.37233   7.72907 -9.95159
8.33208 -7.37233   9.94642 -8.75151
8.33208 -7.37233   7.93809 -7.38017
8.33208 -7.37233   8.0142 -7.82921
8.33208 -7.37233   7.56188 -9.86698
8.33208 -7.37233   7.70876 -8.4203
5.37539 -5.5817   9.99148 -7.00782
4.89762 -7.6022   4.7892 -7.43806
7.19234 -9.763   5.18241 -7.45121
7.19234 -9.763   7.28624 -9.89993
7.19234 -9.763   7.18269 -9.90565
7.19234 -9.763   6.83349 -9.95597
7.19234 -9.763   9.94802 -8.80025
7.19234 -9.763   6.86291 -9.1648
7.19234 -9.763   8.71071 -7.44418
5.18241 -7.45121   3.52967 -8.67122
6.31249 -9.91996   4.94184 -7.11037
5.25236 -7.44889   3.73599 -8.1066
5.59168 0.335145   4.72084 -7.77155
5.59168 0.335145   7.60898 -0.619583
4.72084 -7.77155   2.54876 -7.95277
8.97865 -9.87829   5.20237 -7.61559
8.97865 -9.87829   8.12719 -9.65666
8.97865 -9.87829   9.30338 -9.93453
8.97865 -9.87829   9.89558 -9.14899
8.97865 -9.87829   9.64039 -9.99481
8.97865 -9.87829   8.78506 -9.96318
8.97865 -9.87829   7.78715 -9.69978
5.20237 -7.61559   5.439 -9.22601
5.08065 -9.3813   5.12728 -7.53105
5.08065 -9.3813   6.38024 -7.61899
5.08065 -9.3813   3.13772 -9.96003
5.08065 -9.3813   3.34011 -9.96449
5.12728 -7.53105   3.887 -8.73704
7.87313 -7.53101   5.39687 -7.51468
5.13849 -7.83641   3.58951 -7.04395
6.03126 -6.85673   5.0153 -7.66299
2.93126 -9.5196   4.97289 -7.65336
9.93621 -5.29   5.04773 -7.2966
4.36216 -8.99101   5.10909 -7.70274
6.5381 -9.76209   4.87658 -7.42977
6.5381 -9.76209   9.99548 -6.6617
1.66793 -8.74023   5.01439 -8.01879
6.38024 -7.61899   8.12343 -9.96362
3.86209 -9.99303   6.19437 -7.78719
3.86209 -9.99303   7.19234 -9.763
6.19437 -7.78719   9.91666 -4.01336
6.68247 -0.951878   5.83987 -7.49527
6.68247 -0.951878   3.84135 3.55004
3.99904 -9.92687   6.0786 -7.50404
6.0786 -7.50404   5.37032 -9.89454
2.54876 -7.95277   6.129 -7.88182
2.54876 -7.95277   2.31649 -8.23631
6.129 -7.88182   8.10827 -1.68701
6.2604 -7.43119   6.0753 -8.26078
8.53648 -9.82309   6.34751 -7.30788
5.52869 -8.05574   5.8726 -7.51753
5.5101 -8.09111   6.24879 -7.23104
5.5101 -8.09111   6.59382 -9.56705
5.5101 -8.09111   8.07335 -7.31405
5.6035 -7.10461   4.37076 -9.92824
5.6035 -7.10461   3.76968 -9.66283
5.6035 -7.10461   3.03672 -9.92885
5.6035 -7.10461   2.71369 -8.72653
5.6035 -7.10461   7.92787 -9.90634
5.6035 -7.10461   9.99001 -9.14114
5.6035 -7.10461   9.8854 -9.80588
5.51106 -6.99247   7.38885 -8.7905
5.59348 -7.24182   6.6826 -9.854
9.25254 -5.49754   5.27646 -6.81366
5.27646 -6.81366   7.66731 -9.87515
5.37106 -6.8401   5.50044 -6.97349
4.74133 -8.03903   5.85288 -7.22445
9.35309 -2.45854   5.52766 -7.13183
7.75476 -9.90652   5.58614 -7.09782
5.22047 -7.8955   4.39456 -9.87155
5.22047 -7.8955   4.05319 -8.97568
2.76205 -7.54498   5.5301 -7.6665
2.76205 -7.54498   7.897 -1.70365
2.76205 -7.54498   2.55708 -8.27005
2.76205 -7.54498   3.76257 -9.29267
9.39851 -5.31287   9.76805 -5.00883
9.39851 -5.31287   9.98219 -5.25677
9.30541 -5.55568   6.45933 -9.97041
9.38752 -5.51373   9.95599 -5.33631
8.63865 -5.22151   9.9865 -5.4876
8.63865 -5.22151   9.99744 -1.65935
9.00722 -5.59469   9.79003 -5.34654
9.00722 -5.59469   4.73856 -3.37883
9.11251 -5.67415   9.86869 -5.49502
9.46075 -5.44436   9.71111 -5.62337
8.9609 -5.75054   4.02311 -9.96448
8.9609 -5.75054   9.93225 -6.56043
8.88743 -5.4486   9.9123 -6.23747
9.11789 -5.01795   9.43637 -5.43425
9.11789 -5.01795   9.91279 -4.94098
9.11789 -5.01795   9.90915 -5.39459
9.11789 -5.01795   8.86499 -9.86647
9.11789 -5.01795   6.30769 -8.7958
9.11789 -5.01795   4.75267 -1.47658
8.83847 -5.60919   9.53217 -9.90523
9.72412 -4.11332   8.80928 -5.03924
9.72412 -4.11332   9.90549 -4.60534
9.72412 -4.11332   9.86746 -3.93224
8.80928 -5.03924   9.91955 -4.94924
8.94713 -5.95137   9.21985 -5.86959
8.94713 -5.95137   9.95965 -7.2661
9.71018 -5.01763   9.33989 -5.52221
9.46904 -6.49804   9.12999 -5.55698
9.46904 -6.49804   9.11883 -6.50776
9.46904 -6.49804   9.96052 -6.75562
9.80704 -4.92534   8.68936 -5.46442
9.80704 -4.92534   2.27644 -9.0174
8.92792 -8.00825   8.68064 -5.25642
9.9332 -5.23704   9.98765 -5.07269
9.98765 -5.07269   9.71018 -5.01763
4.00748 -0.778106   9.92099 -4.57049
9.85768 -4.47894   9.71625 -4.45254
9.97405 -6.96184   9.99874 -5.15266
9.96179 -4.93887   3.07927 2.41035
1.96083 -7.0104   9.79354 -4.95059
1.96083 -7.0104   1.23665 -6.64051
9.84602 -0.526049   9.74541 -4.62556
9.84602 -0.526049   9.42332 -1.16939
9.91279 -4.94098   9.99561 -5.21934
9.40713 -5.12758   9.98516 -4.79726
9.40713 -5.12758   9.91477 -5.64684
9.40713 -5.12758   9.9757 -7.02219
9.38731 -6.01819   9.96863 -4.50305
9.38731 -6.01819   9.63809 -6.18451
9.38731 -6.01819   9.96914 -7.9702
9.38731 -6.01819   9.99328 -6.33187
9.38731 -6.01819   9.99593 -7.02736
6.89306 -8.53375   9.95356 -5.10157
6.89306 -8.53375   9.81741 -5.99776
4.2142 -0.362217   9.9484 -5.08833
9.67082 -5.3592   9.92772 -4.90761
9.67082 -5.3592   9.97185 -5.88262
8.11837 -1.67782   9.52024 -4.71349
8.11837 -1.67782   9.99414 0.596582
8.11837 -1.67782   8.6753 -2.15959
8.11837 -1.67782   7.74978 -1.85954
8.11837 -1.67782   9.93284 -2.88093
9.52024 -4.71349   9.93338 -5.1857
8.76731 -6.16882   9.93154 -4.86581
8.76731 -6.16882   9.9881 -6.21052
8.76731 -6.16882   9.94314 -6.78856
9.17631 -4.59605   9.8725 -4.68628
8.10827 -1.68701   9.66673 -4.60643
9.45349 -4.9274   9.95133 -5.55236
9.79003 -5.34654   4.82929 -2.50276
7.89433 -7.4366   9.95761 -5.56604
6.486 -9.02306   9.91861 -5.3992
6.486 -9.02306   7.10066 -9.96004
6.486 -9.02306   6.10638 -9.97436
9.67582 -5.91393   9.9943 -5.46605
4.82256 -1.78229   9.80835 -5.22576
4.82256 -1.78229   8.1176 -0.356736
4.82256 -1.78229   4.66278 -2.07022
9.30313 -6.237   9.86714 -5.4584
9.30313 -6.237   9.91538 -5.86507
8.35517 -8.21462   9.46601 -5.86098
8.35517 -8.21462   9.15753 -6.09673
8.35517 -8.21462   9.13721 -9.96585
8.35517 -8.21462   9.32852 -9.83492
9.90163 -5.90009   9.98407 -5.89144
9.90163 -5.90009   9.98607 -5.7399
8.6079 -6.46175   9.94222 -5.85215
8.6079 -6.46175   8.24302 -5.92568
7.84557 -6.81435   9.85319 -5.91496
7.84557 -6.81435   9.38544 -1.44972
7.84557 -6.81435   9.99113 -6.69971
7.84557 -6.81435   9.95779 -8.80298
7.84557 -6.81435   9.91695 -9.42643
9.85319 -5.91496   9.97241 -5.8661
5.52377 -0.93168   9.9525 -5.79129
5.52377 -0.93168   4.72699 0.686739
5.52377 -0.93168   3.19904 0.873989
5.52377 -0.93168   8.22552 0.960477
8.58048 -8.03791   9.9237 -5.76381
8.58048 -8.03791   9.86169 -8.96375
8.58048 -8.03791   9.96804 -8.62
8.58048 -8.03791   9.9356 -9.50575
8.58048 -8.03791   8.59916 -8.21631
9.86622 -6.55779   9.98428 -5.89668
8.50356 -7.74396   9.9033 -5.91801
6.83206 -9.95858   9.9856 -5.68992
4.15536 0.555055   9.86461 -5.68685
4.15536 0.555055   4.00173 -0.200814
3.57144 -8.48664   9.92672 -5.60937
3.57144 -8.48664   8.4016 -0.763081
3.57144 -8.48664   4.23214 -8.57176
9.87511 -5.68332   5.18243 -9.9017
8.77627 -2.06056   8.99681 -4.67008
8.77627 -2.06056   9.9533 -1.18727
8.55965 -7.4195   8.90999 -4.96146
8.55965 -7.4195   9.98788 -7.90748
8.90999 -4.96146   8.98839 -4.95485
8.90999 -4.96146   9.17631 -4.59605
8.07161 -6.98947   9.92519 -6.19638
7.91209 -6.87425   8.44602 -6.33548
8.19307 -6.71253   8.22726 -9.9429
8.19307 -6.71253   7.62292 1.55105
2.81405 -9.67038   8.00346 -6.96588
2.81405 -9.67038   3.17535 -9.91321
2.81405 -9.67038   2.24241 -9.84548
2.81405 -9.67038   2.4519 -9.9805
6.61576 -9.47135   7.99522 -6.81235
6.61576 -9.47135   7.12548 -7.88156
4.2681 -0.429005   8.3144 -6.92192
9.87245 -3.49665   9.84203 -3.26421
9.9446 -4.11501   2.03515 3.89209
9.90373 -3.81451   8.56947 -6.50884
9.90373 -3.81451   5.06611 -9.8865
9.28295 -2.68592   9.98604 -3.73062
9.28295 -2.68592   9.95102 -3.51165
9.28295 -2.68592   9.88557 -1.67178
9.28295 -2.68592   9.87158 -3.08269
9.28295 -2.68592   1.26433 -6.78953
9.28295 -2.68592   5.91475 -8.59709
9.28295 -2.68592   9.22298 -8.06344
9.28295 -2.68592   5.99126 -1.46576
9.86186 -3.66201   8.43205 -1.6519
7.17694 -0.878117   9.97471 -3.71669
7.17694 -0.878117   9.90345 0.442376
7.17694 -0.878117   3.50739 2.03313
7.17694 -0.878117   4.29528 -0.661771
7.17694 -0.878117   6.34304 -0.19065
7.17694 -0.878117   6.36712 1.41898
7.17694 -0.878117   7.01706 0.89918
7.17694 -0.878117   4.93522 -1.98955
7.17694 -0.878117   6.07865 -1.93667
7.17694 -0.878117   4.79578 -1.45685
5.01663 -8.4803   9.97874 -3.70266
5.01663 -8.4803   1.90134 -6.31624
5.01663 -8.4803   2.01835 -8.0911
5.64389 3.09076   9.89064 -3.63893
9.55075 -4.21812   9.92314 -4.21312
9.55075 -4.21812   9.90459 -4.29655
9.93682 -4.20681   9.99777 -4.32159
9.93682 -4.20681   7.24841 -0.495591
5.40347 -1.41342   9.94115 -4.22199
5.40347 -1.41342   4.6794 -1.49848
9.73281 -3.76033   9.71161 -3.93724
9.73281 -3.76033   6.21263 -9.93663
9.84203 -3.26421   9.46321 -3.88479
9.99152 -3.25431   9.09433 -6.449
7.86576 -7.92058   9.87198 -6.11307
9.87198 -6.11307   9.7532 -3.09579
9.49061 -6.92153   8.52141 -5.71628
9.49061 -6.92153   3.08006 -9.98597
9.49061 -6.92153   9.56831 -7.70726
9.49061 -6.92153   9.70147 -7.61914
9.63809 -6.18451   9.99932 -6.42288
9.63809 -6.18451   9.99025 -7.66189
9.06068 -1.21017   8.94713 -5.95137
9.06068 -1.21017   9.92038 -0.0669899
9.06068 -1.21017   8.02409 -0.892808
9.86117 -6.1532   1.80363 -6.91874
8.44602 -6.33548   5.1267 0.845746
8.68112 -9.83413   9.64628 -6.01003
8.68112 -9.83413   4.26071 -7.65211
9.85444 -6.8723   8.84402 -6.09755
7.56188 -9.86698   8.87135 -6.18241
7.56188 -9.86698   7.6446 -9.98937
8.87135 -6.18241   8.48668 -6.64163
9.92519 -6.19638   9.98809 -6.24957
9.18449 -7.53179   9.18304 -6.00874
6.78999 -8.26439   9.98481 -6.19769
6.78999 -8.26439   9.90858 -8.01134
8.06451 -1.42082   9.91759 -1.82801
8.06451 -1.42082   8.45544 -0.598561
9.78984 -1.8754   9.40825 -1.43583
9.78984 -1.8754   9.90398 -2.04516
9.92413 -2.17638   9.99764 -1.97786
9.71856 -1.49768   9.8671 -1.66998
9.71856 -1.49768   8.52197 -1.50722
9.4934 -1.94705   9.73083 -1.69073
9.4934 -1.94705   5.63009 -1.93364
9.73083 -1.69073   9.92038 -1.49242
9.73083 -1.69073   4.76964 -1.74969
9.68117 -1.08016   9.96933 -1.42879
9.68117 -1.08016   9.95858 -1.80214
9.68117 -1.08016   9.97237 -1.7201
9.68117 -1.08016   9.78631 -2.06656
9.68117 -1.08016   9.84125 -1.01476
8.95226 -1.16387   9.99079 -1.52513
8.95226 -1.16387   9.83467 -1.01283
8.59585 -1.74468   9.95501 -1.49869
8.59585 -1.74468   9.8462 -1.21542
8.59585 -1.74468   8.43839 -1.67726
4.42613 -0.339508   9.85511 -1.78783
4.42613 -0.339508   4.20048 -0.545647
4.42613 -0.339508   4.27594 -0.196328
9.85511 -1.78783   5.67606 2.09384
8.1176 -0.356736   9.94213 -1.8461
8.1176 -0.356736   6.0399 1.06529
8.1176 -0.356736   8.23828 -0.221149
8.1176 -0.356736   6.84339 -1.03861
8.30655 -1.65947   9.85467 -1.58244
8.30655 -1.65947   5.17385 0.882863
8.63066 -0.655213   9.80764 -1.62097
2.68638 1.19962   9.83154 -1.73117
2.68638 1.19962   5.9473 2.85433
3.63635 3.76886   9.82672 -1.3733
6.45678 1.43088   9.85254 -1.44525
6.45678 1.43088   5.21456 0.417045
5.43583 0.44464   9.92108 -1.57288
8.45544 -0.598561   9.99661 -1.88801
8.45544 -0.598561   8.95226 -1.16387
8.45544 -0.598561   9.96258 -0.718098
8.45544 -0.598561   7.88342 -1.64336
8.45544 -0.598561   7.38023 1.29897
9.72657 -2.40522   9.99445 -1.41339
9.72657 -2.40522   6.00384 0.244891
9.87146 -0.132022   9.58723 -1.3717
6.96171 0.0357239   9.84794 -1.40577
7.88342 -1.64336   9.88529 -1.68455
9.16076 -1.34867   9.96982 -1.85604
8.35101 -1.93629   9.84864 -2.42588
8.35101 -1.93629   9.87553 -0.613848
8.35101 -1.93629   7.08295 -1.52916
9.78631 -2.06656   9.95503 -2.18059
9.78631 -2.06656   4.18134 3.92744
9.78631 -2.06656   8.18694 1.44273
9.95503 -2.18059   9.85625 -2.17588
9.30055 -1.68177   9.82666 -2.51919
9.30055 -1.68177   9.90765 -1.98727
9.30055 -1.68177   1.96106 3.75315
5.82305 3.45055   9.90922 -2.3474
9.85519 -2.19219   9.98965 -2.37122
3.01734 0.864266   9.868 -2.18989
4.88904 -0.911665   9.86642 -2.37508
9.27608 -0.973108   9.4934 -1.94705
9.27608 -0.973108   9.21699 -0.374511
3.50436 4.90045   9.64598 -2.27868
3.50436 4.90045   1.93142 2.12336
3.50436 4.90045   2.94069 0.636167
5.00733 -0.0701076   9.83337 -2.12915
9.40963 -0.636655   9.91963 -0.485407
9.01696 -0.635222   8.64303 -0.524946
9.15814 -0.969801   8.91049 -1.01942
8.90673 -1.92743   9.16076 -1.34867
8.90673 -1.92743   5.63102 0.672586
8.14995 -1.91417   9.40878 -1.09224
8.14995 -1.91417   9.97787 -0.979644
8.14995 -1.91417   7.74047 1.34786
8.97864 -2.28951   9.56877 -2.5701
8.98319 -1.73807   4.43075 -0.850596
8.98319 -1.73807   5.29485 -0.90625
7.77719 -1.4932   8.94689 -1.54007
7.77719 -1.4932   7.573 -1.34662
7.77719 -1.4932   8.03736 -1.55817
9.41366 -2.14428   8.68028 -2.50652
8.89398 -0.147879   9.09715 -2.35636
8.00208 -8.49226   8.90673 -1.92743
9.01114 -2.47102   9.86004 -2.69817
9.38939 -2.31569   9.29247 -2.56691
9.38939 -2.31569   9.91729 -2.63304
6.36693 -0.117902   9.92376 -1.11439
6.36693 -0.117902   5.59168 0.335145
6.36693 -0.117902   7.78928 -0.734506
6.36693 -0.117902   6.8065 -0.869459
6.36693 -0.117902   5.46634 -1.18252
6.36693 -0.117902   5.44365 -1.97306
9.94351 -1.12117   9.3361 0.492046
9.94819 -1.30022   8.72539 -0.97397
8.22552 0.960477   9.95547 -1.07907
8.22552 0.960477   7.86007 0.93448
8.39385 0.376222   9.9832 -1.31371
8.41649 -1.85831   9.84275 -1.06006
8.50861 -1.0896   9.83143 -1.10427
8.50861 -1.0896   8.58056 -1.01439
9.61764 -1.05879   9.80996 -1.18018
7.84436 0.507649   9.96304 -1.30107
7.84436 0.507649   8.67282 0.434136
7.42623 2.13633   9.95162 -1.37373
9.36978 -0.291398   9.9029 -1.0905
9.36978 -0.291398   7.94715 -7.40727
9.72236 -0.766447   9.86581 -0.803242
9.72236 -0.766447   8.35172 1.37735
3.50739 2.03313   9.82491 -0.772145
3.50739 2.03313   2.93419 2.19478
3.50739 2.03313   3.44529 0.992502
3.50739 2.03313   2.73608 0.719185
8.85891 0.595491   9.98636 -0.700915
8.97968 0.277205   9.96425 -0.67069
8.97968 0.277205   9.93902 -0.356351
9.61398 -0.986722   1.64037 3.29541
9.66113 -9.78536   9.65196 -1.04244
9.66113 -9.78536   9.76593 -9.95523
8.50755 1.15367   9.92939 -0.866318
8.50755 1.15367   5.60275 0.856093
8.50755 1.15367   8.4513 0.322798
5.15652 -1.51612   9.96849 -0.894773
5.15652 -1.51612   5.4729 2.12559
5.15652 -1.51612   5.21738 -1.41188
5.15652 -1.51612   4.78466 -1.567
4.8705 2.95606   9.84597 -0.861507
4.8705 2.95606   3.16985 0.084449
4.8705 2.95606   4.90189 0.284475
4.8705 2.95606   5.57576 2.98436
6.11353 -1.72772   9.82791 -0.885056
6.11353 -1.72772   4.60836 -2.39908
5.52855 1.89929   9.94828 -0.866136
9.84798 0.560533   9.95143 0.395242
9.84798 0.560533   9.95896 0.466913
5.9674 2.34541   9.92501 0.432416
5.9674 2.34541   4.8705 2.95606
5.9674 2.34541   3.8212 4.44787
5.9674 2.34541   4.44697 -2.05523
9.92501 0.432416   9.11784 -0.300566
9.11784 -0.300566   9.98637 0.48584
9.11784 -0.300566   8.39078 -1.36215
9.6457 0.419992   9.08485 -0.396995
9.6457 0.419992   8.63363 -1.56556
9.6457 0.419992   4.56214 3.4963
8.7953 0.573908   9.94848 0.716931
6.60831 0.386289   9.89103 0.375206
6.60831 0.386289   6.25384 0.638728
6.60831 0.386289   4.68891 -2.05096
9.10917 0.0426017   9.96899 0.740831
2.88729 2.51646   9.82962 0.31685
8.32918 0.508762   9.989 0.469092
8.32918 0.508762   9.05151 -0.268529
8.32918 0.508762   8.0819 -0.831581
8.32918 0.508762   6.56721 1.05357
8.32918 0.508762   4.84346 -3.11257
9.91177 -0.542276   8.98706 -0.261807
9.4348 -0.463907   7.7987 -1.68107
8.76007 -0.521347   8.89398 -0.147879
8.76007 -0.521347   8.58661 -0.478477
9.99067 -7.3003   9.29951 0.14847
9.21699 -0.374511   8.71986 1.40106
9.33351 0.0199342   9.93588 0.0396666
9.28591 1.01283   9.14974 -0.00179585
9.63304 -0.467925   9.94564 -0.320088
8.11733 0.832504   9.82864 -0.386593
8.11733 0.832504   5.19501 2.47364
8.03885 1.25624   9.84602 -0.526049
4.33791 -0.599961   9.90022 -0.294736
6.76394 2.09799   9.88492 -0.555271
8.63864 -1.12409   9.97018 -0.373018
2.92235 1.15592   9.87464 -0.324257
8.59916 -8.21631   9.7364 -0.573937
8.59916 -8.21631   8.50074 -8.03949
8.59916 -8.21631   8.20269 -7.97109
8.67282 0.434136   9.81223 -0.342146
9.96387 -0.0566465   4.39071 -0.617945
5.18941 -3.04691   9.84502 0.119704
5.18941 -3.04691   4.64389 -2.21852
5.18941 -3.04691   5.57767 -2.50366
9.84502 0.119704   6.03088 -2.20508
9.94042 -0.181334   7.30011 -1.50939
8.36245 0.837307   9.96122 0.0745195
9.80921 0.0241075   7.55055 -0.947182
8.51531 -0.194163   9.87146 -0.132022
7.68029 -0.853182   9.87625 0.0125208
7.68029 -0.853182   7.64125 1.31186
6.1903 -1.25487   9.87702 0.0640301
2.82988 2.55528   9.87602 0.17434
2.82988 2.55528   0.369472 0.590745
2.82988 2.55528   -0.424289 1.5386
7.94193 -0.198705   9.83574 -0.272615
2.32072 2.20046   9.63578 0.10116
8.7206 -1.45954   8.7953 0.573908
7.79291 -0.384987   8.23874 -1.40248
7.79291 -0.384987   6.45748 -0.0462711
7.79291 -0.384987   7.87667 -0.00826305
4.1561 1.46565   8.71703 -1.95178
4.1561 1.46565   5.8928 -0.694192
8.71703 -1.95178   5.32909 -0.483154
8.49319 -1.75229   4.56163 1.53482
9.64521 -7.47923   8.21472 -1.46474
9.64521 -7.47923   4.8259 -2.64708
8.87325 -1.75625   8.76857 -2.15381
8.87325 -1.75625   6.72475 1.42706
8.20768 -1.43756   8.69752 0.824026
8.13546 -0.980626   6.82354 -0.475843
7.1631 0.674702   8.63864 -1.12409
4.11046 -0.154003   8.3975 -1.02991
8.3975 -1.02991   5.1796 0.265073
6.81974 -0.84413   8.49689 -1.78678
6.26583 3.36724   8.61616 -1.8304
4.69758 -1.22013   8.19426 -1.21985
5.33069 0.700254   7.1798 -1.52832
7.74978 -1.85954   7.5999 -1.69593
8.8217 -2.63027   7.44247 -1.64017
2.9431 3.80234   7.63813 -1.76911
6.86131 -0.59845   7.90997 -0.91485
6.86131 -0.59845   6.76188 -0.687703
6.86131 -0.59845   4.86527 -2.12117
8.0819 -0.831581   6.07223 0.651559
8.11537 -0.0393849   8.84738 -0.670465
8.11537 -0.0393849   4.76081 -0.868683
8.05632 -2.04124   4.9338 0.463925
8.05275 -1.8828   4.80308 -2.24525
7.83661 -1.89264   6.2011 0.914224
7.83661 -1.89264   6.82513 -0.980084
8.50749 -2.17415   6.97727 1.26505
9.17137 -6.94784   8.11837 -1.67782
9.17137 -6.94784   9.98889 -2.96669
5.84592 -2.21937   8.21878 -2.0211
5.84592 -2.21937   4.88502 -2.39548
8.21878 -2.0211   9.98051 -2.99698
8.21878 -2.0211   8.5631 -8.5577
8.79827 -2.38532   6.71887 0.377326
9.28324 -2.86617   8.6776 -2.25909
6.50395 2.26567   8.0799 -1.65598
7.7987 -1.68107   8.80275 -2.49069
3.1107 4.41616   8.12531 -2.16061
9.88874 -2.81451   9.99484 -2.88069
9.90095 -3.24329   9.96808 -3.20159
9.94154 -2.86549   7.12461 1.14905
9.7532 -3.09579   3.2296 -9.88018
5.58943 1.19895   9.87546 -3.09518
5.58943 1.19895   6.00509 1.95101
9.87546 -3.09518   4.99501 -2.86568
3.91026 2.22401   9.89603 -2.8593
9.61772 -3.04789   9.81182 -3.03396
9.44818 -2.79332   9.96761 -3.07869
7.43739 -0.66834   9.28324 -2.86617
7.43739 -0.66834   3.99108 0.374073
6.50591 -1.34709   8.8217 -2.63027
9.98537 -3.45186   6.74854 0.0380774
7.19094 -0.737474   9.91609 -3.37244
7.19094 -0.737474   5.95562 0.731697
7.19094 -0.737474   6.66852 0.297986
7.19094 -0.737474   6.84602 0.0112941
5.27522 -9.31231   9.96317 -3.36349
9.96317 -3.36349   9.99483 -3.23102
9.94551 -2.61879   7.31324 0.0753202
9.56877 -2.5701   3.6321 0.870316
7.24841 -0.495591   9.87961 -2.70199
7.24841 -0.495591   6.3407 0.17536
7.24841 -0.495591   1.08029 1.52216
7.24841 -0.495591   6.72092 -1.05853
7.24841 -0.495591   6.27024 -1.55707
2.1529 -7.31269   1.87271 -6.22125
2.1529 -7.31269   3.18179 -9.03443
8.0142 -7.82921   1.96024 -7.43124
8.0142 -7.82921   8.54894 -9.94109
8.0142 -7.82921   8.62718 -9.93449
8.0142 -7.82921   8.91718 -8.67543
1.60403 -6.50526   4.50729 -9.45287
1.86204 -6.35705   1.54978 -6.72225
1.54978 -6.72225   1.37036 -6.71127
1.54978 -6.72225   1.38921 -6.72871
1.54978 -6.72225   1.63348 -6.50448
2.74053 -8.48935   1.4346 -6.53227
2.74053 -8.48935   3.05516 -9.94653
6.1485 -9.48711   1.22902 -6.72381
6.1485 -9.48711   9.91068 -7.13617
6.1485 -9.48711   5.47216 -9.98332
3.62352 -8.64381   1.62295 -6.55942
4.47684 -8.05655   1.46187 -6.67322
4.47684 -8.05655   3.79801 -8.30365
4.47684 -8.05655   4.74743 -8.2658
1.79121 -7.74499   1.23051 -6.7046
1.79121 -7.74499   4.06481 -9.98344
1.79121 -7.74499   7.30614 -7.98113
1.73564 -6.36077   1.54149 -6.51685
2.5697 -7.55107   1.43248 -6.55353
1.65441 -9.82485   1.65639 -7.76782
1.65441 -9.82485   3.39852 -7.52043
2.09461 -8.4994   1.84615 -7.69631
2.09461 -8.4994   1.7106 -7.57446
1.8155 -5.81352   1.80175 -7.52691
1.8155 -5.81352   1.74907 -5.87277
1.8155 -5.81352   1.77182 -5.88413
2.95109 -7.50615   1.29881 -7.3639
2.54338 -7.3827   2.54227 -7.20163
2.67184 -7.74978   2.56465 -6.71125
2.96561 -7.8503   2.95109 -7.50615
2.96561 -7.8503   3.21679 -7.26037
2.96561 -7.8503   3.40498 -8.62785
4.83251 -9.99077   2.53179 -7.79671
2.68533 -7.1358   2.2286 -6.05987
2.68533 -7.1358   3.11102 -9.95813
2.68533 -7.1358   6.3404 -9.95705
2.98485 -7.47101   3.36579 -9.96654
4.51591 -9.85864   3.04948 -7.38298
3.21679 -7.26037   2.55588 -6.77475
3.49862 -7.00709   2.1135 -8.98884
3.23735 -6.9176   2.19883 -9.82115
4.658 -8.12474   3.43707 -7.36763
3.32044 -9.21579   2.96561 -7.8503
3.32044 -9.21579   4.17439 -9.92821
3.32044 -9.21579   2.84514 -9.99555
3.57489 -7.81829   3.04002 -7.86289
3.57489 -7.81829   4.80064 -9.88785
3.57489 -7.81829   3.931 -9.93758
3.57489 -7.81829   2.70017 -9.96911
3.04002 -7.86289   3.21295 -7.78757
2.83091 -7.96719   2.4574 -9.87828
3.21295 -7.78757   3.65543 -8.32316
3.71169 -9.1433   1.83694 -6.25362
3.71169 -9.1433   3.85067 -9.89174
3.71169 -9.1433   3.57187 -8.14022
4.63795 -8.71143   1.8208 -6.06556
4.63795 -8.71143   3.07809 -9.9381
2.14498 -6.35046   1.86679 -6.09201
2.14498 -6.35046   2.1802 -5.99048
2.02274 -6.24237   2.0136 -6.07864
2.39264 -7.86145   1.7787 -6.16462
1.57234 -6.29001   1.45918 -6.32713
1.57234 -6.29001   1.64272 -6.36419
1.75046 -6.23829   1.57234 -6.29001
2.46252 -6.54864   1.87708 -5.90365
3.78684 -8.40897   1.60261 -6.44233
4.75834 -9.66013   1.89388 -6.31526
4.75834 -9.66013   4.51837 -9.98715
4.75834 -9.66013   2.18357 -8.82384
4.75834 -9.66013   9.95303 -8.60772
1.89388 -6.31526   2.56604 -6.33804
2.50472 -6.56201   5.50902 -9.95815
2.1802 -5.99048   2.11138 -5.86464
1.95533 -8.07037   4.44171 -9.91019
1.6033 -8.34963   2.09461 -8.4994
3.6838 -9.98766   2.60852 -8.0448
1.73823 -7.92119   3.33307 -9.55605
2.18397 -8.61299   1.99393 -8.45489
1.60501 -8.09658   3.57239 -9.2769
2.49335 -9.15258   1.91319 -8.59374
2.49335 -9.15258   2.42274 -9.69404
2.49335 -9.15258   3.52327 -8.07895
1.76183 -8.05429   1.54554 -9.55748
5.04757 -9.90752   5.22016 -9.96027
4.39456 -9.87155   4.23629 -9.98825
4.36739 -9.95036   4.45727 -9.76616
4.45727 -9.76616   4.48989 -9.93078
4.45727 -9.76616   4.34471 -9.9223
4.45727 -9.76616   8.93084 -9.32539
7.0092 -8.07757   4.24232 -9.99534
7.0092 -8.07757   6.99116 -7.81455
4.21986 -8.92152   4.26242 -9.98758
3.61308 -9.03903   4.24486 -9.83281
5.3963 -9.80628   5.15818 -9.98878
5.3963 -9.80628   5.51126 -9.99995
5.3963 -9.80628   5.44844 -9.99933
5.3963 -9.80628   5.40558 -9.91394
5.3963 -9.80628   5.35738 -9.95891
5.3963 -9.80628   8.44179 -8.86207
9.88225 -9.36589   4.97689 -9.87066
9.88225 -9.36589   9.47142 -9.9333
9.88225 -9.36589   9.97655 -9.49747
9.88225 -9.36589   9.9464 -9.33004
9.88225 -9.36589   9.99538 -9.6573
5.24663 -9.91837   5.12575 -9.78587
5.12575 -9.78587   5.20211 -9.97989
4.92152 -9.87841   4.75001 -9.9394
2.42961 -9.97726   4.6048 -9.88406
4.6048 -9.88406   2.59131 -9.44641
3.61504 -9.47289   4.7755 -9.9917
4.0368 -8.68754   4.8203 -9.96821
7.47685 -9.11353   4.90963 -9.98449
7.47685 -9.11353   5.41709 -9.13678
1.55439 -8.76572   3.71764 -9.28251
4.08767 -9.2532   6.50614 -9.98597
4.45668 -9.19052   1.36508 -9.97598
4.45668 -9.19052   3.32355 -8.62566
4.45668 -9.19052   3.44594 -8.92364
5.58472 -8.86593   4.59647 -9.2961
5.58472 -8.86593   6.73671 -8.68874
4.01627 -8.99485   3.78812 -9.93468
4.01627 -8.99485   7.16247 -9.66768
3.45328 -9.8968   3.64186 -9.95016
3.57239 -9.2769   3.75663 -9.99089
3.25498 -8.2609   3.99755 -9.9478
5.41709 -9.13678   3.64251 -9.94452
3.22488 -9.87297   2.68729 -9.9956
3.21541 -9.07211   3.31328 -9.92439
5.93358 -9.86769   3.31319 -9.82785
5.93358 -9.86769   3.96718 -9.13245
2.62059 -8.88088   3.01726 -9.98716
2.62059 -8.88088   9.37169 0.377784
2.59131 -9.44641   3.3755 -9.95811
3.2897 -9.18612   3.3509 -9.85332
3.2897 -9.18612   2.38955 -8.74514
6.64708 -8.9518   3.41302 -9.50478
6.64708 -8.9518   5.83415 -9.98258
6.64708 -8.9518   8.19386 -8.24839
2.14659 -8.99272   3.12597 -9.92428
2.94014 -9.4434   3.22041 -9.90077
2.88005 -9.94269   3.04542 -9.9849
2.22091 -9.86005   2.71577 -9.98948
2.69933 -9.88147   2.30383 -9.94887
1.97752 -9.70266   2.20776 -9.92765
1.97752 -9.70266   1.79662 -9.90249
2.42274 -9.69404   3.59166 -8.47335
3.27252 -9.03763   2.75903 -9.93518
5.63251 -8.81872   2.88195 -9.57173
5.63251 -8.81872   5.30127 -8.5044
5.63251 -8.81872   5.58472 -8.86593
5.63251 -8.81872   7.08503 -8.83068
7.38885 -8.7905   2.88853 -9.97124
3.6581 -7.9248   2.91405 -9.8819
3.19278 -8.72083   2.7837 -9.9993
1.7414 -9.98355   1.97625 -9.27346
2.0606 -9.39763   2.13442 -9.31739
1.64912 -9.09877   1.49504 -9.82748
2.13442 -9.31739   1.59334 -9.21104
2.13442 -9.31739   2.04919 -9.9713
2.13442 -9.31739   1.65973 -9.98146
2.13442 -9.31739   1.87053 -9.9548
2.13442 -9.31739   4.26177 -8.93012
2.13442 -9.31739   5.27522 -9.31231
3.32355 -8.62566   1.48189 -9.14441
2.28527 -8.65429   1.49111 -8.81716
2.28527 -8.65429   2.18397 -8.61299
1.4494 -9.82037   1.25469 -9.98105
1.4494 -9.82037   1.95469 -9.99422
1.55577 -9.90067   1.73698 -9.96799
1.35611 -9.95192   1.53621 -9.97725
1.38905 -9.93851   7.87313 -7.53101
1.41749 -9.8251   1.34113 -9.9922
1.41749 -9.8251   1.27575 -9.98598
1.6503 -9.56487   2.0488 -9.98862
1.6503 -9.56487   1.91007 -9.47106
4.19198 -8.21088   1.30056 -9.79755
9.83457 -8.36471   1.58332 -9.7141
9.83457 -8.36471   9.98522 -8.52997
1.51053 -9.86895   1.59126 -9.99287
2.00167 -9.88998   1.84994 -9.99471
1.90048 -9.90015   1.97752 -9.70266
2.10648 -9.5769   3.46564 -8.57054
1.75061 -9.97838   3.35403 -8.75882
1.90144 -9.8094   1.78803 -9.96897
7.37116 -7.45162   2.28527 -8.65429
2.49175 -8.89907   4.74133 -8.03903
3.91563 -8.60409   4.82523 -8.82186
5.7244 -9.65772   3.77124 -8.60029
5.7244 -9.65772   5.73186 -9.94605
5.7244 -9.65772   5.61929 -9.80969
5.7244 -9.65772   5.63639 -9.98145
5.7244 -9.65772   6.33835 -8.79207
3.32076 -8.09977   4.56321 -8.30419
4.61464 -9.04893   3.50351 -7.54266
5.28867 -9.00017   5.01663 -8.4803
5.28867 -9.00017   5.36257 -8.85736
4.96348 -8.69258   9.83457 -8.36471
6.72364 -8.01364   4.50713 -8.41165
4.82523 -8.82186   5.90451 -9.90169
4.26071 -7.65211   6.40222 0.0270253
5.75491 -1.22735   4.1359 -7.96104
5.75491 -1.22735   5.92425 -1.05404
5.75491 -1.22735   4.80879 -2.26798
4.1359 -7.96104   4.47684 -8.05655
4.1359 -7.96104   8.50739 -9.25541
9.92702 -6.39574   9.97628 -6.22261
9.57495 -7.84884   9.96541 -7.62252
9.57495 -7.84884   9.95828 -8.03975
9.57495 -7.84884   9.18713 -9.95974
9.57495 -7.84884   9.41974 -9.86597
9.57495 -7.84884   7.58999 0.742432
9.90858 -8.01134   8.89323 -9.87821
8.20304 -8.74461   9.19345 -7.57284
8.20304 -8.74461   9.92158 -7.53602
8.20304 -8.74461   6.884 -9.99326
8.20304 -8.74461   8.53469 -9.97016
8.20304 -8.74461   8.48947 -9.92212
8.20304 -8.74461   8.45297 -9.87851
8.20304 -8.74461   7.84283 -9.88269
8.20304 -8.74461   8.24202 -9.9276
8.20304 -8.74461   8.39137 -8.73723
9.19345 -7.57284   9.9184 -7.96942
9.19345 -7.57284   8.58048 -8.03791
9.50468 -7.52992   9.18449 -7.53179
9.13299 -8.09208   9.7469 -7.77838
9.86872 -8.04952   9.96785 -7.98645
9.86872 -8.04952   9.94441 -8.1033
9.07447 -7.57949   6.8463 -9.97031
9.89703 -7.34542   9.3009 -7.3166
6.70995 -9.84361   9.95489 -6.62812
6.70995 -9.84361   6.83206 -9.95858
6.70995 -9.84361   6.76324 -9.93505
7.83717 -8.46646   9.60742 -6.72913
7.83717 -8.46646   5.78397 -9.92583
6.33835 -8.79207   9.89841 -6.29037
8.9739 -7.22285   9.56844 -7.14138
8.9739 -7.22285   9.0213 -9.96757
8.9739 -7.22285   9.0132 -9.99455
8.9739 -7.22285   4.88904 -0.911665
8.38687 -6.99465   8.66511 -6.9145
8.38687 -6.99465   5.77382 -2.22899
5.13101 -1.00832   8.79802 -6.86684
5.13101 -1.00832   6.4211 3.0009
5.13101 -1.00832   4.83306 -1.86416
8.95664 -7.30312   9.93686 -7.25343
9.9969 -7.1535   4.97494 -2.79403
7.80324 -8.08923   9.97405 -6.96184
7.80324 -8.08923   9.93711 -7.88562
7.80324 -8.08923   7.68279 -8.02404
8.47678 -9.84091   9.9651 -7.89049
8.47678 -9.84091   8.38136 -9.93369
8.47678 -9.84091   9.96228 -9.38331
8.47678 -9.84091   9.76583 -9.77176
9.9651 -7.89049   9.39194 -7.16406
9.93911 -7.81358   9.59834 -7.37029
5.76079 -8.30932   9.85418 -7.78922
9.96964 -7.42219   9.50302 -9.93886
9.66516 -8.70921   9.97411 -7.52299
9.66516 -8.70921   8.50009 -9.95136
9.66516 -8.70921   9.83753 -8.68929
9.66516 -8.70921   8.87691 -9.86293
8.51909 -8.75079   9.94727 -7.33894
8.51909 -8.75079   8.50592 -9.91373
9.85791 -8.89788   9.79301 -7.34582
5.74933 -9.69804   5.64624 -9.99075
6.35365 -9.80658   6.0288 -9.97599
5.78397 -9.92583   5.96234 -9.98199
6.59382 -9.56705   5.70648 -9.95711
6.59382 -9.56705   7.3452 -9.96273
6.59382 -9.56705   6.34863 -9.14888
6.59382 -9.56705   9.06515 -9.12319
6.38437 -8.90745   5.70367 -9.83308
9.47326 -9.89266   5.91303 -9.13336
7.12451 -8.06738   5.32197 -9.92734
7.12451 -8.06738   8.00358 -9.95812
8.31642 -9.61964   7.57564 -9.97136
8.31642 -9.61964   8.29463 -9.81644
8.31642 -9.61964   8.06665 -9.94427
8.31642 -9.61964   7.1721 -8.083
8.31642 -9.61964   8.38804 -7.59338
8.31642 -9.61964   7.65049 -9.83996
7.15092 -9.90118   6.98821 -9.99498
7.71178 -7.8101   7.33217 -9.9204
7.28624 -9.89993   9.68704 -9.32793
6.28355 -9.74096   7.19684 -9.98594
8.19735 -9.48147   7.08071 -9.99116
8.19735 -9.48147   9.9939 -8.86724
8.19735 -9.48147   9.85069 -8.25994
8.19735 -9.48147   9.95763 -8.15923
8.19735 -9.48147   8.7782 -9.94164
8.19735 -9.48147   6.11589 -7.98255
8.19735 -9.48147   7.60386 -9.88461
8.19735 -9.48147   5.54994 -0.000951495
7.16247 -9.66768   6.99396 -9.89829
7.16247 -9.66768   6.5913 -9.98121
7.45608 -9.68908   7.26467 -9.87421
5.36257 -8.85736   5.38316 -9.0246
5.69856 -8.45857   7.05724 -9.41447
5.92983 -8.69751   9.83194 -9.67599
6.63911 -9.52347   6.92693 -9.95956
6.63911 -9.52347   6.82054 -9.17253
8.38804 -7.59338   6.78857 -9.91173
8.38804 -7.59338   9.51422 -9.84399
6.8463 -9.97031   9.35012 -9.99992
7.05724 -9.41447   6.69166 -9.97168
6.10323 -9.93205   7.62514 -9.35972
6.65145 -9.02125   6.36809 -9.97132
8.44179 -8.86207   6.07251 -9.95591
8.44179 -8.86207   9.51159 -9.99546
7.83617 -8.71844   8.44446 -9.88519
8.44446 -9.88519   8.20401 -7.66357
7.6446 -9.98937   6.80024 -8.5333
7.65049 -9.83996   7.8237 -9.93991
7.65049 -9.83996   8.01008 -9.86353
7.65049 -9.83996   6.79433 -8.91651
8.12719 -9.65666   7.69607 -9.96188
8.12719 -9.65666   8.47243 -9.55088
8.13692 -9.43403   8.24329 -9.93051
8.13692 -9.43403   9.85975 -9.45859
8.06665 -9.94427   7.55009 -9.23628
8.22509 -8.03162   8.15112 -9.96461
8.22509 -8.03162   7.28855 -8.90909
9.99378 -8.50282   8.63046 -7.28631
9.88115 -8.73464   9.99962 -8.78194
8.40944 -7.42013   9.92938 -8.90304
9.27933 -9.18627   9.86249 -8.61069
9.27933 -9.18627   9.85791 -8.89788
9.27933 -9.18627   9.06419 -9.98825
9.27933 -9.18627   9.04892 -9.96708
9.27933 -9.18627   9.90523 -9.51641
9.27933 -9.18627   9.98168 -9.59411
9.27933 -9.18627   8.88713 -9.32292
8.91718 -8.67543   9.99657 -8.90848
8.91718 -8.67543   8.99649 -8.61002
9.99657 -8.90848   9.93645 -9.91561
9.18003 -8.878   9.99953 -8.82438
8.69513 -9.04774   9.66516 -8.70921
8.69513 -9.04774   8.69558 -9.637
9.39107 -8.13966   9.94637 -8.40912
9.39107 -8.13966   9.1999 -8.06109
9.39107 -8.13966   9.93206 -9.18624
9.39107 -8.13966   9.07804 -7.82512
8.07655 -7.79673   9.88516 -8.71541
9.88516 -8.71541   9.99974 -8.05052
9.06515 -9.12319   9.8757 -8.66567
9.5363 -8.32331   9.8102 -8.92416
9.22298 -8.06344   9.34611 -8.98283
8.73157 -7.56332   9.95768 -8.01709
9.68704 -9.32793   9.45659 -9.8663
8.7782 -9.94164   8.93505 -9.97468
9.55334 -8.82956   9.47326 -9.89266
9.34611 -8.98283   9.26641 -9.92015
9.34611 -8.98283   6.47169 -8.16022
9.97855 -9.14198   9.73255 -9.99346
9.88273 -9.14444   7.75327 -9.6794
9.96228 -9.38331   4.89973 -2.70478
9.986 -9.02592   9.03553 -9.32753
9.76583 -9.77176   9.95358 -9.66659
9.97486 -9.74238   9.99483 -9.66797
9.67791 -9.93702   9.84879 -9.81033
9.52079 -9.49411   9.81138 -9.89137
9.52079 -9.49411   9.69571 -9.61316
9.52079 -9.49411   8.07655 -7.79673
7.14267 -8.08155   9.6849 -9.97111
7.4035 -8.83563   9.61638 -9.54055
8.96235 -8.55088   9.04367 -8.51692
8.96235 -8.55088   4.71187 -2.48986
8.93084 -9.32539   6.80726 -8.08109
9.03553 -9.32753   8.76843 -9.88474
7.48787 -9.09879   7.4035 -8.83563
7.48787 -9.09879   7.61621 -9.91342
7.76417 -9.52317   7.10369 -8.47936
7.71165 -7.32903   7.47685 -9.11353
8.39137 -8.73723   8.92792 -8.00825
7.75327 -9.6794   7.76417 -9.52317
8.03777 -8.31911   7.97004 -8.32764
2.49585 1.62045   4.57863 4.21365
2.49585 1.62045   5.29377 -0.0794274
2.49585 1.62045   4.58675 -1.11783
4.22095 1.52614   6.33212 0.492554
4.22095 1.52614   3.04518 0.299007
4.22095 1.52614   3.21889 0.540233
4.22095 1.52614   2.04842 0.594419
4.68496 -0.38616   3.79823 2.77858
4.68496 -0.38616   4.28496 -0.810489
4.68496 -0.38616   6.36489 -0.997037
4.68496 -0.38616   4.35828 -0.8678
4.68496 -0.38616   4.55334 -1.34711
4.30109 -1.07377   3.57085 1.63733
2.20205 0.473474   4.28488 1.59894
2.20205 0.473474   4.1561 1.46565
2.20205 0.473474   3.79325 0.816409
2.20205 0.473474   2.07853 1.55281
2.20205 0.473474   2.60121 0.810662
2.20205 0.473474   8.76825 1.19842
2.20205 0.473474   0.66979 1.934
3.85495 1.66695   5.17426 2.21061
4.01554 1.95715   2.63657 0.46593
3.96446 0.489681   4.36755 1.56219
3.96446 0.489681   6.16714 1.86793
3.96446 0.489681   3.06761 0.14789
3.96446 0.489681   4.65313 -0.801499
6.6487 2.48092   4.21432 1.72564
4.21432 1.72564   3.91711 2.60905
4.72642 2.32235   3.45595 1.53086
4.72642 2.32235   1.7165 2.52103
6.84339 -1.03861   3.89873 1.2779
6.84339 -1.03861   0.638369 1.61885
3.81993 0.566672   3.68949 1.18499
3.81993 0.566672   7.0092 3.00634
4.9882 0.607378   4.01267 1.43579
4.9882 0.607378   2.73876 2.94745
4.9882 0.607378   4.42613 -0.339508
4.9882 0.607378   -0.161489 1.19784
4.01267 1.43579   1.22609 2.75093
3.54166 1.39736   3.96735 0.820787
2.42149 3.85523   4.21107 1.57953
1.86483 0.706571   4.91466 2.98838
1.86483 0.706571   2.94943 2.07239
1.86483 0.706571   5.41677 2.6134
4.91466 2.98838   5.40974 -0.321837
4.91466 2.98838   2.45928 0.732479
5.32114 2.97537   6.1587 0.351591
4.84173 2.505   -0.372142 2.06171
-0.14594 0.0428512   5.03899 3.03729
-0.14594 0.0428512   -0.651638 -0.0361012
-0.14594 0.0428512   -0.616692 -0.0584545
-0.14594 0.0428512   0.424701 1.19322
3.91493 5.4929   4.7626 2.7276
5.37125 1.5366   4.56484 2.81433
5.33281 3.0944   5.38218 3.31849
7.11079 -0.684281   4.67095 2.52558
3.92019 3.06094   3.71071 2.92278
3.92019 3.06094   5.2165 3.5272
3.92019 3.06094   3.55045 0.00662021
3.92019 3.06094   5.64365 1.01222
3.68865 3.84675   4.30791 2.23446
2.7884 0.459675   4.35389 3.03024
2.37967 1.12122   3.48282 2.05391
3.69963 0.897775   3.99623 2.66319
3.69963 0.897775   3.10992 0.301931
3.69963 0.897775   2.99701 0.369693
4.07141 2.29711   5.17886 1.44225
3.65692 2.10623   4.38412 2.77714
4.44268 2.33611   2.76059 0.476729
4.30702 2.39811   5.62757 1.44545
4.38412 2.77714   3.78842 4.24759
4.38412 2.77714   2.37129 2.78887
1.99926 4.02301   3.77147 2.89672
1.99926 4.02301   3.43645 3.67606
3.05625 2.47549   4.15776 2.79846
3.05625 2.47549   3.07326 2.26604
4.74237 -1.88143   4.20729 2.51
4.55551 1.78597   4.09236 2.15829
4.55551 1.78597   7.65515 -0.333748
2.78684 1.47266   4.30644 2.44925
2.78684 1.47266   2.27943 1.41231
2.76122 3.68831   3.9508 2.69941
6.57321 -0.00238458   4.03866 3.13785
6.57321 -0.00238458   6.2386 0.560261
3.36959 0.839305   5.04094 1.71835
3.36959 0.839305   3.57547 -0.320295
3.36959 0.839305   1.72611 0.616197
5.04094 1.71835   0.826363 0.701072
2.55522 1.56491   4.55238 2.15706
2.55522 1.56491   1.18437 0.757607
2.55522 1.56491   0.796802 0.691431
4.80458 1.55831   3.40693 0.173443
4.80458 1.55831   3.02413 0.423769
5.38457 -2.41283   5.0373 1.96682
5.0373 1.96682   5.0303 2.08173
-0.630245 0.400644   5.02016 2.20401
-0.630245 0.400644   5.14037 1.75208
5.41677 2.6134   4.94641 2.01128
5.41677 2.6134   4.70231 -0.447208
0.488547 2.35666   4.60882 2.22768
2.51233 3.00951   4.94321 1.57362
-0.617388 -0.129834   3.43021 5.16529
-0.617388 -0.129834   2.23028 3.33504
-0.617388 -0.129834   3.68822 3.91989
-0.617388 -0.129834   1.28675 2.42123
-0.617388 -0.129834   -0.0399765 0.342262
-0.617388 -0.129834   0.722655 0.88435
3.30922 4.62763   3.22941 4.96588
3.30922 4.62763   3.70663 5.17703
3.30922 4.62763   5.63413 2.17525
3.30922 4.62763   7.01371 -0.655905
1.08029 1.52216   3.51373 5.02391
1.08029 1.52216   6.90302 0.143508
-0.680688 0.166899   3.38178 4.67669
-0.680688 0.166899   -0.648546 -0.225512
-0.680688 0.166899   -0.160545 0.0748621
-0.680688 0.166899   -0.541113 -0.189006
-0.680688 0.166899   -0.346162 0.038787
-0.680688 0.166899   -0.225677 0.274323
-0.680688 0.166899   0.767965 2.9621
-0.680688 0.166899   0.40494 1.89332
3.34309 4.21956   3.79573 5.1911
3.34309 4.21956   3.09646 3.68489
3.34309 4.21956   4.07892 3.75528
3.34309 4.21956   -0.264519 1.32448
3.78842 4.24759   3.2383 4.76715
3.48747 4.68684   2.98728 1.33983
3.60151 4.68313   3.70869 4.59079
9.37169 0.377784   3.8066 5.14617
1.74555 1.85083   3.73974 4.88687
1.74555 1.85083   2.47204 3.19343
1.74555 1.85083   -0.131074 0.980216
3.27473 3.82108   3.13866 3.79311
6.56721 1.05357   3.25537 3.90594
6.56721 1.05357   6.70629 0.91606
6.56721 1.05357   7.17694 -0.878117
3.24714 4.0441   6.35132 -0.391642
3.30198 4.39268   2.8061 3.2108
1.32783 1.97603   3.2596 3.93876
0.559751 0.269533   3.83254 4.30493
0.559751 0.269533   5.96526 1.51316
0.559751 0.269533   2.20542 0.757193
0.559751 0.269533   -0.680688 0.166899
0.559751 0.269533   0.446722 0.412802
0.559751 0.269533   0.467378 0.352764
0.559751 0.269533   0.562585 0.261915
0.946895 3.12917   4.18099 4.68921
0.946895 3.12917   -0.520871 1.30184
2.60121 0.810662   4.13858 5.0131
4.02851 4.3994   3.14777 0.436608
3.70869 4.59079   4.40067 3.8028
5.41057 1.64254   4.46526 4.9564
7.08348 2.09952   3.83644 4.4338
3.13866 3.79311   2.73873 4.56072
3.13866 3.79311   5.69519 -2.55752
-0.424289 1.5386   3.27549 4.42646
3.03687 4.3974   7.32121 1.76287
2.9099 4.15518   5.47427 -0.798295
0.457908 1.00631   3.16451 4.57241
3.06241 3.25956   3.1498 4.44265
2.88383 3.18358   2.30689 2.37023
2.88383 3.18358   3.5054 3.77856
2.95299 3.22004   8.85891 0.595491
3.07355 3.70861   0.375423 1.27538
2.56096 3.84109   2.92254 3.73427
5.57195 2.44716   2.79012 3.54519
2.43784 4.1704   1.73543 3.36822
3.3776 3.78592   2.77416 4.04228
0.871205 0.916245   2.28411 4.18636
2.57409 4.12487   0.137417 0.983202
2.52379 3.30628   3.2587 0.112966
3.4588 3.15783   6.36693 -0.117902
3.48037 3.2587   4.27067 3.83159
3.48037 3.2587   0.729731 1.17159
1.49716 2.5488   3.22449 3.08383
3.25919 3.12829   1.90455 0.782176
3.29295 1.57596   4.21856 0.0282115
3.29295 1.57596   3.88661 -0.302652
3.29295 1.57596   3.52276 0.695073
3.14045 2.13274   1.19844 3.3569
3.00174 2.27836   3.42338 2.15866
3.00174 2.27836   1.68739 0.824487
5.00082 1.23731   3.33 2.37255
5.00082 1.23731   5.25519 0.725932
5.00082 1.23731   6.4996 0.475989
5.00082 1.23731   6.30193 2.33743
5.00082 1.23731   5.02118 1.28646
5.00082 1.23731   4.41449 -1.05879
3.11226 1.49467   3.25502 1.97254
3.11226 1.49467   3.67182 0.081831
3.11226 1.49467   2.59708 0.702544
2.0176 2.60563   3.30756 1.47898
3.44259 0.0772592   3.32597 2.34713
3.44259 0.0772592   3.69963 0.897775
2.69496 0.667159   3.22152 2.00248
2.93529 1.9498   4.73667 0.937472
2.41367 2.04466   3.17766 1.77697
2.41367 2.04466   0.873783 0.829496
3.25502 1.97254   1.87409 3.93741
1.4955 3.18488   1.18194 1.97589
2.23028 3.33504   3.00174 2.27836
2.23028 3.33504   2.4158 0.536538
2.08898 3.11033   1.98188 2.96215
2.08898 3.11033   1.78567 3.26048
2.08898 3.11033   -0.391742 0.58948
2.08898 3.11033   0.62788 2.83892
2.29126 3.45375   3.3776 3.78592
2.18426 3.19255   7.22697 2.09411
3.84772 4.09753   1.96349 3.12321
1.78567 3.26048   5.83712 -0.217605
2.61192 3.08824   1.7385 0.955384
3.1827 0.559927   2.6382 3.09903
2.77918 2.0032   2.20682 0.521119
2.69518 1.97767   2.37746 0.800831
3.52276 0.695073   2.6745 2.04632
3.52276 0.695073   4.10509 -0.599132
3.52276 0.695073   6.85359 0.723241
2.06473 2.52076   6.12471 3.41283
2.06473 2.52076   2.18841 0.577402
2.9999 2.63492   2.09835 2.89628
2.9999 2.63492   3.35777 2.53259
2.9999 2.63492   -0.386566 0.305956
3.68822 3.91989   2.18518 2.42883
3.60203 0.922166   2.23539 2.89778
2.23539 2.89778   -0.411048 1.63488
2.2247 2.81395   -0.60042 1.93907
2.37129 2.78887   2.54072 2.45745
2.05249 2.78147   4.65016 3.9566
2.10324 1.83052   2.02 2.69769
2.7423 0.410814   2.14685 2.68469
2.7423 0.410814   8.32918 0.508762
2.11937 2.84278   1.08183 1.35274
3.06675 2.68987   1.41088 0.718994
6.60714 1.97141   3.33944 2.47335
6.60714 1.97141   6.52709 2.28006
2.15904 0.477017   2.69724 2.96253
2.69724 2.96253   2.96553 3.0043
0.961398 1.56174   2.6962 2.80712
0.961398 1.56174   0.803868 0.959262
2.90441 2.98378   -0.361189 1.91835
1.04198 1.6104   3.99573 3.54684
1.04198 1.6104   0.872819 1.69527
1.04198 1.6104   -0.10854 1.29681
4.26895 3.35681   4.34029 3.73198
4.26895 3.35681   6.29201 3.469
4.26895 3.35681   3.43043 0.689126
4.41862 4.28918   4.24531 4.25411
6.90045 0.682197   4.10603 4.32293
6.90045 0.682197   5.37471 4.09805
5.55311 3.81889   2.69098 0.745189
5.10377 1.06574   5.26865 4.09454
2.92359 0.236729   4.53447 4.42307
2.92359 0.236729   3.01675 0.33817
4.31541 4.36252   5.15077 3.623
4.31541 4.36252   2.02631 0.737885
4.31541 4.36252   7.28315 0.27527
4.31541 4.36252   0.976282 1.73421
6.79035 2.08046   4.61084 4.83768
5.62954 3.01667   4.82176 4.75713
8.26571 1.26734   5.14922 3.61114
5.1189 3.2161   4.67588 -0.909504
4.7841 4.08289   1.89267 0.841786
4.72705 3.23677   4.79189 3.82678
5.23626 3.81552   6.54937 2.4702
4.56214 3.4963   6.33246 1.28289
7.95852 2.31291   5.03609 3.39645
2.66203 1.17336   4.64875 3.3991
2.66203 1.17336   1.76842 0.677878
2.66203 1.17336   1.04198 1.6104
3.86742 -0.225455   5.73287 -2.23114
6.79493 1.64504   4.02639 -0.414673
6.79493 1.64504   4.37548 -0.783503
4.73409 -0.313441   4.00748 -0.778106
4.73409 -0.313441   5.3965 0.578441
4.57512 -1.24623   3.69781 -0.0874978
7.12883 2.82427   3.96286 -0.203888
5.59059 -0.0931167   4.00599 -0.255966
5.59059 -0.0931167   5.02823 1.16345
5.59059 -0.0931167   8.39385 0.376222
5.59059 -0.0931167   6.12855 -0.731019
5.59059 -0.0931167   5.76013 -2.03915
4.20048 -0.545647   4.7379 -1.26976
5.7224 0.991881   4.00156 -0.438482
5.7224 0.991881   6.57561 2.14629
3.99108 0.374073   3.67633 0.110955
3.99108 0.374073   3.28827 0.35363
4.62158 0.426109   3.58119 -0.213814
4.62158 0.426109   3.97365 -0.590899
5.75582 1.09862   4.09467 -0.484012
4.064 -0.0215415   3.85571 -0.395704
4.064 -0.0215415   4.72481 -0.973416
6.41797 2.15203   4.25238 -0.415176
6.41797 2.15203   6.50395 2.26567
6.2011 0.914224   3.87756 -0.234875
6.2011 0.914224   5.32562 0.654899
6.2011 0.914224   8.00987 0.63057
4.41658 0.013578   3.75183 -0.250643
4.41658 0.013578   3.574 -0.0969577
4.41658 0.013578   5.01859 -2.78205
4.41658 0.013578   5.58382 -1.72518
4.90463 -1.06038   3.87285 -0.240411
4.90463 -1.06038   6.86131 -0.59845
4.90463 -1.06038   5.6757 -1.80542
5.64365 1.01222   4.21408 -0.540607
5.64365 1.01222   5.7224 0.991881
7.30581 0.472571   3.9414 -0.101338
3.12436 -0.109522   3.0732 -0.0977048
3.22099 0.0200229   3.28379 -0.111319
3.22099 0.0200229   5.65152 0.271175
3.22099 0.0200229   2.85359 0.365338
3.28379 -0.111319   3.51176 -0.103481
3.28379 -0.111319   3.96446 0.489681
3.16985 0.084449   6.75857 1.68174
3.42446 -0.117503   4.12704 0.590028
3.35059 -0.0080793   3.15995 -0.039759
3.42697 0.316313   3.36068 0.264984
3.42697 0.316313   3.53902 0.062536
3.42697 0.316313   6.0304 3.41766
2.85498 0.491378   3.23465 0.186418
5.83257 0.715535   3.53587 0.26471
2.14666 1.68596   3.30374 0.0454927
2.14666 1.68596   1.64001 2.06165
6.00509 1.95101   3.65579 0.09502
4.97035 -0.320162   3.54249 0.118627
4.48156 -0.35604   8.88605 1.29241
4.48156 -0.35604   4.62946 -1.42977
0.154029 1.4733   4.70185 -0.490188
0.154029 1.4733   0.339314 1.66708
4.37548 -0.783503   4.3719 -0.913636
4.59629 -2.18957   5.71375 0.259406
5.12642 0.0475466   6.66266 0.823245
8.75903 1.23826   5.59059 -0.0931167
6.81262 2.10085   5.43583 0.44464
5.40974 -0.321837   5.59052 -0.659359
0.342692 1.22219   5.68852 0.213409
0.342692 1.22219   4.27986 0.29529
0.342692 1.22219   1.08645 0.972081
6.4577 -1.35286   5.93124 -0.0689279
6.4577 -1.35286   6.61339 0.964927
5.21456 0.417045   5.29014 -0.0903299
5.33845 0.20935   4.40505 -0.883467
5.97406 -0.899365   5.73187 -0.450053
5.44609 2.40311   5.71605 -0.440875
6.6173 -1.71564   5.00733 -0.0701076
5.93343 -0.376978   3.41185 1.16595
6.48805 1.74423   6.09005 -0.156008
3.90271 0.741084   3.94956 0.849174
3.90271 0.741084   6.81369 2.76264
3.41334 0.398059   6.35922 0.554439
3.94956 0.849174   3.31115 1.06427
3.94956 0.849174   7.60396 0.478363
3.41185 1.16595   3.90677 0.678735
4.72699 0.686739   4.82985 0.807185
2.58635 1.36395   4.9882 0.607378
2.58635 1.36395   2.73741 1.39298
4.27986 0.29529   4.33136 0.802884
4.27986 0.29529   4.25355 -0.856715
4.95729 0.612673   5.58485 0.722382
4.95729 0.612673   5.10377 1.06574
4.80887 0.940916   4.89462 0.340367
5.95562 0.731697   4.42303 0.464877
5.95562 0.731697   7.09886 -0.804246
6.11973 0.27538   6.08328 0.250631
6.11973 0.27538   5.43588 0.568655
6.11973 0.27538   4.9896 -1.21875
5.95867 0.688143   2.85498 0.491378
5.95867 0.688143   7.4907 2.03426
6.4996 0.475989   4.63316 -1.04954
6.63029 0.295414   6.60831 0.386289
6.63029 0.295414   7.41551 0.0615751
6.50716 0.819616   5.49 1.19269
5.97095 0.582841   -0.318558 1.56616
5.65993 1.14895   5.90826 0.95471
5.65993 1.14895   3.20348 0.380111
5.65993 1.14895   7.94934 0.473833
6.35922 0.554439   8.1059 0.206469
5.41379 0.623133   2.80791 0.5716
5.67737 0.365507   4.50129 -0.859852
7.32121 1.76287   5.55955 0.450999
7.32121 1.76287   6.21315 -1.94157
5.55955 0.450999   6.80168 2.51566
6.23986 2.46666   5.78408 1.15639
6.45748 -0.0462711   6.18064 -0.966422
5.03491 -1.0847   6.23946 -0.152869
6.23946 -0.152869   9.70645 0.620583
6.70732 1.23905   4.92151 -2.09532
6.70629 0.91606   8.51531 -0.194163
6.01822 1.31681   7.09199 -0.191454
6.2666 1.16401   5.78362 1.43226
6.5298 3.08942   5.85484 3.69481
6.5298 3.08942   6.92298 1.19551
5.26735 1.50558   5.61587 2.98466
7.16868 0.144241   5.82732 2.91795
7.39285 1.10058   5.9707 2.96
7.39285 1.10058   6.69584 1.5513
7.39285 1.10058   7.24455 1.2137
6.38619 3.24785   0.399437 2.42798
5.4729 2.12559   6.41206 3.24452
6.62301 1.93873   6.69567 1.68779
1.50077 1.29211   6.62725 2.42539
1.50077 1.29211   -0.365066 1.25282
6.60175 1.89867   6.12672 1.58838
7.00771 2.51387   9.87467 0.725847
6.85995 1.57342   3.27074 0.294205
6.85995 1.57342   6.95316 1.15494
6.52709 2.28006   6.64434 2.52209
6.42605 1.55118   6.49094 1.73816
7.12564 2.65568   7.13091 2.72842
5.69294 2.33336   7.33546 1.6515
6.00939 2.09902   5.55083 1.84054
6.00939 2.09902   2.96029 0.463439
5.84914 2.5733   3.03168 1.38781
5.67606 2.09384   5.57195 2.44716
5.95739 1.79421   5.41003 2.34209
6.85359 0.723241   5.30048 2.11171
5.98288 1.9775   6.23986 2.46666
5.98288 1.9775   6.12141 -1.44743
6.11041 1.43253   9.25995 0.560951
6.24443 -2.21965   6.45678 1.43088
6.24443 -2.21965   4.71781 -2.69474
5.64622 -1.04408   5.96752 1.65507
6.48516 2.83936   7.65058 0.0516462
6.4545 2.74895   6.09174 2.45591
4.27137 -1.46138   7.03573 2.77284
4.27137 -1.46138   4.74139 -3.14914
4.27137 -1.46138   4.11694 -1.25365
4.27137 -1.46138   4.16155 -1.39316
4.27137 -1.46138   4.54453 -1.65855
4.27137 -1.46138   4.63211 -1.53483
4.27137 -1.46138   4.61728 -1.62429
6.74112 2.82653   6.66338 -0.340736
5.9473 2.85433   5.11899 1.78098
5.25646 0.954064   5.03491 -1.0847
5.62757 1.44545   7.63076 0.628051
4.50129 -0.859852   5.2295 0.877369
1.85685 2.41074   1.37812 0.728748
2.22642 2.03834   1.99367 0.622704
1.23828 1.98823   1.83072 2.16678
0.878653 1.90356   2.28018 1.81515
1.94621 2.14963   2.53268 0.542857
0.577088 0.492711   2.05281 2.38431
0.577088 0.492711   -0.358119 0.71516
1.25908 3.07422   1.17375 3.22288
0.652845 2.85239   1.31974 2.85487
0.210622 2.63913   1.24246 3.13294
1.54203 2.19337   1.74555 1.85083
1.54203 2.19337   2.26019 0.87923
1.7756 2.35331   6.66153 -0.921007
1.67472 2.12604   3.60919 1.01462
6.8279 -0.181693   1.63862 2.7658
1.63862 2.7658   3.00301 0.474334
1.50126 1.86969   1.87795 0.514611
0.663826 0.627521   2.05783 1.75644
2.05783 1.75644   2.43854 1.54371
2.76116 1.62974   3.13181 0.202973
2.76116 1.62974   2.8836 1.4495
2.76116 1.62974   1.4259 0.694635
3.10992 0.301931   3.10374 0.336888
2.04842 0.594419   2.81338 0.576507
1.14466 1.25836   2.20205 0.473474
2.65014 0.767603   2.59437 0.651368
2.52488 0.705302   1.75867 1.47557
2.20542 0.757193   1.60584 0.40614
1.85638 0.627662   1.87386 0.536616
2.18187 0.979029   2.3838 0.65974
2.18187 0.979029   2.37967 1.12122
2.37746 0.800831   2.3731 0.744998
1.94059 1.26632   2.55726 1.159
2.43854 1.54371   1.86132 1.28932
2.43854 1.54371   0.887262 1.96284
2.2594 0.87563   2.27255 1.05405
2.44143 1.0994   2.46942 0.77248
2.27943 1.41231   -0.102611 1.34048
2.02631 0.737885   1.56259 1.25235
1.65698 1.17431   1.305 0.529782
0.991132 2.05415   1.82177 0.952648
2.70197 0.768549   0.355006 1.93612
3.19904 0.873989   5.25005 -0.842594
6.83673 -0.327186   7.50497 -0.130468
6.72474 -0.352136   8.11537 -0.0393849
8.19437 -0.596625   7.84436 0.507649
7.84845 0.0969859   4.66453 -1.2765
7.84845 0.0969859   4.94226 -1.89825
8.00987 0.63057   7.63945 0.538586
7.65058 0.0516462   7.94193 -0.198705
7.87667 -0.00826305   8.21281 0.147354
7.57741 2.29255   5.79661 -0.754773
5.4725 -1.94406   7.70362 1.26032
5.4725 -1.94406   4.77587 -2.60134
5.4725 -1.94406   4.51677 -1.26811
7.30555 0.523072   4.95304 -1.84501
0.0166523 1.88913   7.22181 0.795383
0.0166523 1.88913   0.303637 1.90879
0.0166523 1.88913   -0.286322 1.49567
6.55143 -0.0921629   7.16258 0.958432
7.93743 1.01487   7.68394 0.756248
7.93743 1.01487   7.07494 -0.0436523
6.96314 -0.896168   4.44901 -1.139
7.06096 -0.554235   7.21427 0.399533
6.97254 -0.138969   6.27612 -1.52177
6.66309 0.0911487   5.39169 -0.999528
7.64125 1.31186   4.6014 -1.37157
9.57777 0.839043   5.87869 -0.61662
8.76825 1.19842   8.75363 1.11261
8.18694 1.44273   9.50216 0.972057
8.14248 1.20945   8.12532 1.85793
8.11482 1.32535   4.7027 -1.06653
-0.0399765 0.342262   -0.445686 0.395236
-0.692691 0.0287203   -0.457226 0.351335
0.276208 0.579735   -0.138651 0.0878708
-0.513485 0.47852   -0.393718 0.210923
-0.496884 0.234554   -0.444605 0.00547042
-0.47896 0.843399   -0.28872 0.289855
-0.636975 0.292121   -0.269548 0.158686
-0.636975 0.292121   -0.45976 -0.126481
-0.636975 0.292121   -0.463481 -0.0108566
-0.636975 0.292121   -0.395463 -0.00303235
-0.339016 0.180912   -0.215491 0.020953
1.14165 0.558853   -0.44408 0.311828
1.14165 0.558853   1.37789 1.23086
-0.419036 0.545099   -0.315647 0.145687
-0.622296 0.442978   -0.270501 0.0832619
-0.746034 -0.29321   -0.801018 -0.399298
-0.746034 -0.29321   -0.693329 -0.0622825
-0.669213 -0.264395   -0.649829 0.153183
-0.602475 -0.23843   -0.154195 0.252287
-0.642306 -0.173266   -0.650377 -0.295355
-0.702226 -0.007334   -0.671152 -0.239701
-0.702226 -0.007334   -0.655022 -0.169461
-0.702226 -0.007334   -0.571328 -0.132132
-0.539605 -0.185601   -0.640951 0.00980199
-0.693329 -0.0622825   -0.510618 -0.128511
-0.632465 0.273454   -0.544795 -0.03375
-0.406164 -0.100606   -0.59903 0.082664
-0.406164 -0.100606   -0.457761 0.773178
0.151998 0.473862   -0.594459 0.0809309
0.767965 2.9621   -0.545777 0.0508116
0.767965 2.9621   0.574541 2.80572
0.291503 0.951132   -0.606965 -0.169318
0.291503 0.951132   0.205796 0.351144
0.291503 0.951132   1.16826 0.980159
-0.395643 0.0161721   -0.534333 0.149315
-0.633186 0.129655   -0.424592 -0.0631114
-0.489989 0.207384   -0.337896 0.146024
-0.611661 0.588585   -0.307168 0.123148
-0.602536 0.995171   -0.321096 0.0492153
-0.624329 0.998216   -0.33641 0.082842
-0.624329 0.998216   0.0507388 0.233997
-0.624329 0.998216   1.30565 0.631511
-0.479211 -0.0712057   -0.406164 -0.100606
-0.616131 0.570756   -0.388066 0.0292508
-0.117947 0.660611   -0.0349636 0.200467
-0.117947 0.660611   0.1685 0.309386
0.0414352 0.742059   -0.131399 1.0021
0.369472 0.590745   0.214122 0.81765
-0.181329 0.936601   -0.531606 0.927719
0.162793 0.587578   0.35034 0.429573
0.173242 0.747658   0.561861 0.469403
0.976282 1.73421   0.137164 0.740121
1.33292 1.88148   -0.176958 0.892881
0.348753 0.489134   0.46073 0.694901
0.348753 0.489134   1.24665 1.12334
-0.550173 0.859827   0.0859564 1.00974
0.1685 0.309386   -0.470748 0.888249
-0.443674 0.648341   -0.103642 0.222483
0.114934 0.174994   -0.499835 0.795853
1.44095 0.672073   -0.42015 0.675434
0.103851 -0.103614   0.285655 0.17617
0.103851 -0.103614   -0.765777 0.930989
-0.765777 0.930989   0.0041967 0.0947605
0.303332 0.481659   0.509251 0.36833
0.687733 0.837176   0.427139 0.391152
0.427139 0.391152   1.3493 1.54666
-0.212584 0.517713   -0.0435242 1.08064
-0.0759639 0.522497   1.29852 0.541671
-0.637669 1.2777   0.0869149 0.265704
-0.467746 1.21424   0.0434532 0.399654
0.0463403 0.375749   0.236128 0.293392
-0.629945 1.11872   0.268889 0.414505
-0.629945 1.11872   0.309277 1.886
0.66979 1.934   1.26494 0.698768
0.66979 1.934   1.38787 0.724003
0.878401 0.93809   0.743366 2.04517
-0.161489 1.19784   1.01459 2.00829
-0.522509 1.89819   0.482699 1.98985
-0.522509 1.89819   0.531439 0.728746
0.410421 1.97758   -0.467746 1.21424
-0.258451 1.34268   0.319795 2.43878
0.722655 0.88435   0.342734 2.22729
0.116791 1.3002   0.647067 2.27687
0.990612 2.15116   -0.452296 1.22163
1.23538 0.541336   1.43358 1.20973
1.10817 1.15555   1.18169 0.597363
1.3493 1.54666   1.44095 0.672073
1.37354 1.39496   1.57927 0.486555
1.37354 1.39496   1.68129 0.376271
1.37354 1.39496   0.559751 0.269533
-0.625216 1.23544   1.33316 0.473307
1.86599 0.338786   -0.43156 1.02076
0.702429 1.21938   0.604236 0.395768
0.671631 0.913565   0.633663 0.854912
0.866572 1.49588   0.766248 0.667654
0.562334 0.946814   0.691867 0.89019
0.801784 1.12332   0.872414 1.21548
0.801784 1.12332   6.49421 -1.35209
0.133731 1.5155   0.65189 1.26553
0.664772 0.570343   0.80021 0.579875
-0.15157 1.44214   0.542472 0.878387
0.80021 0.579875   -0.398569 1.30867
0.88339 0.700545   0.830796 0.473579
0.250179 1.22557   0.805259 0.465028
-0.0806527 1.98551   0.819819 0.511456
-0.0806527 1.98551   -0.512146 1.33621
-0.626157 1.08799   0.935644 0.646501
0.58438 0.409785   -0.632908 1.13096
0.505436 1.29615   1.33811 1.39834
-0.58232 1.1256   -0.0340706 1.73751
-0.622417 1.11349   0.0553875 1.81463
-0.544172 1.55767   -0.592883 1.27006
0.535121 1.79963   -0.593698 1.16785
-0.623181 1.2281   -0.703267 1.51747
0.484998 1.21686   -0.529128 1.31137
-0.333173 1.09424   0.433515 1.15416
0.125873 1.87429   0.0662162 1.90537
4.19427 -0.987921   5.18941 -3.04691
4.65576 -3.44857   4.59298 -3.39481
4.74139 -3.14914   4.49719 -2.69126
5.05797 -3.00134   4.92466 -3.01939
5.05797 -3.00134   4.86346 -2.49092
4.55206 -3.32515   4.46762 -3.23852
5.51581 -2.68863   4.8335 -3.17632
4.46762 -3.23852   5.92002 -2.15856
5.09364 -3.15937   4.75813 -2.93871
5.2692 -2.9442   5.11569 -3.11878
6.7183 -1.80176   4.87941 -2.76854
5.64859 -0.71589   4.93691 -2.27186
5.65682 -0.869225   5.74433 -0.733256
4.99022 -2.32628   6.7351 -1.55651
6.74757 -1.58674   4.33707 -1.13618
5.02082 -2.5843   6.8308 -0.943629
6.8308 -0.943629   4.67334 -1.42683
6.12383 -0.961977   4.90416 -2.34029
4.35828 -0.8678   5.09827 -1.38258
4.56589 -1.29866   4.3827 -1.01632
4.76107 -2.28016   4.59629 -2.18957
4.67135 -2.24864   4.67072 -2.43751
4.53197 -2.3222   4.47044 -2.35132
5.08782 -1.89165   4.66361 -2.34619
4.92101 -2.12055   4.84475 -2.16513
4.47044 -2.35132   4.81437 -2.51766
5.44319 -2.52969   4.92509 -2.53656
5.51187 -2.48596   4.94923 -2.35195
6.03088 -2.20508   4.93571 -2.53235
5.93335 -2.18679   4.74892 -2.44873
5.59814 -2.70561   4.91294 -2.5706
4.81822 -1.86705   5.3399 -2.24847
5.76013 -2.03915   5.13101 -1.00832
5.58382 -1.72518   4.68662 -1.76788
5.7561 -1.95218   5.7571 -1.86391
5.7561 -1.95218   5.4308 -2.17428
6.07865 -1.93667   6.13021 -1.82713
5.00028 -1.39178   4.8276 -1.57237
5.00028 -1.39178   4.76738 -1.79902
-9.9947 -3.95744   -9.42033 -3.41834
-9.95745 -3.79585   -9.67211 -3.81044
-9.67211 -3.81044   -9.6226 -3.94246
-9.91959 -4.33369   -9.67224 -4.19773
-9.91959 -4.33369   -9.77251 -4.40016
-9.91959 -4.33369   -9.56595 -5.08991
-9.67224 -4.19773   -9.96524 -3.8474
-9.67224 -4.19773   -9.98397 -4.54859
-9.77251 -4.40016   -9.97203 -3.63205
-9.30854 -2.85839   -9.11051 -2.74607
-9.30854 -2.85839   -9.89235 -2.73416
-9.30854 -2.85839   -9.95882 -2.86923
-9.63138 -3.0916   -9.39778 -3.06185
-9.63138 -3.0916   -9.94201 -3.18454
-9.39778 -3.06185   -9.95645 -2.70633
-9.39778 -3.06185   -9.9308 -3.44444
-9.52326 -3.24462   -9.9214 -3.16058
-9.52326 -3.24462   -9.86796 -2.98042
-9.52326 -3.24462   -9.97377 -2.85064
-9.92029 -2.88276   -9.57941 -3.28216
-9.95094 -3.63998   -9.48854 -3.35466
-9.84453 -3.63204   -9.9876 -3.10585
-9.83928 -3.16113   -9.95728 -3.11954
-9.83928 -3.16113   -9.97309 -3.47721
-9.67484 -3.0279   -9.63549 -3.02205
-9.56595 -5.08991   -9.97575 -7.55613
-9.38757 -4.92894   -9.48298 -5.10494
-9.38757 -4.92894   -9.36879 -4.99194
-9.85127 -9.08648   -9.0045 -8.92699
-9.85127 -9.08648   -9.84107 -9.40992
-9.85127 -9.08648   -9.84111 -8.35056
-9.0045 -8.92699   -9.86137 -7.96604
-9.0045 -8.92699   -6.96492 -7.35954
-9.0045 -8.92699   -8.39819 -6.8095
-9.05931 -8.94403   -6.98324 -8.97604
-6.8821 -8.69338   -9.21596 -9.04227
-6.8821 -8.69338   -7.78849 -7.30225
-6.8821 -8.69338   -8.97695 -7.32822
-6.8821 -8.69338   -7.45955 -6.70158
-8.73043 -8.86136   -9.51419 -9.92587
-8.73043 -8.86136   -9.84747 -9.80026
-9.45356 -8.20733   -9.2084 -9.52131
-9.45356 -8.20733   -8.99672 -7.10899
-9.2084 -9.52131   -9.98136 -7.73822
-9.2084 -9.52131   -9.98101 -9.11207
-7.26866 -8.41684   -9.06822 -7.93469
-7.26866 -8.41684   -7.0707 -7.86246
-7.26866 -8.41684   -7.27084 -8.90724
-8.39819 -6.8095   -9.15995 -9.38414
-8.39819 -6.8095   -7.23483 -7.64637
-8.39819 -6.8095   -8.39154 -6.68159
-8.39819 -6.8095   -8.87268 -6.49943
-9.15995 -9.38414   -9.19441 -9.50647
-9.15995 -9.38414   -7.62297 -7.02389
-9.19441 -9.50647   -7.33467 -7.77931
-9.90449 -7.78838   -8.08801 -8.55325
-9.90449 -7.78838   -7.72097 -6.43454
-9.85259 -7.87431   -9.94848 -7.74558
-8.9516 -7.77054   -8.61225 -7.11901
-9.39575 -7.85258   -9.30812 -7.47049
-9.39575 -7.85258   -7.24931 -8.67707
-7.86339 -6.70617   -9.10111 -7.38014
-7.86339 -6.70617   -7.8395 -6.55825
-8.27613 -6.51367   -9.99076 -7.73373
-9.46856 -7.83869   -9.87073 -7.63318
-9.79297 -9.87929   -9.94088 -9.70507
-9.79297 -9.87929   -9.90808 -9.74532
-9.94388 -9.39826   -9.99522 -9.51608
-9.94388 -9.39826   -9.77696 -9.94977
-6.93434 -7.86179   -9.87412 -9.39978
-9.45575 -9.90157   -9.58569 -9.99931
-9.85348 -8.7065   -9.56732 -9.96804
-9.56732 -9.96804   -7.04579 -8.54643
-7.17197 -8.03263   -9.56908 -9.89039
-9.56908 -9.89039   -8.25609 -8.20869
-9.95457 -9.15769   -9.53363 -9.95006
-9.85149 -9.85215   -9.78033 -9.98763
-6.95395 -7.48432   -9.72876 -9.92929
-8.94541 -6.40392   -9.77152 -9.97115
-8.94541 -6.40392   -7.94756 -6.20946
-9.71132 -9.60374   -9.98908 -9.8406
-9.53452 -8.83745   -9.85944 -9.91536
-9.53452 -8.83745   -9.86663 -8.60392
-9.53452 -8.83745   -9.98486 -8.81918
-9.53452 -8.83745   -8.79445 -6.68498
-7.47828 -7.08801   -9.99323 -9.76056
-9.87447 -8.11312   -9.67226 -9.66412
-9.8389 -8.63651   -9.96351 -8.61551
-9.84111 -8.35056   -9.98791 -8.21308
-7.13964 -6.76495   -9.96274 -8.17026
-8.30474 -6.48464   -9.99669 -8.29632
-8.08317 -8.54306   -9.93934 -8.33432
-8.08317 -8.54306   -6.9642 -7.71229
-8.29044 -6.26033   -9.90186 -8.04947
-8.29044 -6.26033   -7.86339 -6.70617
-7.06418 -7.41308   -9.92867 -9.10085
-7.06491 -7.66388   -9.48696 -8.71466
-7.06491 -7.66388   -7.49036 -7.32962
-9.46249 -8.32425   -9.51673 -8.7947
-9.46249 -8.32425   -9.85348 -8.7065
-9.06315 -6.19229   -9.53452 -8.83745
-9.06315 -6.19229   -7.4254 -7.94966
-9.51673 -8.7947   -9.99415 -8.92545
-8.43189 -7.94266   -9.47919 -8.74242
-8.43189 -7.94266   -8.20517 -6.72283
-8.43189 -7.94266   -8.86664 -6.23364
-9.92627 -8.42632   -6.78308 -8.55575
-9.92627 -8.42632   -7.9003 -6.28344
-8.79445 -6.68498   -9.94015 -8.56327
-8.79445 -6.68498   -8.66302 -6.71204
-8.0015 -8.29596   -7.02566 -8.15463
-8.68983 -8.16544   -8.76609 -6.2697
-8.68983 -8.16544   -7.17368 -6.67929
-8.25609 -8.20869   -7.25948 -7.93118
-7.23645 -8.0788   -7.56451 -7.93611
-7.56451 -7.93611   -7.19631 -7.75668
-8.87268 -6.49943   -7.36038 -7.93807
-7.6865 -8.25797   -6.86162 -7.37641
-7.9814 -7.91286   -8.94541 -6.40392
-8.7009 -6.48596   -8.05962 -7.83457
-8.11559 -7.1901   -7.46196 -7.69027
-8.99672 -7.10899   -7.63573 -7.82415
-7.62297 -7.02389   -7.22964 -7.35272
-7.62297 -7.02389   -8.11559 -7.1901
-6.86735 -8.25848   -6.76979 -8.17141
-7.24852 -7.87526   -6.88052 -7.957
-7.24852 -7.87526   -6.93434 -7.86179
-7.22767 -8.43055   -6.92425 -8.09255
-7.22767 -8.43055   -7.00687 -8.80762
-7.15394 -7.50698   -6.96808 -7.50793
-7.15394 -7.50698   -6.98085 -7.55557
-8.47157 -6.65942   -7.08386 -7.38421
-6.83516 -7.52297   -6.8691 -7.64367
-7.9003 -6.28344   -8.45683 -7.57872
-7.1009 -8.81268   -6.89364 -9.02641
-7.1009 -8.81268   -6.98866 -8.1891
-7.1009 -8.81268   -6.8821 -8.69338
-7.1009 -8.81268   -7.04884 -8.85749
-7.1009 -8.81268   -7.67169 -6.56996
-6.78651 -8.34435   -7.84324 -6.55482
-8.87503 -6.10142   -6.9077 -8.29132
-8.87503 -6.10142   -9.03603 -5.61288
-8.87503 -6.10142   -8.699 -5.9384
-7.76195 -6.47229   -7.58348 -6.33543
-7.76195 -6.47229   -7.78904 -6.30601
-8.69756 -6.25873   -8.61698 -5.93212
-8.1614 -6.78926   -8.14006 -6.24369
-8.1614 -6.78926   -8.29044 -6.26033
-8.14006 -6.24369   -8.18226 -6.60448
-8.15005 -6.40491   -8.20362 -6.32741
-8.49839 -5.87904   -8.6566 -7.23868
